item_code,item,unit,item_group,item_category,2022-05-01,2022-05-04,2022-05-05,2022-05-06,2022-05-07,2022-05-08,2022-05-09,2022-05-10,2022-05-11,2022-05-12,2022-05-13,2022-05-14,2022-05-15,2022-05-16,2022-05-17,2022-05-18,2022-05-19,2022-05-20,2022-05-21,2022-05-22,2022-05-23,2022-05-24,2022-05-25,2022-05-26,2022-05-27,2022-05-28,2022-05-29,2022-05-30,2022-05-31
1,AYAM BERSIH - STANDARD,1kg,BARANGAN SEGAR,AYAM,0.0,12.0,190.0,212.0,226.0,226.0,202.0,234.0,241.0,238.0,240.0,239.0,1.0,74.0,228.0,239.0,237.0,235.0,222.0,190.0,157.0,205.0,212.0,217.0,219.0,220.0,213.0,190.0,214.0
2,AYAM BERSIH - SUPER,1kg,BARANGAN SEGAR,AYAM,0.0,0.0,25.0,26.0,28.0,27.0,24.0,25.0,25.0,24.0,25.0,25.0,2.0,1.0,24.0,25.0,25.0,23.0,23.0,21.0,19.0,25.0,25.0,25.0,27.0,25.0,24.0,17.0,18.0
3,AYAM HIDUP,1kg,BARANGAN SEGAR,AYAM,0.0,0.0,5.0,5.0,5.0,5.0,2.0,4.0,4.0,4.0,5.0,5.0,0.0,0.0,4.0,4.0,4.0,4.0,4.0,3.0,3.0,4.0,4.0,4.0,4.0,4.0,4.0,1.0,3.0
9,DAGING KAMBING BEBIRI IMPORT BERTULANG (MUTTON) (AUSTRALIA - KOTAK),1kg,BARANGAN SEGAR,DAGING,0.0,0.0,30.0,33.0,34.0,34.0,20.0,32.0,33.0,33.0,32.0,36.0,0.0,4.0,33.0,37.0,36.0,36.0,37.0,36.0,22.0,33.0,36.0,34.0,34.0,36.0,34.0,23.0,33.0
10,DAGING KAMBING BEBIRI IMPORT BERTULANG (MUTTON) (NEW ZEALAND - KOTAK),1kg,BARANGAN SEGAR,DAGING,0.0,1.0,5.0,7.0,7.0,6.0,4.0,6.0,5.0,6.0,5.0,5.0,0.0,2.0,5.0,7.0,7.0,7.0,8.0,6.0,4.0,6.0,7.0,7.0,7.0,8.0,7.0,5.0,7.0
11,DAGING KAMBING BEBIRI IMPORT TANPA TULANG (MUTTON) (TIDAK TERMASUK PAHA - AUSTRALIA),1kg,BARANGAN SEGAR,DAGING,0.0,0.0,12.0,15.0,14.0,14.0,5.0,12.0,12.0,12.0,14.0,16.0,0.0,0.0,14.0,15.0,12.0,13.0,14.0,13.0,7.0,13.0,14.0,13.0,14.0,15.0,15.0,8.0,13.0
12,DAGING KAMBING BEBIRI IMPORT TANPA TULANG (MUTTON) (TIDAK TERMASUK PAHA - NEW ZEALAND),1kg,BARANGAN SEGAR,DAGING,0.0,0.0,2.0,4.0,3.0,3.0,0.0,3.0,4.0,4.0,3.0,3.0,0.0,0.0,3.0,3.0,3.0,3.0,3.0,3.0,0.0,3.0,3.0,3.0,3.0,4.0,4.0,1.0,3.0
14,DAGING KERBAU IMPORT (INDIA) * (TOP SIDE),1kg,BARANGAN SEGAR,DAGING,0.0,2.0,30.0,33.0,39.0,43.0,33.0,44.0,44.0,50.0,51.0,50.0,0.0,9.0,43.0,51.0,52.0,52.0,50.0,49.0,33.0,46.0,46.0,48.0,47.0,48.0,49.0,38.0,47.0
16,BETIK BIASA,1kg,BARANGAN SEGAR,BUAH-BUAHAN,0.0,8.0,119.0,118.0,126.0,123.0,111.0,127.0,127.0,130.0,134.0,135.0,3.0,26.0,129.0,129.0,132.0,136.0,129.0,128.0,105.0,123.0,126.0,122.0,126.0,129.0,124.0,93.0,107.0
18,PISANG BERANGAN,1kg,BARANGAN SEGAR,BUAH-BUAHAN,0.0,10.0,143.0,145.0,149.0,145.0,135.0,152.0,156.0,162.0,169.0,166.0,2.0,48.0,160.0,164.0,166.0,166.0,162.0,159.0,132.0,161.0,168.0,170.0,168.0,166.0,161.0,131.0,146.0
19,PISANG EMAS,1kg,BARANGAN SEGAR,BUAH-BUAHAN,0.0,12.0,82.0,84.0,86.0,84.0,80.0,89.0,93.0,104.0,105.0,105.0,2.0,18.0,95.0,99.0,101.0,102.0,102.0,102.0,81.0,95.0,100.0,101.0,101.0,101.0,99.0,80.0,91.0
20,TEMBIKAI MERAH BERBIJI,1kg,BARANGAN SEGAR,BUAH-BUAHAN,0.0,1.0,28.0,27.0,27.0,27.0,28.0,28.0,29.0,28.0,30.0,29.0,2.0,1.0,26.0,26.0,28.0,28.0,29.0,29.0,28.0,28.0,28.0,27.0,27.0,27.0,27.0,12.0,12.0
21,TEMBIKAI MERAH TANPA BIJI,1kg,BARANGAN SEGAR,BUAH-BUAHAN,0.0,5.0,106.0,111.0,118.0,120.0,104.0,123.0,134.0,135.0,137.0,136.0,0.0,22.0,129.0,134.0,134.0,137.0,137.0,136.0,110.0,133.0,137.0,133.0,141.0,137.0,134.0,101.0,111.0
22,DRAGON FRUIT MERAH,1kg,BARANGAN SEGAR,BUAH-BUAHAN,0.0,2.0,85.0,82.0,87.0,82.0,66.0,78.0,82.0,82.0,83.0,83.0,2.0,22.0,77.0,78.0,83.0,87.0,91.0,90.0,76.0,97.0,103.0,103.0,106.0,105.0,106.0,81.0,92.0
24,TEMBIKAI SUSU,1kg,BARANGAN SEGAR,BUAH-BUAHAN,1.0,3.0,49.0,55.0,57.0,59.0,52.0,61.0,56.0,58.0,61.0,59.0,2.0,3.0,61.0,60.0,61.0,59.0,59.0,60.0,44.0,58.0,61.0,58.0,57.0,56.0,54.0,29.0,34.0
25,NENAS BIASA (JOSAPINE/MORRIS/SARAWAK),1 biji,BARANGAN SEGAR,BUAH-BUAHAN,0.0,19.0,111.0,116.0,125.0,120.0,103.0,119.0,124.0,134.0,135.0,132.0,2.0,33.0,121.0,131.0,135.0,134.0,134.0,132.0,119.0,131.0,135.0,135.0,136.0,137.0,137.0,119.0,124.0
26,ANGGUR HIJAU BERBIJI,1kg,BARANGAN SEGAR,BUAH-BUAHAN,0.0,0.0,1.0,1.0,1.0,1.0,1.0,1.0,1.0,1.0,0.0,0.0,0.0,0.0,0.0,0.0,0.0,0.0,0.0,0.0,0.0,0.0,0.0,0.0,0.0,0.0,0.0,0.0,0.0
27,ANGGUR MERAH BERBIJI,1kg,BARANGAN SEGAR,BUAH-BUAHAN,1.0,0.0,24.0,24.0,25.0,23.0,21.0,23.0,23.0,21.0,22.0,20.0,1.0,1.0,22.0,22.0,22.0,21.0,25.0,24.0,19.0,21.0,21.0,19.0,20.0,23.0,23.0,23.0,21.0
31,LAI KUNING (SAIZ M),1 biji,BARANGAN SEGAR,BUAH-BUAHAN,1.0,0.0,12.0,13.0,14.0,15.0,12.0,17.0,17.0,17.0,16.0,16.0,1.0,0.0,14.0,14.0,15.0,15.0,14.0,13.0,11.0,13.0,13.0,13.0,13.0,12.0,12.0,4.0,4.0
38,JAMBU BATU BERBIJI,1kg,BARANGAN SEGAR,BUAH-BUAHAN,0.0,2.0,63.0,64.0,67.0,62.0,51.0,65.0,75.0,73.0,76.0,71.0,1.0,16.0,65.0,69.0,69.0,71.0,68.0,68.0,57.0,70.0,72.0,70.0,73.0,73.0,73.0,42.0,51.0
39,JAMBU BATU TANPA BIJI,1kg,BARANGAN SEGAR,BUAH-BUAHAN,0.0,3.0,46.0,49.0,51.0,47.0,40.0,48.0,49.0,50.0,51.0,53.0,0.0,20.0,53.0,51.0,54.0,54.0,56.0,55.0,43.0,54.0,58.0,60.0,60.0,63.0,61.0,47.0,53.0
43,IKAN BAWAL HITAM (ANTARA 2 HINGGA 5 EKOR SEKILOGRAM),1kg,BARANGAN SEGAR,BAHAN LAUT,0.0,11.0,140.0,163.0,192.0,194.0,147.0,177.0,187.0,180.0,185.0,189.0,3.0,49.0,176.0,183.0,180.0,183.0,192.0,176.0,150.0,176.0,182.0,184.0,196.0,197.0,199.0,161.0,190.0
47,IKAN CENCARU (ANTARA 4 HINGGA 6 EKOR SEKILOGRAM),1kg,BARANGAN SEGAR,BAHAN LAUT,0.0,13.0,142.0,157.0,186.0,199.0,172.0,196.0,207.0,202.0,214.0,216.0,0.0,71.0,207.0,222.0,226.0,227.0,220.0,210.0,186.0,212.0,211.0,219.0,228.0,227.0,225.0,181.0,207.0
49,IKAN GELAMA (ANTARA 5 HINGGA 10 EKOR SEKILOGRAM),1kg,BARANGAN SEGAR,BAHAN LAUT,0.0,3.0,45.0,53.0,65.0,65.0,48.0,56.0,56.0,48.0,50.0,65.0,0.0,12.0,61.0,72.0,73.0,75.0,75.0,71.0,58.0,62.0,56.0,57.0,62.0,61.0,74.0,50.0,59.0
51,IKAN JENAHAK (b	% 1 KILOGRAM SEEKOR),1kg,BARANGAN SEGAR,BAHAN LAUT,0.0,7.0,32.0,39.0,48.0,51.0,41.0,54.0,57.0,63.0,65.0,71.0,0.0,15.0,60.0,73.0,73.0,77.0,77.0,78.0,58.0,71.0,73.0,68.0,72.0,77.0,70.0,57.0,69.0
52,KEPALA IKAN JENAHAK,1kg,BARANGAN SEGAR,BAHAN LAUT,0.0,5.0,16.0,17.0,18.0,19.0,23.0,27.0,29.0,31.0,34.0,35.0,0.0,10.0,36.0,43.0,45.0,50.0,41.0,34.0,28.0,34.0,35.0,36.0,39.0,42.0,39.0,30.0,34.0
55,IKAN KEMBUNG KECIL/PELALING (ANTARA 10 HINGGA 18 EKOR SEKILOGRAM),1kg,BARANGAN SEGAR,BAHAN LAUT,0.0,10.0,73.0,83.0,74.0,75.0,52.0,68.0,87.0,97.0,115.0,126.0,0.0,29.0,110.0,121.0,132.0,134.0,141.0,117.0,91.0,129.0,146.0,146.0,153.0,141.0,137.0,109.0,118.0
60,IKAN MERAH (b	% 1 KILOGRAM SEEKOR),1kg,BARANGAN SEGAR,BAHAN LAUT,0.0,1.0,53.0,43.0,54.0,62.0,44.0,75.0,84.0,70.0,74.0,80.0,2.0,14.0,85.0,87.0,86.0,90.0,94.0,93.0,56.0,86.0,90.0,89.0,99.0,103.0,99.0,74.0,90.0
64,KEPALA IKAN MERAH,1kg,BARANGAN SEGAR,BAHAN LAUT,0.0,0.0,20.0,17.0,14.0,15.0,16.0,26.0,26.0,22.0,26.0,28.0,0.0,7.0,26.0,28.0,25.0,32.0,40.0,34.0,20.0,34.0,37.0,36.0,40.0,42.0,38.0,36.0,37.0
65,IKAN KERAPU (ANTARA 2 HINGGA 5 EKOR SEKILOGRAM),1kg,BARANGAN SEGAR,BAHAN LAUT,1.0,0.0,21.0,23.0,28.0,27.0,21.0,27.0,24.0,24.0,24.0,27.0,0.0,10.0,26.0,35.0,35.0,39.0,41.0,37.0,20.0,35.0,30.0,34.0,43.0,39.0,29.0,18.0,30.0
66,IKAN PARANG (ANTARA 1 HINGGA 3 EKOR SEKILOGRAM),1kg,BARANGAN SEGAR,BAHAN LAUT,0.0,0.0,14.0,16.0,22.0,19.0,12.0,16.0,11.0,16.0,17.0,19.0,0.0,3.0,24.0,30.0,33.0,33.0,36.0,32.0,27.0,35.0,35.0,31.0,33.0,32.0,36.0,27.0,34.0
68,IKAN PARI (KEPINGAN),1kg,BARANGAN SEGAR,BAHAN LAUT,0.0,3.0,62.0,59.0,85.0,90.0,68.0,87.0,83.0,85.0,93.0,96.0,2.0,19.0,90.0,90.0,94.0,99.0,108.0,103.0,79.0,98.0,104.0,107.0,99.0,101.0,106.0,79.0,92.0
69,IKAN SELAR KUNING (b	% 11 EKOR SEKILOGRAM),1kg,BARANGAN SEGAR,BAHAN LAUT,0.0,0.0,33.0,37.0,35.0,30.0,21.0,30.0,31.0,28.0,29.0,33.0,0.0,12.0,39.0,40.0,48.0,57.0,50.0,47.0,31.0,44.0,47.0,52.0,53.0,60.0,51.0,30.0,42.0
70,IKAN SELAR PELATA (≤ 7 EKOR SEKILOGRAM),1kg,BARANGAN SEGAR,BAHAN LAUT,0.0,1.0,74.0,74.0,99.0,87.0,67.0,76.0,87.0,87.0,91.0,91.0,0.0,20.0,77.0,79.0,80.0,82.0,92.0,82.0,69.0,87.0,82.0,84.0,111.0,113.0,107.0,86.0,102.0
71,IKAN SELAYANG/SARDIN  (≥ 13 EKOR SEKILOGRAM),1kg,BARANGAN SEGAR,BAHAN LAUT,1.0,11.0,124.0,142.0,154.0,162.0,136.0,157.0,181.0,188.0,185.0,188.0,3.0,61.0,170.0,187.0,177.0,177.0,175.0,169.0,131.0,158.0,165.0,161.0,172.0,180.0,179.0,140.0,151.0
73,IKAN SENANGIN (ANTARA 2 HINGGA 8 EKOR SEKILOGRAM),1kg,BARANGAN SEGAR,BAHAN LAUT,0.0,0.0,42.0,39.0,49.0,43.0,29.0,36.0,44.0,40.0,46.0,43.0,0.0,4.0,53.0,65.0,69.0,75.0,81.0,73.0,53.0,78.0,79.0,77.0,76.0,75.0,71.0,49.0,75.0
78,IKAN TAMBAN BELURU (ANTARA 10 HINGGA 19 EKOR SEKILOGRAM),1kg,BARANGAN SEGAR,BAHAN LAUT,0.0,3.0,12.0,14.0,12.0,11.0,13.0,13.0,16.0,13.0,13.0,13.0,0.0,10.0,13.0,19.0,20.0,19.0,18.0,14.0,11.0,15.0,17.0,17.0,25.0,31.0,25.0,24.0,25.0
79,IKAN TENGGIRI PAPAN (ANTARA 1 HINGGA 2 EKOR SEKILOGRAM),1kg,BARANGAN SEGAR,BAHAN LAUT,0.0,0.0,23.0,24.0,31.0,33.0,20.0,27.0,31.0,32.0,27.0,30.0,0.0,2.0,26.0,29.0,29.0,28.0,32.0,34.0,20.0,28.0,27.0,23.0,34.0,33.0,32.0,21.0,34.0
82,IKAN TENGGIRI BATANG (ANTARA 1 HINGGA 2 EKOR SEKILOGRAM),1kg,BARANGAN SEGAR,BAHAN LAUT,0.0,1.0,42.0,44.0,64.0,62.0,35.0,50.0,47.0,43.0,51.0,58.0,1.0,20.0,57.0,56.0,64.0,58.0,59.0,54.0,37.0,57.0,58.0,63.0,70.0,74.0,63.0,40.0,61.0
83,IKAN TONGKOL/AYA/KAYU HITAM (ANTARA 1 HINGGA 2 EKOR SEKILOGRAM),1kg,BARANGAN SEGAR,BAHAN LAUT,1.0,16.0,147.0,156.0,178.0,191.0,161.0,178.0,175.0,182.0,189.0,191.0,2.0,67.0,182.0,180.0,191.0,202.0,191.0,186.0,150.0,177.0,176.0,188.0,187.0,197.0,194.0,145.0,167.0
87,IKAN HARUAN (ANTARA 2 HINGGA 5 EKOR SEKILOGRAM),1kg,BARANGAN SEGAR,IKAN DARAT,0.0,0.0,7.0,7.0,8.0,7.0,7.0,8.0,9.0,11.0,11.0,11.0,0.0,2.0,8.0,6.0,10.0,10.0,9.0,10.0,10.0,9.0,9.0,8.0,9.0,9.0,10.0,8.0,11.0
88,IKAN KELI (ANTARA 2 HINGGA 5 EKOR SEKILOGRAM),1kg,BARANGAN SEGAR,IKAN DARAT,0.0,7.0,81.0,86.0,99.0,108.0,96.0,114.0,121.0,119.0,123.0,120.0,0.0,36.0,117.0,124.0,124.0,126.0,131.0,128.0,102.0,123.0,123.0,128.0,131.0,129.0,129.0,104.0,119.0
89,IKAN TILAPIA HITAM (ANTARA 2 HINGGA 5 EKOR SEKILOGRAM),1kg,BARANGAN SEGAR,IKAN DARAT,0.0,0.0,15.0,16.0,20.0,23.0,14.0,26.0,23.0,25.0,28.0,31.0,0.0,4.0,29.0,27.0,23.0,24.0,22.0,21.0,20.0,25.0,25.0,25.0,28.0,27.0,29.0,22.0,29.0
92,CILI HIJAU,1kg,BARANGAN SEGAR,SAYUR-SAYURAN,0.0,5.0,156.0,165.0,176.0,171.0,145.0,174.0,182.0,181.0,180.0,178.0,2.0,20.0,170.0,175.0,174.0,179.0,179.0,165.0,140.0,181.0,182.0,177.0,178.0,177.0,176.0,142.0,169.0
93,CILI MERAH - KULAI,1kg,BARANGAN SEGAR,SAYUR-SAYURAN,0.0,20.0,177.0,190.0,188.0,190.0,173.0,187.0,185.0,190.0,184.0,183.0,2.0,60.0,185.0,192.0,188.0,188.0,189.0,180.0,155.0,185.0,189.0,190.0,192.0,194.0,188.0,167.0,178.0
94,CILI MERAH - MINYAK,1kg,BARANGAN SEGAR,SAYUR-SAYURAN,0.0,2.0,72.0,77.0,79.0,81.0,71.0,83.0,91.0,87.0,89.0,90.0,1.0,12.0,79.0,88.0,86.0,82.0,85.0,83.0,66.0,81.0,82.0,82.0,80.0,79.0,83.0,60.0,77.0
95,HALIA BASAH (TUA),1kg,BARANGAN SEGAR,SAYUR-SAYURAN,1.0,22.0,263.0,277.0,280.0,276.0,254.0,280.0,277.0,277.0,279.0,277.0,6.0,76.0,266.0,274.0,276.0,279.0,279.0,264.0,231.0,268.0,272.0,268.0,278.0,276.0,270.0,219.0,246.0
96,KACANG BENDI,1kg,BARANGAN SEGAR,SAYUR-SAYURAN,0.0,22.0,222.0,232.0,236.0,234.0,210.0,237.0,243.0,244.0,243.0,242.0,3.0,65.0,228.0,237.0,238.0,235.0,236.0,224.0,194.0,236.0,245.0,246.0,242.0,244.0,238.0,206.0,230.0
97,KACANG BUNCIS,1kg,BARANGAN SEGAR,SAYUR-SAYURAN,0.0,20.0,198.0,216.0,218.0,218.0,192.0,221.0,231.0,234.0,234.0,232.0,6.0,53.0,223.0,230.0,230.0,231.0,229.0,214.0,192.0,222.0,222.0,220.0,222.0,225.0,224.0,184.0,208.0
98,KACANG PANJANG,1kg,BARANGAN SEGAR,SAYUR-SAYURAN,0.0,23.0,212.0,229.0,225.0,220.0,186.0,220.0,225.0,223.0,229.0,225.0,3.0,54.0,218.0,223.0,230.0,222.0,217.0,202.0,177.0,211.0,220.0,222.0,224.0,235.0,228.0,194.0,219.0
101,KELAPA BIJI,1 biji,BARANGAN SEGAR,KELAPA,1.0,4.0,99.0,104.0,104.0,105.0,88.0,103.0,106.0,110.0,111.0,111.0,4.0,24.0,107.0,111.0,113.0,112.0,112.0,106.0,85.0,111.0,110.0,112.0,115.0,114.0,116.0,79.0,97.0
102,KELAPA PARUT,1kg,BARANGAN SEGAR,KELAPA,0.0,16.0,166.0,169.0,175.0,174.0,156.0,178.0,183.0,183.0,183.0,180.0,0.0,57.0,173.0,175.0,178.0,178.0,177.0,171.0,146.0,169.0,171.0,170.0,173.0,173.0,170.0,137.0,157.0
103,SANTAN KELAPA SEGAR (BIASA),1kg,BARANGAN SEGAR,KELAPA,0.0,3.0,98.0,104.0,109.0,106.0,93.0,111.0,118.0,119.0,119.0,117.0,0.0,24.0,114.0,113.0,117.0,118.0,118.0,111.0,91.0,114.0,116.0,115.0,115.0,114.0,109.0,94.0,108.0
104,KUBIS BULAT IMPORT (CHINA),1kg,BARANGAN SEGAR,SAYUR-SAYURAN,0.0,16.0,112.0,120.0,122.0,125.0,110.0,129.0,123.0,125.0,124.0,127.0,1.0,37.0,121.0,126.0,124.0,125.0,123.0,117.0,96.0,121.0,127.0,126.0,125.0,126.0,124.0,105.0,121.0
105,KUBIS BULAT (TEMPATAN),1kg,BARANGAN SEGAR,SAYUR-SAYURAN,0.0,6.0,143.0,151.0,154.0,154.0,135.0,154.0,157.0,163.0,160.0,156.0,4.0,32.0,156.0,159.0,161.0,159.0,162.0,154.0,138.0,159.0,163.0,162.0,164.0,162.0,159.0,116.0,134.0
108,KUNYIT HIDUP,1kg,BARANGAN SEGAR,SAYUR-SAYURAN,0.0,21.0,231.0,247.0,248.0,243.0,222.0,252.0,255.0,258.0,262.0,262.0,3.0,77.0,250.0,260.0,262.0,265.0,265.0,250.0,218.0,257.0,260.0,258.0,261.0,261.0,257.0,215.0,242.0
109,LOBAK MERAH,1kg,BARANGAN SEGAR,SAYUR-SAYURAN,1.0,22.0,243.0,254.0,262.0,256.0,237.0,265.0,267.0,272.0,269.0,270.0,6.0,76.0,263.0,267.0,270.0,275.0,278.0,261.0,238.0,273.0,275.0,277.0,279.0,279.0,276.0,233.0,259.0
112,TERUNG PANJANG,1kg,BARANGAN SEGAR,SAYUR-SAYURAN,0.0,16.0,201.0,220.0,223.0,222.0,201.0,227.0,221.0,223.0,224.0,230.0,3.0,67.0,225.0,230.0,225.0,233.0,230.0,227.0,200.0,224.0,231.0,225.0,230.0,229.0,227.0,192.0,214.0
113,TIMUN,1kg,BARANGAN SEGAR,SAYUR-SAYURAN,0.0,22.0,255.0,267.0,272.0,266.0,244.0,271.0,279.0,281.0,280.0,283.0,6.0,77.0,268.0,283.0,277.0,278.0,280.0,261.0,227.0,267.0,271.0,274.0,274.0,274.0,270.0,223.0,251.0
114,TOMATO,1kg,BARANGAN SEGAR,SAYUR-SAYURAN,1.0,23.0,249.0,267.0,266.0,260.0,235.0,266.0,267.0,270.0,269.0,271.0,5.0,74.0,265.0,275.0,274.0,275.0,270.0,252.0,226.0,265.0,269.0,268.0,273.0,273.0,271.0,222.0,251.0
118,TELUR AYAM GRED A (BERAT 65.0 GM HINGGA 69.9 GM SEBIJI),10 biji,BARANGAN SEGAR,TELUR,0.0,6.0,72.0,75.0,76.0,75.0,60.0,78.0,80.0,80.0,82.0,87.0,0.0,12.0,81.0,88.0,92.0,91.0,93.0,88.0,58.0,83.0,88.0,86.0,88.0,90.0,87.0,67.0,85.0
119,TELUR AYAM GRED B (BERAT 60.0 GM HINGGA 64.9 GM),10 biji,BARANGAN SEGAR,TELUR,0.0,5.0,80.0,80.0,79.0,83.0,63.0,82.0,84.0,84.0,86.0,87.0,0.0,11.0,85.0,91.0,92.0,92.0,93.0,87.0,65.0,88.0,84.0,81.0,86.0,83.0,83.0,64.0,81.0
120,TELUR AYAM GRED C (BERAT 55.0 GM HINGGA 59.9 GM SEBIJI),10 biji,BARANGAN SEGAR,TELUR,0.0,6.0,65.0,62.0,61.0,60.0,49.0,73.0,73.0,76.0,73.0,71.0,1.0,11.0,77.0,78.0,81.0,79.0,82.0,76.0,50.0,74.0,70.0,70.0,68.0,75.0,71.0,52.0,67.0
124,TELUR PUYUH,15 Biji,BARANGAN SEGAR,TELUR,0.0,0.0,45.0,47.0,47.0,46.0,44.0,45.0,51.0,54.0,51.0,51.0,0.0,3.0,51.0,60.0,58.0,59.0,63.0,61.0,46.0,57.0,61.0,58.0,60.0,62.0,59.0,49.0,55.0
125,TELUR ITIK,10 biji,BARANGAN SEGAR,TELUR,0.0,0.0,65.0,66.0,67.0,68.0,59.0,65.0,66.0,69.0,67.0,70.0,0.0,8.0,67.0,68.0,68.0,70.0,68.0,65.0,56.0,68.0,72.0,75.0,77.0,76.0,73.0,66.0,70.0
129,BAWANG BESAR KUNING/HOLLAND,1kg,BARANGAN KERING,BAWANG,1.0,21.0,247.0,253.0,253.0,255.0,224.0,252.0,258.0,262.0,263.0,257.0,6.0,70.0,252.0,259.0,257.0,257.0,255.0,245.0,214.0,253.0,259.0,261.0,263.0,257.0,255.0,207.0,234.0
131,BAWANG KECIL MERAH ROSE IMPORT (INDIA),1kg,BARANGAN KERING,BAWANG,0.0,13.0,144.0,149.0,153.0,155.0,131.0,156.0,166.0,169.0,169.0,162.0,4.0,23.0,159.0,164.0,171.0,171.0,172.0,163.0,135.0,171.0,174.0,173.0,175.0,171.0,171.0,122.0,148.0
132,BAWANG KECIL MERAH IMPORT (THAILAND),1kg,BARANGAN KERING,BAWANG,0.0,11.0,111.0,112.0,115.0,114.0,88.0,107.0,108.0,107.0,111.0,109.0,0.0,15.0,109.0,112.0,114.0,116.0,113.0,111.0,87.0,108.0,113.0,112.0,115.0,114.0,112.0,86.0,104.0
148,IKAN BILIS GRED B (KOPEK),1kg,BARANGAN KERING,HASIL LAUT KERING,1.0,7.0,67.0,67.0,73.0,73.0,61.0,67.0,70.0,70.0,71.0,72.0,3.0,26.0,69.0,73.0,71.0,70.0,72.0,71.0,58.0,64.0,70.0,70.0,69.0,72.0,72.0,48.0,55.0
152,KACANG HIJAU (IMPORT),1kg,BARANGAN KERING,KACANG,0.0,14.0,200.0,206.0,208.0,200.0,181.0,203.0,205.0,205.0,207.0,200.0,2.0,60.0,203.0,209.0,207.0,209.0,206.0,192.0,167.0,201.0,207.0,207.0,209.0,204.0,196.0,164.0,187.0
154,SERBUK KUNYIT (TIDAK BERBUNGKUS),100 g,BARANGAN BERBUNGKUS,REMPAH RATUS (TIDAK BERBUNGKUS),0.0,0.0,0.0,0.0,0.0,4.0,18.0,0.0,0.0,0.0,12.0,2.0,0.0,5.0,0.0,0.0,0.0,1.0,0.0,2.0,16.0,0.0,0.0,0.0,3.0,0.0,2.0,16.0,0.0
155,SERBUK CILI  (TIDAK BERBUNGKUS),100 g,BARANGAN BERBUNGKUS,REMPAH RATUS (TIDAK BERBUNGKUS),0.0,0.0,0.0,0.0,0.0,4.0,15.0,0.0,0.0,0.0,12.0,3.0,0.0,3.0,0.0,0.0,0.0,1.0,0.0,3.0,13.0,0.0,0.0,0.0,3.0,0.0,3.0,13.0,0.0
160,UBI KENTANG RUSSET,1kg,BARANGAN KERING,UBI KENTANG,0.0,0.0,2.0,4.0,4.0,4.0,2.0,2.0,4.0,4.0,2.0,2.0,0.0,0.0,2.0,3.0,4.0,4.0,4.0,5.0,2.0,3.0,2.0,3.0,5.0,5.0,5.0,2.0,4.0
171,KORDIAL SUNQUICK (OREN),840 ml,MINUMAN,BAHAN-BAHAN MINUMAN,0.0,0.0,0.0,0.0,0.0,0.0,0.0,0.0,0.0,0.0,0.0,0.0,0.0,0.0,0.0,0.0,0.0,7.0,0.0,9.0,80.0,0.0,0.0,0.0,0.0,0.0,0.0,0.0,0.0
180,TEH BOH (UNCANG),100 beg,MINUMAN,BAHAN-BAHAN MINUMAN,0.0,0.0,0.0,0.0,0.0,0.0,0.0,0.0,0.0,0.0,0.0,0.0,0.0,0.0,0.0,0.0,0.0,1.0,0.0,0.0,3.0,0.0,0.0,0.0,0.0,0.0,0.0,0.0,0.0
190,SARDIN CAP AYAM (SOS TOMATO),155 g,BARANGAN BERBUNGKUS,IKAN DALAM TIN,0.0,0.0,0.0,0.0,0.0,10.0,83.0,0.0,0.0,0.0,86.0,9.0,0.0,16.0,0.0,0.0,0.0,4.0,0.0,9.0,84.0,0.0,0.0,0.0,2.0,0.0,7.0,83.0,0.0
191,SARDIN CAP AYAM (SOS TOMATO),425 g,BARANGAN BERBUNGKUS,IKAN DALAM TIN,0.0,0.0,0.0,0.0,0.0,7.0,84.0,0.0,0.0,0.0,77.0,8.0,0.0,21.0,0.0,0.0,0.0,6.0,0.0,9.0,87.0,0.0,0.0,0.0,1.0,0.0,9.0,95.0,0.0
192,SARDIN CAP KING CUP (SOS TOMATO),155 g,BARANGAN BERBUNGKUS,IKAN DALAM TIN,0.0,0.0,0.0,0.0,0.0,0.0,50.0,0.0,0.0,0.0,43.0,0.0,0.0,12.0,0.0,0.0,0.0,1.0,0.0,0.0,51.0,0.0,0.0,0.0,2.0,0.0,0.0,50.0,0.0
193,SARDIN CAP KING CUP (SOS TOMATO),425 g,BARANGAN BERBUNGKUS,IKAN DALAM TIN,0.0,0.0,0.0,0.0,0.0,0.0,60.0,0.0,0.0,0.0,53.0,0.0,0.0,12.0,0.0,0.0,0.0,3.0,0.0,0.0,54.0,0.0,0.0,0.0,1.0,0.0,0.0,59.0,0.0
195,MACKAREL CAP AYAM (SOS TOMATO),425 g,BARANGAN BERBUNGKUS,IKAN DALAM TIN,0.0,0.0,0.0,0.0,0.0,6.0,87.0,0.0,0.0,0.0,69.0,3.0,0.0,25.0,0.0,0.0,0.0,10.0,0.0,4.0,80.0,0.0,0.0,0.0,0.0,0.0,5.0,83.0,0.0
197,MACKAREL CAP KING CUP (SOS TOMATO),425 g,BARANGAN BERBUNGKUS,IKAN DALAM TIN,0.0,0.0,0.0,0.0,0.0,0.0,4.0,0.0,0.0,0.0,5.0,1.0,0.0,0.0,0.0,0.0,0.0,0.0,0.0,1.0,3.0,0.0,0.0,0.0,0.0,0.0,0.0,3.0,0.0
201,JEM STRAWBERI LADY'S CHOICE,400 g,BARANGAN BERBUNGKUS,SAPUAN (SPREADS),0.0,0.0,0.0,0.0,0.0,0.0,5.0,0.0,0.0,0.0,5.0,0.0,0.0,2.0,0.0,0.0,0.0,1.0,0.0,0.0,7.0,0.0,0.0,0.0,0.0,0.0,0.0,8.0,0.0
202,SERI KAYA YEO'S,480 g,BARANGAN BERBUNGKUS,SAPUAN (SPREADS),0.0,0.0,0.0,0.0,0.0,1.0,17.0,0.0,0.0,0.0,16.0,0.0,0.0,4.0,0.0,0.0,0.0,2.0,0.0,0.0,18.0,0.0,0.0,0.0,0.0,0.0,0.0,20.0,0.0
203,MAINLAND CHESDALE CHEDDAR CHEESE SPREAD 12 CHEDDAR,250 g,BARANGAN BERBUNGKUS,SAPUAN (SPREADS),0.0,0.0,0.0,0.0,0.0,0.0,3.0,0.0,0.0,0.0,4.0,0.0,0.0,0.0,0.0,0.0,0.0,0.0,0.0,0.0,4.0,0.0,0.0,0.0,0.0,0.0,0.0,4.0,0.0
205,MARJERIN DAISY,480 g,BARANGAN BERBUNGKUS,SAPUAN (SPREADS),0.0,0.0,0.0,0.0,0.0,1.0,13.0,0.0,0.0,0.0,11.0,0.0,0.0,3.0,0.0,0.0,0.0,2.0,0.0,0.0,13.0,0.0,0.0,0.0,0.0,0.0,1.0,14.0,0.0
206,MARJERIN PLANTA,480 g,BARANGAN BERBUNGKUS,SAPUAN (SPREADS),0.0,0.0,0.0,0.0,0.0,4.0,48.0,0.0,0.0,0.0,43.0,4.0,0.0,10.0,0.0,0.0,0.0,7.0,0.0,5.0,39.0,0.0,0.0,0.0,0.0,0.0,5.0,52.0,0.0
212,KICAP TAMIN (DARK SOY SAUCE),330 ml,BARANGAN BERBUNGKUS,KICAP DAN SOS,0.0,0.0,0.0,0.0,0.0,0.0,24.0,0.0,0.0,0.0,29.0,0.0,0.0,0.0,0.0,0.0,0.0,0.0,0.0,0.0,22.0,0.0,0.0,0.0,0.0,0.0,0.0,20.0,0.0
214,KICAP LEMAK MANIS CAP KIPAS UDANG,345ml,BARANGAN BERBUNGKUS,KICAP DAN SOS,0.0,0.0,0.0,0.0,0.0,8.0,136.0,0.0,0.0,0.0,102.0,9.0,0.0,49.0,0.0,0.0,0.0,11.0,0.0,9.0,127.0,0.0,0.0,0.0,0.0,0.0,9.0,136.0,0.0
215,KICAP LEMAK MANIS CAP JALEN,650 ml,BARANGAN BERBUNGKUS,KICAP DAN SOS,0.0,0.0,0.0,0.0,0.0,5.0,59.0,0.0,0.0,0.0,52.0,5.0,0.0,18.0,0.0,0.0,0.0,4.0,0.0,6.0,61.0,0.0,0.0,0.0,0.0,0.0,6.0,64.0,0.0
217,SOS TOMATO MAGGI,325 g,BARANGAN BERBUNGKUS,KICAP DAN SOS,0.0,0.0,0.0,0.0,0.0,8.0,89.0,0.0,0.0,0.0,64.0,7.0,0.0,38.0,0.0,0.0,0.0,9.0,0.0,8.0,87.0,0.0,0.0,0.0,5.0,0.0,10.0,93.0,0.0
218,SOS CILI LIFE,340 g,BARANGAN BERBUNGKUS,KICAP DAN SOS,0.0,0.0,0.0,0.0,0.0,3.0,29.0,0.0,0.0,0.0,29.0,3.0,0.0,11.0,0.0,0.0,0.0,2.0,0.0,3.0,30.0,0.0,0.0,0.0,0.0,0.0,4.0,30.0,0.0
221,DRINHO SOYA (KOTAK),250 ml,MINUMAN,TERSEDIA MINUM,0.0,0.0,0.0,0.0,0.0,0.0,0.0,0.0,0.0,0.0,0.0,0.0,0.0,0.0,0.0,0.0,0.0,0.0,0.0,0.0,8.0,0.0,0.0,0.0,0.0,0.0,0.0,0.0,0.0
226,YEO'S LAICI (KOTAK),250 ml,MINUMAN,TERSEDIA MINUM,0.0,0.0,0.0,0.0,0.0,0.0,0.0,0.0,0.0,0.0,0.0,0.0,0.0,0.0,0.0,0.0,0.0,1.0,0.0,0.0,12.0,0.0,0.0,0.0,0.0,0.0,0.0,0.0,0.0
228,COCA COLA (BOTOL),1.5 liter,MINUMAN,TERSEDIA MINUM,0.0,0.0,0.0,0.0,0.0,0.0,0.0,0.0,0.0,0.0,0.0,0.0,0.0,0.0,0.0,0.0,0.0,0.0,0.0,0.0,4.0,0.0,0.0,0.0,0.0,0.0,0.0,0.0,0.0
229,F&N OREN (TIN),325 ml,MINUMAN,TERSEDIA MINUM,0.0,0.0,0.0,0.0,0.0,0.0,0.0,0.0,0.0,0.0,0.0,0.0,0.0,0.0,0.0,0.0,0.0,1.0,0.0,0.0,3.0,0.0,0.0,0.0,0.0,0.0,0.0,0.0,0.0
230,F&N OREN (BOTOL),1.5 liter,MINUMAN,TERSEDIA MINUM,0.0,0.0,0.0,0.0,0.0,0.0,0.0,0.0,0.0,0.0,0.0,0.0,0.0,0.0,0.0,0.0,0.0,0.0,0.0,2.0,5.0,0.0,0.0,0.0,0.0,0.0,0.0,0.0,0.0
232,MIRINDA OREN (BOTOL),1.5 liter,MINUMAN,TERSEDIA MINUM,0.0,0.0,0.0,0.0,0.0,0.0,0.0,0.0,0.0,0.0,0.0,0.0,0.0,0.0,0.0,0.0,0.0,0.0,0.0,0.0,1.0,0.0,0.0,0.0,0.0,0.0,0.0,0.0,0.0
235,JUS OREN PEEL FRESH (MARIGOLD),1 liter,MINUMAN,TERSEDIA MINUM,0.0,0.0,0.0,0.0,0.0,0.0,0.0,0.0,0.0,0.0,0.0,0.0,0.0,0.0,0.0,0.0,0.0,0.0,0.0,0.0,1.0,0.0,0.0,0.0,0.0,0.0,0.0,0.0,0.0
239,RED BULL (BOTOL),150 ml,MINUMAN,TERSEDIA MINUM,0.0,0.0,0.0,0.0,0.0,0.0,0.0,0.0,0.0,0.0,0.0,0.0,0.0,0.0,0.0,0.0,0.0,0.0,0.0,0.0,2.0,0.0,0.0,0.0,0.0,0.0,0.0,0.0,0.0
240,LIVITA WITH HONEY (BOTOL),150 ml,MINUMAN,TERSEDIA MINUM,0.0,0.0,0.0,0.0,0.0,0.0,0.0,0.0,0.0,0.0,0.0,0.0,0.0,0.0,0.0,0.0,0.0,0.0,0.0,0.0,1.0,0.0,0.0,0.0,0.0,0.0,0.0,0.0,0.0
246,MINYAK JAGUNG CAP MAZOLA,1kg,BARANGAN BERBUNGKUS,MINYAK DAN LEMAK,0.0,0.0,0.0,0.0,0.0,0.0,9.0,0.0,0.0,0.0,10.0,1.0,0.0,1.0,0.0,0.0,0.0,0.0,0.0,1.0,9.0,0.0,0.0,0.0,0.0,0.0,1.0,9.0,0.0
254,MINYAK MASAK SEBATIAN CAP HELANG,5 kg,BARANGAN BERBUNGKUS,MINYAK DAN LEMAK,0.0,0.0,0.0,0.0,0.0,1.0,8.0,0.0,0.0,0.0,10.0,0.0,0.0,0.0,0.0,0.0,0.0,3.0,0.0,0.0,5.0,0.0,0.0,0.0,0.0,0.0,0.0,8.0,0.0
257,MINYAK MASAK SEBATIAN CAP NEPTUNE,5 kg,BARANGAN BERBUNGKUS,MINYAK DAN LEMAK,0.0,0.0,0.0,0.0,0.0,0.0,0.0,0.0,0.0,0.0,1.0,0.0,0.0,0.0,0.0,0.0,0.0,0.0,0.0,0.0,0.0,0.0,0.0,0.0,0.0,0.0,0.0,0.0,0.0
260,MINYAK MASAK SEBATIAN CAP PISAU,5 kg,BARANGAN BERBUNGKUS,MINYAK DAN LEMAK,0.0,0.0,0.0,0.0,0.0,2.0,9.0,0.0,0.0,0.0,8.0,1.0,0.0,0.0,0.0,0.0,0.0,2.0,0.0,2.0,6.0,0.0,0.0,0.0,0.0,0.0,2.0,6.0,0.0
263,MINYAK MASAK TULEN CAP BURUH,5 kg,BARANGAN BERBUNGKUS,MINYAK DAN LEMAK,0.0,0.0,0.0,0.0,0.0,2.0,15.0,0.0,0.0,0.0,13.0,1.0,0.0,1.0,0.0,0.0,0.0,1.0,0.0,1.0,14.0,0.0,0.0,0.0,0.0,0.0,2.0,14.0,0.0
266,MINYAK MASAK TULEN CAP SERI MURNI,5 kg,BARANGAN BERBUNGKUS,MINYAK DAN LEMAK,0.0,0.0,0.0,0.0,0.0,2.0,21.0,0.0,0.0,0.0,15.0,2.0,0.0,2.0,0.0,0.0,0.0,2.0,0.0,1.0,14.0,0.0,0.0,0.0,0.0,0.0,1.0,19.0,0.0
267,MINYAK MASAK TULEN CAP VESAWIT,1kg,BARANGAN BERBUNGKUS,MINYAK DAN LEMAK,0.0,0.0,0.0,0.0,0.0,0.0,11.0,0.0,0.0,0.0,10.0,0.0,0.0,1.0,0.0,0.0,0.0,1.0,0.0,0.0,5.0,0.0,0.0,0.0,0.0,0.0,0.0,5.0,0.0
271,MINYAK SAPI CAP QBB,400 g,BARANGAN BERBUNGKUS,MINYAK DAN LEMAK,0.0,0.0,0.0,0.0,0.0,6.0,29.0,0.0,0.0,0.0,27.0,5.0,0.0,4.0,0.0,0.0,0.0,2.0,0.0,6.0,26.0,0.0,0.0,0.0,1.0,0.0,5.0,28.0,0.0
272,ROTI SANDWICH GARDENIA ORIGINAL CLASSIC,400 g,BARANGAN BERBUNGKUS,ROTI,0.0,0.0,0.0,0.0,0.0,2.0,31.0,0.0,0.0,0.0,34.0,1.0,0.0,3.0,0.0,0.0,0.0,3.0,0.0,1.0,29.0,0.0,0.0,0.0,0.0,0.0,1.0,31.0,0.0
292,UBAT GIGI COLGATE (PUDINA SEGAR),250 g,PRODUK KEBERSIHAN,PENJAGAAN DIRI,0.0,0.0,0.0,0.0,0.0,0.0,0.0,0.0,0.0,0.0,0.0,0.0,0.0,0.0,0.0,0.0,0.0,0.0,0.0,0.0,2.0,0.0,0.0,0.0,0.0,0.0,0.0,0.0,0.0
293,UBAT GIGI DARLIE DOUBLE ACTION (PUDINA ASLI),250 g,PRODUK KEBERSIHAN,PENJAGAAN DIRI,0.0,0.0,0.0,0.0,0.0,0.0,0.0,0.0,0.0,0.0,0.0,0.0,0.0,0.0,0.0,0.0,0.0,0.0,0.0,0.0,4.0,0.0,0.0,0.0,0.0,0.0,0.0,0.0,0.0
295,UBAT GIGI FRESH & WHITE (PUDINA SEGAR),160 g,PRODUK KEBERSIHAN,PENJAGAAN DIRI,0.0,0.0,0.0,0.0,0.0,0.0,0.0,0.0,0.0,0.0,0.0,0.0,0.0,0.0,0.0,0.0,0.0,0.0,0.0,0.0,2.0,0.0,0.0,0.0,0.0,0.0,0.0,0.0,0.0
299,LACTOGEN 1 RUMUSAN BAYI (KOTAK),650g,SUSU DAN BARANGAN BAYI,SUSU BAYI,0.0,0.0,0.0,0.0,0.0,0.0,5.0,0.0,0.0,0.0,5.0,0.0,0.0,1.0,0.0,0.0,0.0,0.0,0.0,0.0,6.0,0.0,0.0,0.0,0.0,0.0,0.0,6.0,0.0
300,LACTOGEN 2 RUMUSAN SUSULAN (KOTAK),650g,SUSU DAN BARANGAN BAYI,SUSU BAYI,0.0,0.0,0.0,0.0,0.0,0.0,6.0,0.0,0.0,0.0,5.0,0.0,0.0,1.0,0.0,0.0,0.0,0.0,0.0,0.0,7.0,0.0,0.0,0.0,0.0,0.0,0.0,7.0,0.0
320,SUSU SEJAT PENUH KRIM CAP IDEAL,390g,BARANGAN BERBUNGKUS,KRIMER DAN SUSU TEPUNG,0.0,0.0,0.0,0.0,0.0,1.0,22.0,0.0,0.0,0.0,16.0,1.0,0.0,9.0,0.0,0.0,0.0,0.0,0.0,1.0,20.0,0.0,0.0,0.0,0.0,0.0,1.0,20.0,0.0
327,SUSU TEPUNG ISIAN KURANG LEMAK 'OMEGA PLUS',1kg,BARANGAN BERBUNGKUS,KRIMER DAN SUSU TEPUNG,0.0,0.0,0.0,0.0,0.0,0.0,5.0,0.0,0.0,0.0,5.0,0.0,0.0,1.0,0.0,0.0,0.0,0.0,0.0,0.0,4.0,0.0,0.0,0.0,0.0,0.0,0.0,5.0,0.0
332,SUSU TEPUNG SEGERA FERNLEAF (INSTANT),550 g,BARANGAN BERBUNGKUS,KRIMER DAN SUSU TEPUNG,0.0,0.0,0.0,0.0,0.0,0.0,2.0,0.0,0.0,0.0,1.0,0.0,0.0,1.0,0.0,0.0,0.0,0.0,0.0,0.0,3.0,0.0,0.0,0.0,0.0,0.0,0.0,3.0,0.0
334,SUSU ANLENE ACTIFIT 3X PERISA ASLI,600 g,BARANGAN BERBUNGKUS,KRIMER DAN SUSU TEPUNG,0.0,0.0,0.0,0.0,0.0,0.0,10.0,0.0,0.0,0.0,10.0,0.0,0.0,1.0,0.0,0.0,0.0,0.0,0.0,0.0,12.0,0.0,0.0,0.0,0.0,0.0,0.0,12.0,0.0
335,SUSU ANLENE GOLD 5X,600 g,BARANGAN BERBUNGKUS,KRIMER DAN SUSU TEPUNG,0.0,0.0,0.0,0.0,0.0,0.0,10.0,0.0,0.0,0.0,11.0,0.0,0.0,1.0,0.0,0.0,0.0,1.0,0.0,0.0,11.0,0.0,0.0,0.0,0.0,0.0,0.0,10.0,0.0
336,ANMUM MATERNA (BIASA/COKLAT),650g,BARANGAN BERBUNGKUS,KRIMER DAN SUSU TEPUNG,0.0,0.0,0.0,0.0,0.0,0.0,2.0,0.0,0.0,0.0,2.0,0.0,0.0,0.0,0.0,0.0,0.0,0.0,0.0,0.0,2.0,0.0,0.0,0.0,0.0,0.0,0.0,2.0,0.0
343,KULIT KAYU MANIS,100 g,BARANGAN BERBUNGKUS,REMPAH RATUS (TIDAK BERBUNGKUS),0.0,0.0,0.0,0.0,0.0,5.0,46.0,0.0,0.0,0.0,36.0,5.0,0.0,15.0,0.0,0.0,0.0,4.0,0.0,6.0,42.0,0.0,0.0,0.0,2.0,0.0,5.0,46.0,0.0
344,SUSU TEPUNG SEGERA EVERYDAY,550 g,BARANGAN BERBUNGKUS,KRIMER DAN SUSU TEPUNG,0.0,0.0,0.0,0.0,0.0,1.0,12.0,0.0,0.0,0.0,11.0,1.0,0.0,1.0,0.0,0.0,0.0,0.0,0.0,1.0,11.0,0.0,0.0,0.0,0.0,0.0,1.0,13.0,0.0
345,SUSU TEPUNG ISIAN KURANG LEMAK 'OMEGA PLUS',600 g,BARANGAN BERBUNGKUS,KRIMER DAN SUSU TEPUNG,0.0,0.0,0.0,0.0,0.0,1.0,9.0,0.0,0.0,0.0,7.0,0.0,0.0,1.0,0.0,0.0,0.0,0.0,0.0,1.0,11.0,0.0,0.0,0.0,0.0,0.0,1.0,9.0,0.0
346,REMPAH KURMA (TIDAK BERBUNGKUS),100 g,BARANGAN BERBUNGKUS,REMPAH RATUS (TIDAK BERBUNGKUS),0.0,0.0,0.0,0.0,0.0,5.0,13.0,0.0,0.0,0.0,9.0,5.0,0.0,4.0,0.0,0.0,0.0,1.0,0.0,6.0,11.0,0.0,0.0,0.0,2.0,0.0,5.0,12.0,0.0
347,REMPAH SUP (TIDAK BERBUNGKUS),100 g,BARANGAN BERBUNGKUS,REMPAH RATUS (TIDAK BERBUNGKUS),0.0,0.0,0.0,0.0,0.0,4.0,10.0,0.0,0.0,0.0,9.0,4.0,0.0,1.0,0.0,0.0,0.0,1.0,0.0,4.0,9.0,0.0,0.0,0.0,3.0,0.0,3.0,8.0,0.0
350,SERBUK KARI IKAN BABAS,250 g,BARANGAN BERBUNGKUS,REMPAH RATUS (BERBUNGKUS),0.0,0.0,0.0,0.0,0.0,12.0,148.0,0.0,0.0,0.0,110.0,9.0,0.0,51.0,0.0,0.0,0.0,12.0,0.0,11.0,148.0,0.0,0.0,0.0,4.0,0.0,12.0,157.0,0.0
360,SUP BUNJUT ADABI,8 g,BARANGAN BERBUNGKUS,REMPAH RATUS (BERBUNGKUS),0.0,0.0,0.0,0.0,0.0,11.0,150.0,0.0,0.0,0.0,109.0,9.0,0.0,54.0,0.0,0.0,0.0,12.0,0.0,9.0,140.0,0.0,0.0,0.0,1.0,0.0,11.0,155.0,0.0
361,SUP PUNJUT MAK SITI,10 g,BARANGAN BERBUNGKUS,REMPAH RATUS (BERBUNGKUS),0.0,0.0,0.0,0.0,0.0,1.0,20.0,0.0,0.0,0.0,11.0,1.0,0.0,10.0,0.0,0.0,0.0,3.0,0.0,2.0,18.0,0.0,0.0,0.0,0.0,0.0,3.0,22.0,0.0
364,SERBUK CILI BABAS,250 g,BARANGAN BERBUNGKUS,REMPAH RATUS (BERBUNGKUS),0.0,0.0,0.0,0.0,0.0,8.0,108.0,0.0,0.0,0.0,91.0,6.0,0.0,28.0,0.0,0.0,0.0,9.0,0.0,8.0,102.0,0.0,0.0,0.0,2.0,0.0,9.0,107.0,0.0
365,SERBUK KUNYIT CAMPURAN (SEBATIAN) ADABI,250 g,BARANGAN BERBUNGKUS,REMPAH RATUS (BERBUNGKUS),0.0,0.0,0.0,0.0,0.0,5.0,57.0,0.0,0.0,0.0,45.0,4.0,0.0,19.0,0.0,0.0,0.0,9.0,0.0,6.0,52.0,0.0,0.0,0.0,2.0,0.0,6.0,60.0,0.0
367,SERBUK KUNYIT BABAS,250 g,BARANGAN BERBUNGKUS,REMPAH RATUS (BERBUNGKUS),0.0,0.0,0.0,0.0,0.0,6.0,86.0,0.0,0.0,0.0,73.0,7.0,0.0,21.0,0.0,0.0,0.0,5.0,0.0,8.0,78.0,0.0,0.0,0.0,3.0,0.0,8.0,84.0,0.0
368,KACANG TANAH (IMPORT),1kg,BARANGAN KERING,KACANG,0.0,13.0,209.0,216.0,220.0,214.0,192.0,216.0,221.0,223.0,225.0,219.0,1.0,60.0,211.0,217.0,213.0,215.0,214.0,201.0,175.0,209.0,217.0,216.0,216.0,213.0,205.0,166.0,190.0
388,KRIMER MANIS CAP JUNJUNG,500 g,BARANGAN BERBUNGKUS,KRIMER DAN SUSU TEPUNG,0.0,0.0,0.0,0.0,0.0,0.0,3.0,0.0,0.0,0.0,3.0,0.0,0.0,0.0,0.0,0.0,0.0,1.0,0.0,0.0,4.0,0.0,0.0,0.0,0.0,0.0,0.0,4.0,0.0
716,CILI API/PADI HIJAU,1kg,BARANGAN SEGAR,SAYUR-SAYURAN,0.0,1.0,37.0,41.0,38.0,38.0,30.0,40.0,43.0,45.0,49.0,48.0,0.0,8.0,52.0,51.0,51.0,52.0,52.0,50.0,37.0,52.0,57.0,56.0,54.0,56.0,54.0,35.0,44.0
843,ANMUM LACTA (BIASA),650g,BARANGAN BERBUNGKUS,KRIMER DAN SUSU TEPUNG,0.0,0.0,0.0,0.0,0.0,0.0,1.0,0.0,0.0,0.0,1.0,0.0,0.0,0.0,0.0,0.0,0.0,0.0,0.0,0.0,1.0,0.0,0.0,0.0,0.0,0.0,0.0,1.0,0.0
845,SOTONG (≥ 6 EKOR SEKILOGRAM),1kg,BARANGAN SEGAR,BAHAN LAUT,0.0,7.0,115.0,118.0,154.0,153.0,141.0,169.0,178.0,182.0,191.0,188.0,1.0,57.0,191.0,204.0,209.0,219.0,212.0,199.0,162.0,203.0,213.0,210.0,205.0,203.0,198.0,154.0,176.0
847,KETAM RENJONG/BUNGA (ANTARA 5 HINGGA 8 EKOR SEKILOGRAM),1kg,BARANGAN SEGAR,BAHAN LAUT,0.0,2.0,33.0,33.0,41.0,50.0,46.0,60.0,63.0,66.0,75.0,70.0,2.0,12.0,60.0,73.0,83.0,80.0,79.0,78.0,62.0,82.0,85.0,80.0,89.0,97.0,104.0,73.0,94.0
849,UDANG PUTIH KECIL (b	% 61 EKOR SEKILOGRAM),1kg,BARANGAN SEGAR,BAHAN LAUT,0.0,7.0,45.0,60.0,69.0,71.0,47.0,63.0,73.0,77.0,84.0,92.0,0.0,18.0,76.0,83.0,94.0,84.0,82.0,92.0,79.0,86.0,94.0,94.0,102.0,101.0,97.0,76.0,82.0
850,UDANG HARIMAU (ANTARA 20 HINGGA 30 EKOR SEKILOGRAM),1kg,BARANGAN SEGAR,BAHAN LAUT,0.0,3.0,14.0,14.0,21.0,30.0,19.0,28.0,31.0,34.0,31.0,36.0,1.0,8.0,36.0,41.0,36.0,35.0,40.0,38.0,17.0,30.0,31.0,29.0,33.0,29.0,30.0,17.0,28.0
861,UBI KENTANG HOLLAND,1kg,BARANGAN KERING,UBI KENTANG,0.0,1.0,41.0,42.0,44.0,43.0,34.0,41.0,43.0,41.0,45.0,47.0,0.0,6.0,46.0,51.0,55.0,57.0,61.0,60.0,42.0,53.0,59.0,59.0,61.0,61.0,61.0,42.0,52.0
863,JINTAN MANIS (KASAR),100 g,BARANGAN BERBUNGKUS,REMPAH RATUS (TIDAK BERBUNGKUS),0.0,0.0,0.0,0.0,0.0,6.0,44.0,0.0,0.0,0.0,34.0,6.0,0.0,14.0,0.0,0.0,0.0,4.0,0.0,7.0,40.0,0.0,0.0,0.0,3.0,0.0,6.0,43.0,0.0
864,BUNGA CENGKIH,100 g,BARANGAN BERBUNGKUS,REMPAH RATUS (TIDAK BERBUNGKUS),0.0,0.0,0.0,0.0,0.0,5.0,44.0,0.0,0.0,0.0,33.0,5.0,0.0,16.0,0.0,0.0,0.0,3.0,0.0,6.0,42.0,0.0,0.0,0.0,2.0,0.0,5.0,45.0,0.0
865,BUNGA LAWANG,100 g,BARANGAN BERBUNGKUS,REMPAH RATUS (TIDAK BERBUNGKUS),0.0,0.0,0.0,0.0,0.0,6.0,45.0,0.0,0.0,0.0,34.0,5.0,0.0,15.0,0.0,0.0,0.0,4.0,0.0,6.0,43.0,0.0,0.0,0.0,2.0,0.0,5.0,46.0,0.0
866,BUAH PELAGA,100 g,BARANGAN BERBUNGKUS,REMPAH RATUS (TIDAK BERBUNGKUS),0.0,0.0,0.0,0.0,0.0,3.0,36.0,0.0,0.0,0.0,29.0,3.0,0.0,9.0,0.0,0.0,0.0,3.0,0.0,4.0,30.0,0.0,0.0,0.0,3.0,0.0,3.0,33.0,0.0
867,BUAH KERAS,100 g,BARANGAN BERBUNGKUS,REMPAH RATUS (TIDAK BERBUNGKUS),0.0,0.0,0.0,0.0,0.0,6.0,36.0,0.0,0.0,0.0,31.0,6.0,0.0,9.0,0.0,0.0,0.0,4.0,0.0,7.0,34.0,0.0,0.0,0.0,3.0,0.0,6.0,38.0,0.0
868,BUAH PALA,100 g,BARANGAN BERBUNGKUS,REMPAH RATUS (TIDAK BERBUNGKUS),0.0,0.0,0.0,0.0,0.0,3.0,13.0,0.0,0.0,0.0,8.0,3.0,0.0,4.0,0.0,0.0,0.0,1.0,0.0,5.0,9.0,0.0,0.0,0.0,2.0,0.0,4.0,8.0,0.0
869,BIJI SAWI,100 g,BARANGAN BERBUNGKUS,REMPAH RATUS (TIDAK BERBUNGKUS),0.0,0.0,0.0,0.0,0.0,5.0,40.0,0.0,0.0,0.0,33.0,5.0,0.0,11.0,0.0,0.0,0.0,4.0,0.0,6.0,36.0,0.0,0.0,0.0,2.0,0.0,5.0,40.0,0.0
870,BIJI KETUMBAR,100 g,BARANGAN BERBUNGKUS,REMPAH RATUS (TIDAK BERBUNGKUS),0.0,0.0,0.0,0.0,0.0,6.0,47.0,0.0,0.0,0.0,36.0,6.0,0.0,16.0,0.0,0.0,0.0,4.0,0.0,5.0,42.0,0.0,0.0,0.0,3.0,0.0,5.0,46.0,0.0
871,LADA HITAM,100 g,BARANGAN BERBUNGKUS,REMPAH RATUS (TIDAK BERBUNGKUS),0.0,0.0,0.0,0.0,0.0,6.0,47.0,0.0,0.0,0.0,37.0,6.0,0.0,14.0,0.0,0.0,0.0,4.0,0.0,7.0,43.0,0.0,0.0,0.0,2.0,0.0,6.0,46.0,0.0
873,LADA PUTIH,100 g,BARANGAN BERBUNGKUS,REMPAH RATUS (TIDAK BERBUNGKUS),0.0,0.0,0.0,0.0,0.0,5.0,26.0,0.0,0.0,0.0,26.0,5.0,0.0,3.0,0.0,0.0,0.0,2.0,0.0,6.0,22.0,0.0,0.0,0.0,2.0,0.0,6.0,23.0,0.0
883,KRIMER MANIS BERVITAMIN CAP F&N,500 g,BARANGAN BERBUNGKUS,KRIMER DAN SUSU TEPUNG,0.0,0.0,0.0,0.0,0.0,7.0,48.0,0.0,0.0,0.0,46.0,7.0,0.0,10.0,0.0,0.0,0.0,5.0,0.0,8.0,46.0,0.0,0.0,0.0,0.0,0.0,8.0,51.0,0.0
884,KRIMER MANIS CAP GOLD COIN,500 g,BARANGAN BERBUNGKUS,KRIMER DAN SUSU TEPUNG,0.0,0.0,0.0,0.0,0.0,0.0,32.0,0.0,0.0,0.0,7.0,0.0,0.0,24.0,0.0,0.0,0.0,0.0,0.0,0.0,28.0,0.0,0.0,0.0,0.0,0.0,0.0,26.0,0.0
896,HALBA,100 g,BARANGAN BERBUNGKUS,REMPAH RATUS (TIDAK BERBUNGKUS),0.0,0.0,0.0,0.0,0.0,7.0,43.0,0.0,0.0,0.0,34.0,6.0,0.0,13.0,0.0,0.0,0.0,4.0,0.0,6.0,39.0,0.0,0.0,0.0,2.0,0.0,6.0,42.0,0.0
904,BERAS SUPER CAP RAMBUTAN 5% (IMPORT),10 kg,BARANGAN BERBUNGKUS,BERAS,0.0,0.0,0.0,0.0,0.0,0.0,5.0,0.0,0.0,0.0,4.0,0.0,0.0,1.0,0.0,0.0,0.0,0.0,0.0,0.0,4.0,0.0,0.0,0.0,0.0,0.0,0.0,5.0,0.0
910,KORDIAL F&N (SIRAP ROS),2 liter,MINUMAN,BAHAN-BAHAN MINUMAN,0.0,0.0,0.0,0.0,0.0,0.0,0.0,0.0,0.0,0.0,0.0,0.0,0.0,0.0,0.0,0.0,0.0,1.0,0.0,1.0,12.0,0.0,0.0,0.0,0.0,0.0,0.0,0.0,0.0
917,"TEPUNG GANDUM NGP (BERBUNGKUS, CAP SAUH)",1kg,BARANGAN BERBUNGKUS,TEPUNG,0.0,0.0,0.0,0.0,0.0,11.0,105.0,0.0,0.0,0.0,87.0,10.0,0.0,30.0,0.0,0.0,0.0,10.0,0.0,10.0,94.0,0.0,0.0,0.0,0.0,0.0,8.0,107.0,0.0
918,MINYAK MASAK PAKET (PELBAGAI JENAMA),1kg,BARANGAN BERBUNGKUS,MINYAK DAN LEMAK,0.0,0.0,0.0,0.0,0.0,7.0,63.0,0.0,0.0,0.0,59.0,6.0,0.0,17.0,0.0,0.0,0.0,2.0,0.0,8.0,64.0,0.0,0.0,0.0,0.0,0.0,7.0,62.0,0.0
919,SUSU TEPUNG PENUH KRIM DUTCHLADY,600 g,BARANGAN BERBUNGKUS,KRIMER DAN SUSU TEPUNG,0.0,0.0,0.0,0.0,0.0,0.0,4.0,0.0,0.0,0.0,3.0,0.0,0.0,1.0,0.0,0.0,0.0,0.0,0.0,0.0,3.0,0.0,0.0,0.0,0.0,0.0,0.0,3.0,0.0
929,NESCAFE CLASSIC (PAKET),200 g,MINUMAN,BAHAN-BAHAN MINUMAN,0.0,0.0,0.0,0.0,0.0,0.0,0.0,0.0,0.0,0.0,0.0,0.0,0.0,0.0,0.0,0.0,0.0,7.0,0.0,5.0,54.0,0.0,0.0,0.0,0.0,0.0,0.0,0.0,0.0
957,SOS CILI KIMBALL,340 g,BARANGAN BERBUNGKUS,KICAP DAN SOS,0.0,0.0,0.0,0.0,0.0,2.0,60.0,0.0,0.0,0.0,44.0,0.0,0.0,21.0,0.0,0.0,0.0,5.0,0.0,1.0,62.0,0.0,0.0,0.0,0.0,0.0,2.0,72.0,0.0
992,BERAS CAP JATI (SST5%),10 kg,BARANGAN BERBUNGKUS,BERAS,0.0,0.0,0.0,0.0,0.0,0.0,3.0,0.0,0.0,0.0,3.0,0.0,0.0,0.0,0.0,0.0,0.0,3.0,0.0,0.0,1.0,0.0,0.0,0.0,0.0,0.0,0.0,4.0,0.0
1070,SOS CILI MAGGI,340 g,BARANGAN BERBUNGKUS,KICAP DAN SOS,0.0,0.0,0.0,0.0,0.0,8.0,98.0,0.0,0.0,0.0,68.0,8.0,0.0,42.0,0.0,0.0,0.0,7.0,0.0,8.0,91.0,0.0,0.0,0.0,5.0,0.0,9.0,99.0,0.0
1080,SERBUK PENAIK ROYAL (TIN),226g,BARANGAN BERBUNGKUS,ESEN DAN RAGI,0.0,0.0,0.0,0.0,0.0,0.0,1.0,0.0,0.0,0.0,1.0,0.0,0.0,0.0,0.0,0.0,0.0,0.0,0.0,0.0,1.0,0.0,0.0,0.0,0.0,0.0,0.0,1.0,0.0
1081,MACKAREL CAP KING CUP (SOS TOMATO),155 g,BARANGAN BERBUNGKUS,IKAN DALAM TIN,0.0,0.0,0.0,0.0,0.0,1.0,1.0,0.0,0.0,0.0,1.0,1.0,0.0,0.0,0.0,0.0,0.0,0.0,0.0,1.0,2.0,0.0,0.0,0.0,0.0,0.0,1.0,2.0,0.0
1082,MACKAREL CAP AYAM (SOS TOMATO),155 g,BARANGAN BERBUNGKUS,IKAN DALAM TIN,0.0,0.0,0.0,0.0,0.0,4.0,74.0,0.0,0.0,0.0,63.0,5.0,0.0,27.0,0.0,0.0,0.0,9.0,0.0,6.0,70.0,0.0,0.0,0.0,0.0,0.0,6.0,76.0,0.0
1084,TEH BOH (SERBUK),500 g,MINUMAN,BAHAN-BAHAN MINUMAN,0.0,0.0,0.0,0.0,0.0,0.0,0.0,0.0,0.0,0.0,0.0,0.0,0.0,0.0,0.0,0.0,0.0,5.0,0.0,3.0,22.0,0.0,0.0,0.0,0.0,0.0,0.0,0.0,0.0
1086,MINYAK JAGUNG CAP DAISY,1kg,BARANGAN BERBUNGKUS,MINYAK DAN LEMAK,0.0,0.0,0.0,0.0,0.0,0.0,13.0,0.0,0.0,0.0,12.0,1.0,0.0,2.0,0.0,0.0,0.0,2.0,0.0,1.0,12.0,0.0,0.0,0.0,0.0,0.0,0.0,14.0,0.0
1087,MINYAK JAGUNG CAP DAISY,3 kg,BARANGAN BERBUNGKUS,MINYAK DAN LEMAK,0.0,0.0,0.0,0.0,0.0,2.0,2.0,0.0,0.0,0.0,2.0,1.0,0.0,0.0,0.0,0.0,0.0,1.0,0.0,1.0,1.0,0.0,0.0,0.0,0.0,0.0,1.0,1.0,0.0
1088,MINYAK JAGUNG CAP MAZOLA,3 kg,BARANGAN BERBUNGKUS,MINYAK DAN LEMAK,0.0,0.0,0.0,0.0,0.0,1.0,2.0,0.0,0.0,0.0,2.0,1.0,0.0,0.0,0.0,0.0,0.0,0.0,0.0,1.0,2.0,0.0,0.0,0.0,0.0,0.0,0.0,2.0,0.0
1089,MINYAK JAGUNG CAP VECORN,3 kg,BARANGAN BERBUNGKUS,MINYAK DAN LEMAK,0.0,0.0,0.0,0.0,0.0,1.0,2.0,0.0,0.0,0.0,1.0,1.0,0.0,0.0,0.0,0.0,0.0,0.0,0.0,1.0,1.0,0.0,0.0,0.0,0.0,0.0,0.0,1.0,0.0
1090,MINYAK JAGUNG CAP VECORN,1kg,BARANGAN BERBUNGKUS,MINYAK DAN LEMAK,0.0,0.0,0.0,0.0,0.0,2.0,5.0,0.0,0.0,0.0,6.0,1.0,0.0,0.0,0.0,0.0,0.0,1.0,0.0,2.0,5.0,0.0,0.0,0.0,0.0,0.0,2.0,6.0,0.0
1091,MINYAK MASAK SEBATIAN CAP HELANG,1kg,BARANGAN BERBUNGKUS,MINYAK DAN LEMAK,0.0,0.0,0.0,0.0,0.0,0.0,5.0,0.0,0.0,0.0,4.0,0.0,0.0,1.0,0.0,0.0,0.0,1.0,0.0,0.0,5.0,0.0,0.0,0.0,0.0,0.0,0.0,5.0,0.0
1092,MINYAK MASAK SEBATIAN CAP NEPTUNE,1kg,BARANGAN BERBUNGKUS,MINYAK DAN LEMAK,0.0,0.0,0.0,0.0,0.0,0.0,1.0,0.0,0.0,0.0,1.0,0.0,0.0,0.0,0.0,0.0,0.0,0.0,0.0,0.0,0.0,0.0,0.0,0.0,0.0,0.0,0.0,0.0,0.0
1093,MINYAK MASAK SEBATIAN CAP PISAU,1kg,BARANGAN BERBUNGKUS,MINYAK DAN LEMAK,0.0,0.0,0.0,0.0,0.0,0.0,7.0,0.0,0.0,0.0,6.0,0.0,0.0,1.0,0.0,0.0,0.0,0.0,0.0,0.0,6.0,0.0,0.0,0.0,0.0,0.0,0.0,6.0,0.0
1094,MINYAK MASAK TULEN CAP BURUH,1kg,BARANGAN BERBUNGKUS,MINYAK DAN LEMAK,0.0,0.0,0.0,0.0,0.0,1.0,10.0,0.0,0.0,0.0,12.0,1.0,0.0,0.0,0.0,0.0,0.0,0.0,0.0,1.0,9.0,0.0,0.0,0.0,0.0,0.0,1.0,11.0,0.0
1095,MINYAK MASAK TULEN CAP VESAWIT,5 kg,BARANGAN BERBUNGKUS,MINYAK DAN LEMAK,0.0,0.0,0.0,0.0,0.0,2.0,10.0,0.0,0.0,0.0,8.0,1.0,0.0,0.0,0.0,0.0,0.0,1.0,0.0,1.0,11.0,0.0,0.0,0.0,0.0,0.0,1.0,7.0,0.0
1097,SOS CILI MAGGI,500 g,BARANGAN BERBUNGKUS,KICAP DAN SOS,0.0,0.0,0.0,0.0,0.0,8.0,112.0,0.0,0.0,0.0,88.0,7.0,0.0,40.0,0.0,0.0,0.0,10.0,0.0,9.0,110.0,0.0,0.0,0.0,4.0,0.0,8.0,115.0,0.0
1100,MINYAK MASAK TULEN CAP SERI MURNI,1kg,BARANGAN BERBUNGKUS,MINYAK DAN LEMAK,0.0,0.0,0.0,0.0,0.0,1.0,4.0,0.0,0.0,0.0,4.0,0.0,0.0,0.0,0.0,0.0,0.0,0.0,0.0,0.0,5.0,0.0,0.0,0.0,0.0,0.0,0.0,4.0,0.0
1101,MINYAK MASAK TULEN CAP SERI MURNI,2 kg,BARANGAN BERBUNGKUS,MINYAK DAN LEMAK,0.0,0.0,0.0,0.0,0.0,4.0,20.0,0.0,0.0,0.0,16.0,3.0,0.0,2.0,0.0,0.0,0.0,2.0,0.0,2.0,21.0,0.0,0.0,0.0,0.0,0.0,2.0,22.0,0.0
1105,SUSU ANLENE ACTIFIT 3X COKLAT,600 g,BARANGAN BERBUNGKUS,KRIMER DAN SUSU TEPUNG,0.0,0.0,0.0,0.0,0.0,0.0,5.0,0.0,0.0,0.0,4.0,0.0,0.0,1.0,0.0,0.0,0.0,0.0,0.0,0.0,5.0,0.0,0.0,0.0,0.0,0.0,0.0,5.0,0.0
1109,TELUR AYAM GRED A,30 biji,BARANGAN SEGAR,TELUR,0.0,6.0,84.0,87.0,85.0,86.0,76.0,90.0,92.0,93.0,96.0,99.0,0.0,21.0,92.0,101.0,106.0,106.0,106.0,98.0,73.0,94.0,103.0,98.0,102.0,101.0,98.0,82.0,102.0
1110,TELUR AYAM GRED B,30 biji,BARANGAN SEGAR,TELUR,0.0,4.0,91.0,94.0,93.0,98.0,75.0,92.0,102.0,104.0,108.0,107.0,2.0,21.0,99.0,107.0,108.0,108.0,106.0,100.0,80.0,99.0,99.0,95.0,103.0,98.0,98.0,81.0,97.0
1111,TELUR AYAM GRED C,30 biji,BARANGAN SEGAR,TELUR,0.0,5.0,68.0,70.0,68.0,69.0,58.0,81.0,88.0,90.0,86.0,85.0,4.0,14.0,87.0,88.0,91.0,87.0,89.0,82.0,59.0,81.0,82.0,81.0,75.0,79.0,77.0,60.0,76.0
1114,SOS TIRAM KIMBALL,510 g,BARANGAN BERBUNGKUS,KICAP DAN SOS,0.0,0.0,0.0,0.0,0.0,2.0,30.0,0.0,0.0,0.0,32.0,0.0,0.0,5.0,0.0,0.0,0.0,2.0,0.0,1.0,42.0,0.0,0.0,0.0,0.0,0.0,2.0,45.0,0.0
1115,KICAP LEMAK MASIN CAP KIPAS UDANG,345ml,BARANGAN BERBUNGKUS,KICAP DAN SOS,0.0,0.0,0.0,0.0,0.0,7.0,83.0,0.0,0.0,0.0,74.0,8.0,0.0,15.0,0.0,0.0,0.0,8.0,0.0,8.0,72.0,0.0,0.0,0.0,0.0,0.0,6.0,79.0,0.0
1116,SOS TIRAM NONA,510 g,BARANGAN BERBUNGKUS,KICAP DAN SOS,0.0,0.0,0.0,0.0,0.0,0.0,24.0,0.0,0.0,0.0,20.0,1.0,0.0,7.0,0.0,0.0,0.0,1.0,0.0,1.0,22.0,0.0,0.0,0.0,0.0,0.0,0.0,25.0,0.0
1117,SOS TIRAM ADABI,510 g,BARANGAN BERBUNGKUS,KICAP DAN SOS,0.0,0.0,0.0,0.0,0.0,1.0,25.0,0.0,0.0,0.0,23.0,2.0,0.0,4.0,0.0,0.0,0.0,2.0,0.0,2.0,18.0,0.0,0.0,0.0,0.0,0.0,1.0,21.0,0.0
1128,LADA BENGGALA HIJAU (CAPSICUM),1kg,BARANGAN SEGAR,SAYUR-SAYURAN,1.0,5.0,135.0,139.0,152.0,146.0,129.0,153.0,159.0,157.0,159.0,160.0,1.0,33.0,159.0,162.0,172.0,172.0,174.0,162.0,139.0,165.0,167.0,169.0,173.0,176.0,172.0,136.0,161.0
1129,LADA BENGGALA MERAH (CAPSICUM),1kg,BARANGAN SEGAR,SAYUR-SAYURAN,0.0,2.0,69.0,74.0,83.0,76.0,60.0,83.0,85.0,88.0,97.0,94.0,0.0,23.0,92.0,94.0,99.0,103.0,107.0,99.0,80.0,103.0,104.0,106.0,112.0,119.0,111.0,89.0,108.0
1130,LADA BENGGALA KUNING (CAPSICUM),1kg,BARANGAN SEGAR,SAYUR-SAYURAN,0.0,3.0,51.0,58.0,69.0,61.0,52.0,69.0,73.0,71.0,75.0,74.0,0.0,16.0,77.0,80.0,81.0,86.0,88.0,83.0,67.0,86.0,91.0,91.0,91.0,98.0,88.0,68.0,84.0
1131,UBI KENTANG IMPORT (CHINA),1kg,BARANGAN KERING,UBI KENTANG,1.0,14.0,202.0,207.0,213.0,214.0,188.0,210.0,215.0,214.0,212.0,210.0,7.0,48.0,198.0,202.0,203.0,205.0,204.0,193.0,175.0,197.0,196.0,197.0,199.0,199.0,194.0,158.0,177.0
1132,LIMAU NIPIS,1kg,BARANGAN SEGAR,BUAH-BUAHAN,1.0,22.0,193.0,210.0,215.0,210.0,188.0,218.0,224.0,229.0,229.0,223.0,4.0,72.0,218.0,226.0,235.0,232.0,233.0,218.0,195.0,230.0,236.0,238.0,234.0,233.0,231.0,195.0,219.0
1135,KICAP MANIS ADABI,340ml,BARANGAN BERBUNGKUS,KICAP DAN SOS,0.0,0.0,0.0,0.0,0.0,1.0,28.0,0.0,0.0,0.0,19.0,1.0,0.0,13.0,0.0,0.0,0.0,4.0,0.0,1.0,28.0,0.0,0.0,0.0,2.0,0.0,1.0,31.0,0.0
1136,KICAP MASIN ADABI,340ml,BARANGAN BERBUNGKUS,KICAP DAN SOS,0.0,0.0,0.0,0.0,0.0,1.0,19.0,0.0,0.0,0.0,15.0,1.0,0.0,7.0,0.0,0.0,0.0,2.0,0.0,1.0,19.0,0.0,0.0,0.0,1.0,0.0,1.0,22.0,0.0
1137,SOS CILI THAI LIFE,360g,BARANGAN BERBUNGKUS,KICAP DAN SOS,0.0,0.0,0.0,0.0,0.0,2.0,23.0,0.0,0.0,0.0,19.0,3.0,0.0,7.0,0.0,0.0,0.0,1.0,0.0,3.0,25.0,0.0,0.0,0.0,0.0,0.0,3.0,28.0,0.0
1138,SOS TIRAM MAGGI,340 g,BARANGAN BERBUNGKUS,KICAP DAN SOS,0.0,0.0,0.0,0.0,0.0,9.0,89.0,0.0,0.0,0.0,62.0,7.0,0.0,31.0,0.0,0.0,0.0,6.0,0.0,6.0,80.0,0.0,0.0,0.0,4.0,0.0,6.0,85.0,0.0
1139,SOS TOMATO LIFE,330 g,BARANGAN BERBUNGKUS,KICAP DAN SOS,0.0,0.0,0.0,0.0,0.0,2.0,26.0,0.0,0.0,0.0,19.0,1.0,0.0,7.0,0.0,0.0,0.0,0.0,0.0,1.0,26.0,0.0,0.0,0.0,0.0,0.0,2.0,27.0,0.0
1140,MARJERIN PLANTA,240 g,BARANGAN BERBUNGKUS,SAPUAN (SPREADS),0.0,0.0,0.0,0.0,0.0,8.0,72.0,0.0,0.0,0.0,60.0,6.0,0.0,16.0,0.0,0.0,0.0,9.0,0.0,7.0,64.0,0.0,0.0,0.0,0.0,0.0,6.0,73.0,0.0
1141,MARJERIN DAISY,240 g,BARANGAN BERBUNGKUS,SAPUAN (SPREADS),0.0,0.0,0.0,0.0,0.0,2.0,20.0,0.0,0.0,0.0,16.0,1.0,0.0,7.0,0.0,0.0,0.0,1.0,0.0,1.0,23.0,0.0,0.0,0.0,1.0,0.0,1.0,20.0,0.0
1142,SARDIN CAP ADABI (SOS TOMATO DENGAN CILI),425 g,BARANGAN BERBUNGKUS,IKAN DALAM TIN,0.0,0.0,0.0,0.0,0.0,2.0,23.0,0.0,0.0,0.0,15.0,2.0,0.0,6.0,0.0,0.0,0.0,2.0,0.0,2.0,18.0,0.0,0.0,0.0,0.0,0.0,1.0,20.0,0.0
1144,MENTEGA KACANG HALUS LADY'S CHOICE,340 g,BARANGAN BERBUNGKUS,SAPUAN (SPREADS),0.0,0.0,0.0,0.0,0.0,1.0,11.0,0.0,0.0,0.0,10.0,0.0,0.0,1.0,0.0,0.0,0.0,3.0,0.0,0.0,9.0,0.0,0.0,0.0,0.0,0.0,1.0,11.0,0.0
1145,NESTLE CERELAC BERAS - TIN,500 g,SUSU DAN BARANGAN BAYI,MAKANAN BAYI,0.0,0.0,0.0,0.0,0.0,0.0,5.0,0.0,0.0,0.0,2.0,0.0,0.0,1.0,0.0,0.0,0.0,0.0,0.0,0.0,3.0,0.0,0.0,0.0,0.0,0.0,0.0,4.0,0.0
1151,SANTAN KELAPA JENAMA AYAM BRAND,1 liter,BARANGAN BERBUNGKUS,SANTAN (KOTAK),0.0,0.0,0.0,0.0,0.0,4.0,74.0,0.0,0.0,0.0,59.0,3.0,0.0,20.0,0.0,0.0,0.0,9.0,0.0,3.0,63.0,0.0,0.0,0.0,3.0,0.0,3.0,68.0,0.0
1153,PERENCAH TOM YAM ADABI,40 g,BARANGAN BERBUNGKUS,REMPAH RATUS (BERBUNGKUS),0.0,0.0,0.0,0.0,0.0,7.0,110.0,0.0,0.0,0.0,73.0,7.0,0.0,49.0,0.0,0.0,0.0,8.0,0.0,8.0,109.0,0.0,0.0,0.0,3.0,0.0,8.0,114.0,0.0
1355,100 PLUS (ORIGINAL),1.5 liter,MINUMAN,TERSEDIA MINUM,0.0,0.0,0.0,0.0,0.0,0.0,0.0,0.0,0.0,0.0,0.0,0.0,0.0,0.0,0.0,0.0,0.0,1.0,0.0,1.0,14.0,0.0,0.0,0.0,0.0,0.0,0.0,0.0,0.0
1364,AYAM TUA HIDUP,1kg,BARANGAN SEGAR,AYAM,0.0,0.0,1.0,1.0,1.0,1.0,1.0,1.0,1.0,1.0,1.0,1.0,0.0,0.0,1.0,1.0,1.0,1.0,1.0,1.0,1.0,1.0,1.0,1.0,1.0,1.0,1.0,0.0,0.0
1367,DAGING PAHA KAMBING BEBIRI IMPORT BERTULANG  (MUTTON) (AUSTRALIA),1kg,BARANGAN SEGAR,DAGING,0.0,0.0,21.0,24.0,23.0,22.0,9.0,19.0,19.0,18.0,18.0,21.0,0.0,0.0,17.0,20.0,19.0,22.0,24.0,25.0,10.0,20.0,23.0,23.0,26.0,27.0,26.0,13.0,20.0
1368,DAGING PAHA KAMBING BEBIRI IMPORT BERTULANG (MUTTON) (NEW ZEALAND),1kg,BARANGAN SEGAR,DAGING,0.0,0.0,4.0,6.0,7.0,7.0,3.0,5.0,5.0,6.0,6.0,6.0,0.0,0.0,4.0,7.0,6.0,6.0,7.0,7.0,2.0,4.0,6.0,6.0,5.0,6.0,6.0,2.0,5.0
1369,DAGING KAMBING TEMPATAN BERTULANG,1kg,BARANGAN SEGAR,DAGING,0.0,2.0,17.0,19.0,18.0,17.0,9.0,12.0,15.0,17.0,16.0,18.0,0.0,2.0,16.0,17.0,17.0,16.0,18.0,20.0,13.0,15.0,18.0,17.0,20.0,20.0,22.0,14.0,15.0
1370,DAGING LEMBU IMPORT (TOPSIDE),1kg,BARANGAN SEGAR,DAGING,0.0,0.0,0.0,0.0,0.0,0.0,0.0,0.0,1.0,1.0,1.0,1.0,0.0,0.0,0.0,1.0,1.0,1.0,1.0,0.0,0.0,0.0,0.0,0.0,0.0,0.0,0.0,0.0,0.0
1372,DAGING LEMBU IMPORT (CHUCKTENDER),1kg,BARANGAN SEGAR,DAGING,0.0,0.0,1.0,1.0,1.0,1.0,1.0,1.0,1.0,1.0,1.0,1.0,1.0,0.0,1.0,1.0,1.0,1.0,1.0,1.0,1.0,1.0,1.0,1.0,1.0,1.0,1.0,1.0,1.0
1373,DAGING LEMBU IMPORT (KNUCKLE),1kg,BARANGAN SEGAR,DAGING,0.0,0.0,1.0,1.0,1.0,1.0,2.0,2.0,2.0,2.0,2.0,2.0,0.0,0.0,2.0,2.0,2.0,2.0,2.0,2.0,1.0,1.0,2.0,2.0,2.0,2.0,2.0,2.0,2.0
1374,DAGING KERBAU TEMPATAN,1kg,BARANGAN SEGAR,DAGING,0.0,0.0,10.0,10.0,9.0,9.0,8.0,10.0,10.0,11.0,12.0,12.0,1.0,2.0,11.0,13.0,13.0,13.0,12.0,10.0,9.0,11.0,12.0,12.0,12.0,11.0,11.0,8.0,9.0
1375,DAGING KERBAU IMPORT (INDIA) * (SILVERSIDE),1kg,BARANGAN SEGAR,DAGING,0.0,0.0,15.0,16.0,16.0,15.0,10.0,16.0,17.0,16.0,15.0,17.0,0.0,2.0,14.0,16.0,17.0,17.0,17.0,15.0,9.0,16.0,18.0,19.0,18.0,18.0,17.0,11.0,17.0
1376,DAGING KERBAU IMPORT (INDIA) * (RUMP),1kg,BARANGAN SEGAR,DAGING,0.0,0.0,16.0,17.0,17.0,16.0,10.0,15.0,14.0,15.0,14.0,14.0,0.0,4.0,12.0,14.0,15.0,16.0,16.0,16.0,12.0,15.0,17.0,16.0,16.0,17.0,17.0,15.0,16.0
1377,DAGING KERBAU IMPORT (INDIA) * (BLADE),1kg,BARANGAN SEGAR,DAGING,0.0,2.0,18.0,20.0,20.0,20.0,15.0,20.0,22.0,22.0,22.0,21.0,0.0,10.0,20.0,23.0,23.0,23.0,22.0,22.0,17.0,21.0,22.0,22.0,22.0,21.0,21.0,18.0,22.0
1378,DAGING KERBAU IMPORT (INDIA) * (CHUCK),1kg,BARANGAN SEGAR,DAGING,0.0,1.0,7.0,8.0,6.0,8.0,4.0,7.0,8.0,8.0,9.0,7.0,0.0,2.0,6.0,6.0,6.0,6.0,5.0,6.0,4.0,6.0,6.0,6.0,5.0,4.0,5.0,4.0,5.0
1379,DAGING BABI (PERUT / BELLY),1kg,BARANGAN SEGAR,DAGING,0.0,1.0,87.0,93.0,97.0,95.0,50.0,87.0,90.0,87.0,88.0,92.0,2.0,6.0,90.0,92.0,92.0,88.0,94.0,87.0,45.0,90.0,90.0,92.0,93.0,97.0,89.0,40.0,78.0
1380,DAGING BABI (DAGING & LEMAK / LEAN & FAT),1kg,BARANGAN SEGAR,DAGING,1.0,1.0,91.0,96.0,100.0,98.0,53.0,89.0,90.0,88.0,88.0,92.0,3.0,7.0,90.0,90.0,91.0,87.0,92.0,84.0,45.0,86.0,84.0,86.0,93.0,97.0,89.0,43.0,80.0
1381,DAGING BABI (ISI DAGING / PURE LEAN),1kg,BARANGAN SEGAR,DAGING,1.0,1.0,87.0,93.0,98.0,96.0,50.0,87.0,90.0,88.0,87.0,92.0,2.0,7.0,90.0,90.0,92.0,89.0,98.0,92.0,46.0,92.0,91.0,95.0,93.0,98.0,92.0,43.0,83.0
1383,DAGING BABI (RUSUK DENGAN DAGING/ RIBS WITH MEAT),1kg,BARANGAN SEGAR,DAGING,1.0,1.0,85.0,88.0,91.0,91.0,47.0,84.0,85.0,85.0,85.0,88.0,2.0,7.0,88.0,87.0,92.0,88.0,93.0,88.0,43.0,88.0,86.0,91.0,89.0,94.0,90.0,40.0,81.0
1384,BABI HIDUP (±100KG / SEEKOR),±100kg/seekor,BARANGAN SEGAR,DAGING,0.0,0.0,0.0,1.0,1.0,1.0,1.0,1.0,1.0,1.0,1.0,1.0,0.0,0.0,1.0,1.0,1.0,1.0,1.0,0.0,0.0,1.0,1.0,1.0,1.0,1.0,1.0,1.0,1.0
1391,UDANG PUTIH BESAR/BANANA PRAWN (BERAT ANTARA 41 EKOR HINGGA 60 EKOR SEKILOGRAM),1kg,BARANGAN SEGAR,BAHAN LAUT,0.0,0.0,2.0,5.0,7.0,7.0,10.0,9.0,10.0,11.0,14.0,16.0,0.0,0.0,13.0,18.0,17.0,16.0,15.0,15.0,16.0,16.0,21.0,15.0,20.0,20.0,20.0,8.0,13.0
1396,KUBIS BULAT IMPORT (INDONESIA),1kg,BARANGAN SEGAR,SAYUR-SAYURAN,0.0,1.0,20.0,21.0,20.0,17.0,18.0,18.0,17.0,17.0,19.0,20.0,0.0,5.0,19.0,19.0,19.0,16.0,15.0,16.0,15.0,18.0,18.0,15.0,17.0,16.0,14.0,16.0,18.0
1399,BAWANG PERAI (LEEK) TEMPATAN,1kg,BARANGAN SEGAR,SAYUR-SAYURAN,1.0,0.0,23.0,22.0,26.0,26.0,21.0,21.0,22.0,25.0,23.0,25.0,3.0,0.0,25.0,25.0,25.0,24.0,23.0,24.0,24.0,24.0,25.0,25.0,23.0,24.0,24.0,13.0,13.0
1400,BAWANG PERAI (LEEK) IMPORT,1kg,BARANGAN SEGAR,SAYUR-SAYURAN,0.0,5.0,80.0,94.0,98.0,93.0,75.0,91.0,92.0,96.0,95.0,97.0,3.0,14.0,96.0,95.0,97.0,101.0,107.0,97.0,72.0,97.0,100.0,100.0,95.0,101.0,97.0,77.0,94.0
1402,HORLICKS (PAKET),400 g,MINUMAN,BAHAN-BAHAN MINUMAN,0.0,0.0,0.0,0.0,0.0,0.0,0.0,0.0,0.0,0.0,0.0,0.0,0.0,0.0,0.0,0.0,0.0,5.0,0.0,4.0,25.0,0.0,0.0,0.0,0.0,0.0,0.0,0.0,0.0
1412,KUBIS PANJANG CHINA - BESAR,1kg,BARANGAN SEGAR,SAYUR-SAYURAN,0.0,4.0,45.0,56.0,63.0,63.0,43.0,62.0,68.0,69.0,69.0,71.0,0.0,12.0,68.0,77.0,76.0,78.0,80.0,73.0,51.0,78.0,85.0,85.0,79.0,77.0,79.0,54.0,76.0
1419,KACANG DAL BIASA (INDIA),1kg,BARANGAN KERING,KACANG,0.0,0.0,9.0,9.0,9.0,9.0,8.0,8.0,9.0,9.0,9.0,9.0,1.0,2.0,9.0,9.0,8.0,8.0,8.0,8.0,7.0,7.0,9.0,9.0,9.0,8.0,8.0,3.0,3.0
1420,KACANG DAL MALAVI (INDIA),1kg,BARANGAN KERING,KACANG,0.0,1.0,35.0,40.0,44.0,43.0,30.0,40.0,42.0,42.0,42.0,41.0,0.0,1.0,40.0,41.0,42.0,42.0,42.0,40.0,24.0,37.0,41.0,43.0,42.0,42.0,41.0,25.0,36.0
1422,KACANG DAL (AUSTRALIA),1kg,BARANGAN KERING,KACANG,0.0,6.0,103.0,107.0,111.0,108.0,95.0,109.0,115.0,119.0,119.0,117.0,0.0,26.0,115.0,119.0,121.0,121.0,121.0,115.0,94.0,117.0,123.0,124.0,125.0,122.0,119.0,100.0,116.0
1431,DAGING LEMBU TEMPATAN (BAHAGIAN 1 DAGING PAHA (KECUALI BATANG PINANG - TENDERLOIN),1kg,BARANGAN SEGAR,DAGING,0.0,15.0,107.0,113.0,112.0,108.0,99.0,99.0,96.0,102.0,105.0,105.0,1.0,44.0,95.0,100.0,103.0,108.0,105.0,101.0,84.0,94.0,98.0,103.0,109.0,108.0,105.0,95.0,101.0
1432,DAGING LEMBU TEMPATAN (BAHAGIAN 2 DAGING PEJAL (KECUALI BATANG PINANG - TENDERLOIN),1kg,BARANGAN SEGAR,DAGING,0.0,13.0,101.0,108.0,112.0,108.0,97.0,99.0,100.0,103.0,107.0,110.0,1.0,42.0,102.0,106.0,106.0,112.0,111.0,106.0,87.0,100.0,104.0,106.0,111.0,112.0,108.0,92.0,104.0
1436,IKAN KERISI (ANTARA 5 HINGGA 10 EKOR SEKILOGRAM),1kg,BARANGAN SEGAR,BAHAN LAUT,1.0,12.0,112.0,129.0,150.0,160.0,111.0,146.0,142.0,132.0,148.0,145.0,2.0,36.0,149.0,160.0,174.0,179.0,173.0,163.0,135.0,164.0,168.0,170.0,173.0,183.0,182.0,133.0,157.0
1437,IKAN SIAKAP (ANTARA 2 HINGGA 4 EKOR SEKILOGRAM),1kg,BARANGAN SEGAR,BAHAN LAUT,1.0,23.0,161.0,165.0,192.0,198.0,163.0,206.0,215.0,213.0,211.0,214.0,2.0,68.0,205.0,214.0,220.0,220.0,216.0,207.0,174.0,206.0,213.0,216.0,215.0,213.0,210.0,177.0,198.0
1438,IKAN TENGGIRI BATANG (KEPINGAN),1kg,BARANGAN SEGAR,BAHAN LAUT,0.0,5.0,40.0,43.0,60.0,63.0,46.0,54.0,54.0,53.0,57.0,60.0,0.0,25.0,67.0,66.0,73.0,71.0,76.0,62.0,43.0,65.0,71.0,74.0,76.0,87.0,83.0,59.0,71.0
1440,BAWANG BESAR IMPORT (INDIA),1kg,BARANGAN KERING,BAWANG,1.0,8.0,193.0,201.0,205.0,204.0,172.0,204.0,203.0,204.0,205.0,198.0,3.0,33.0,197.0,207.0,206.0,207.0,204.0,198.0,163.0,202.0,206.0,206.0,210.0,205.0,203.0,163.0,192.0
1441,BAWANG BESAR IMPORT (CHINA),1kg,BARANGAN KERING,BAWANG,0.0,1.0,5.0,5.0,6.0,6.0,4.0,4.0,5.0,6.0,6.0,7.0,0.0,1.0,3.0,4.0,5.0,5.0,5.0,4.0,4.0,4.0,4.0,4.0,4.0,5.0,5.0,5.0,4.0
1442,BAWANG KECIL MERAH BIASA IMPORT (INDIA),1kg,BARANGAN KERING,BAWANG,0.0,8.0,70.0,72.0,71.0,71.0,65.0,70.0,73.0,72.0,69.0,69.0,1.0,36.0,68.0,70.0,72.0,72.0,73.0,69.0,68.0,73.0,76.0,78.0,78.0,75.0,75.0,73.0,75.0
1443,BAWANG KECIL MERAH IMPORT (CHINA),1kg,BARANGAN KERING,BAWANG,0.0,0.0,8.0,8.0,8.0,7.0,6.0,6.0,5.0,6.0,6.0,6.0,0.0,2.0,6.0,6.0,7.0,7.0,7.0,6.0,5.0,6.0,7.0,7.0,7.0,7.0,7.0,7.0,7.0
1444,BAWANG KECIL MERAH IMPORT (MYANMAR),1kg,BARANGAN KERING,BAWANG,0.0,0.0,4.0,4.0,4.0,4.0,4.0,3.0,3.0,3.0,3.0,3.0,0.0,1.0,3.0,3.0,3.0,3.0,3.0,3.0,3.0,4.0,4.0,4.0,4.0,4.0,4.0,4.0,4.0
1445,BERAS CAP FAIZA EMAS (SST5%),10 kg,BARANGAN BERBUNGKUS,BERAS,0.0,0.0,0.0,0.0,0.0,1.0,10.0,0.0,0.0,0.0,7.0,1.0,0.0,3.0,0.0,0.0,0.0,0.0,0.0,1.0,8.0,0.0,0.0,0.0,0.0,0.0,1.0,10.0,0.0
1458,KUBIS BULAT IMPORT (BEIJING),1kg,BARANGAN SEGAR,SAYUR-SAYURAN,0.0,17.0,164.0,171.0,186.0,190.0,165.0,185.0,194.0,197.0,199.0,198.0,1.0,60.0,197.0,207.0,205.0,210.0,210.0,200.0,175.0,206.0,210.0,213.0,209.0,206.0,206.0,182.0,204.0
1463,KRIMER SEJAT CARNATION,390g,BARANGAN BERBUNGKUS,KRIMER DAN SUSU TEPUNG,0.0,0.0,0.0,0.0,0.0,6.0,53.0,0.0,0.0,0.0,64.0,6.0,0.0,6.0,0.0,0.0,0.0,6.0,0.0,7.0,55.0,0.0,0.0,0.0,0.0,0.0,6.0,59.0,0.0
1474,BERAS BASMATHI - FAIZA (KASHMIR),5 kg,BARANGAN BERBUNGKUS,BERAS,0.0,0.0,0.0,0.0,0.0,0.0,6.0,0.0,0.0,0.0,3.0,0.0,0.0,2.0,0.0,0.0,0.0,0.0,0.0,0.0,5.0,0.0,0.0,0.0,0.0,0.0,0.0,4.0,0.0
1475,IKAN BAWAL PUTIH (ANTARA 2 HINGGA 5 EKOR SEKILOGRAM),1kg,BARANGAN SEGAR,BAHAN LAUT,1.0,0.0,17.0,19.0,24.0,22.0,15.0,24.0,25.0,19.0,18.0,19.0,1.0,2.0,19.0,22.0,22.0,26.0,36.0,28.0,18.0,27.0,31.0,32.0,34.0,35.0,30.0,17.0,24.0
1476,IKAN KEMBUNG (ANTARA 8 HINGGA 12 EKOR SEKILOGRAM),1kg,BARANGAN SEGAR,BAHAN LAUT,0.0,12.0,94.0,94.0,98.0,88.0,73.0,81.0,96.0,107.0,107.0,111.0,4.0,36.0,109.0,111.0,114.0,116.0,115.0,100.0,87.0,110.0,115.0,126.0,131.0,144.0,141.0,119.0,125.0
1477,IKAN MABUNG (ANTARA 6 HINGGA 10 EKOR SEKILOGRAM),1kg,BARANGAN SEGAR,BAHAN LAUT,0.0,0.0,12.0,15.0,13.0,12.0,11.0,10.0,30.0,47.0,49.0,53.0,0.0,0.0,50.0,52.0,53.0,53.0,60.0,58.0,32.0,44.0,38.0,49.0,48.0,48.0,57.0,38.0,53.0
1479,BROKOLI,1kg,BARANGAN SEGAR,SAYUR-SAYURAN,0.0,18.0,208.0,224.0,235.0,226.0,207.0,236.0,239.0,238.0,247.0,245.0,4.0,68.0,240.0,247.0,251.0,250.0,250.0,238.0,207.0,242.0,247.0,251.0,254.0,252.0,252.0,208.0,232.0
1481,KUBIS BUNGA (CAULIFLOWER),1kg,BARANGAN SEGAR,SAYUR-SAYURAN,1.0,19.0,231.0,245.0,251.0,246.0,225.0,251.0,257.0,259.0,260.0,259.0,4.0,75.0,251.0,257.0,254.0,252.0,253.0,241.0,214.0,247.0,253.0,250.0,251.0,246.0,244.0,216.0,238.0
1482,KUBIS PANJANG (TEMPATAN),1kg,BARANGAN SEGAR,SAYUR-SAYURAN,0.0,5.0,95.0,98.0,106.0,102.0,96.0,101.0,103.0,103.0,105.0,105.0,2.0,33.0,97.0,97.0,104.0,104.0,108.0,104.0,101.0,104.0,105.0,107.0,106.0,109.0,105.0,90.0,91.0
1483,MEE KUNING BASAH (PELBAGAI JENAMA),+-450g,BARANGAN SEGAR,MEE/KUETIAU,0.0,15.0,161.0,173.0,177.0,172.0,152.0,176.0,178.0,180.0,185.0,183.0,0.0,60.0,174.0,181.0,183.0,183.0,184.0,173.0,152.0,186.0,189.0,189.0,190.0,190.0,185.0,161.0,183.0
1484,KUETIAU BASAH (PELBAGAI JENAMA),+-450g,BARANGAN SEGAR,MEE/KUETIAU,0.0,15.0,154.0,169.0,174.0,169.0,152.0,172.0,174.0,175.0,179.0,179.0,0.0,58.0,169.0,176.0,179.0,178.0,180.0,170.0,149.0,181.0,183.0,183.0,183.0,185.0,181.0,157.0,179.0
1485,EPAL HIJAU GRANNY SMITH (SAIZ M),1 biji,BARANGAN SEGAR,BUAH-BUAHAN,0.0,4.0,33.0,38.0,41.0,41.0,33.0,41.0,46.0,46.0,48.0,46.0,0.0,5.0,40.0,45.0,45.0,46.0,45.0,44.0,33.0,40.0,41.0,41.0,44.0,44.0,44.0,31.0,36.0
1486,EPAL MERAH RED DELICIOUS (SAIZ M),1 biji,BARANGAN SEGAR,BUAH-BUAHAN,1.0,0.0,7.0,7.0,6.0,6.0,6.0,6.0,6.0,6.0,6.0,6.0,1.0,1.0,6.0,5.0,5.0,5.0,5.0,5.0,5.0,5.0,5.0,5.0,5.0,5.0,5.0,1.0,2.0
1487,OREN VALENCIA (SAIZ M),1 biji,BARANGAN SEGAR,BUAH-BUAHAN,1.0,6.0,34.0,37.0,35.0,35.0,31.0,34.0,36.0,37.0,39.0,38.0,1.0,8.0,33.0,38.0,38.0,37.0,35.0,36.0,30.0,33.0,30.0,29.0,31.0,31.0,31.0,22.0,25.0
1489,ASAM JAWA (BERBIJI) PELBAGAI JENAMA,200 g,BARANGAN BERBUNGKUS,REMPAH RATUS (BERBUNGKUS),0.0,0.0,0.0,0.0,0.0,4.0,74.0,0.0,0.0,0.0,50.0,6.0,0.0,28.0,0.0,0.0,0.0,8.0,0.0,7.0,63.0,0.0,0.0,0.0,0.0,0.0,7.0,73.0,0.0
1491,BERAS PULUT THAILAND (SUSU) PELBAGAI JENAMA,1kg,BARANGAN BERBUNGKUS,BERAS,0.0,0.0,0.0,0.0,0.0,0.0,28.0,0.0,0.0,0.0,19.0,0.0,0.0,11.0,0.0,0.0,0.0,1.0,0.0,0.0,24.0,0.0,0.0,0.0,0.0,0.0,1.0,23.0,0.0
1492,BERAS PULUT THAILAND (BIASA) PELBAGAI JENAMA,1kg,BARANGAN BERBUNGKUS,BERAS,0.0,0.0,0.0,0.0,0.0,1.0,34.0,0.0,0.0,0.0,15.0,1.0,0.0,25.0,0.0,0.0,0.0,3.0,0.0,1.0,30.0,0.0,0.0,0.0,1.0,0.0,1.0,31.0,0.0
1493,BIHUN KERING TEMPATAN (CAP JASMINE),400 g,BARANGAN BERBUNGKUS,BIHUN,0.0,0.0,0.0,0.0,0.0,4.0,26.0,0.0,0.0,0.0,28.0,4.0,0.0,1.0,0.0,0.0,0.0,2.0,0.0,4.0,24.0,0.0,0.0,0.0,0.0,0.0,4.0,25.0,0.0
1494,ROTI GARDENIA BREAKTHRU - ROTI GANDUM PENUH,400 g,BARANGAN BERBUNGKUS,ROTI,0.0,0.0,0.0,0.0,0.0,1.0,28.0,0.0,0.0,0.0,28.0,1.0,0.0,3.0,0.0,0.0,0.0,2.0,0.0,1.0,22.0,0.0,0.0,0.0,0.0,0.0,0.0,28.0,0.0
1498,TEPUNG JAGUNG (PELBAGAI JENAMA),400 g,BARANGAN BERBUNGKUS,TEPUNG,0.0,0.0,0.0,0.0,0.0,10.0,114.0,0.0,0.0,0.0,86.0,10.0,0.0,46.0,0.0,0.0,0.0,10.0,0.0,10.0,108.0,0.0,0.0,0.0,0.0,0.0,10.0,115.0,0.0
1505,DUTCH LADY UHT COKLAT (KOTAK),200 ml,MINUMAN,TERSEDIA MINUM,0.0,0.0,0.0,0.0,0.0,0.0,0.0,0.0,0.0,0.0,0.0,0.0,0.0,0.0,0.0,0.0,0.0,0.0,0.0,1.0,16.0,0.0,0.0,0.0,0.0,0.0,0.0,0.0,0.0
1506,DUTCH LADY UHT FULL CREAM (KOTAK),200 ml,MINUMAN,TERSEDIA MINUM,0.0,0.0,0.0,0.0,0.0,0.0,0.0,0.0,0.0,0.0,0.0,0.0,0.0,0.0,0.0,0.0,0.0,1.0,0.0,1.0,15.0,0.0,0.0,0.0,0.0,0.0,0.0,0.0,0.0
1507,COCA COLA (TIN),320 ml,MINUMAN,TERSEDIA MINUM,0.0,0.0,0.0,0.0,0.0,0.0,0.0,0.0,0.0,0.0,0.0,0.0,0.0,0.0,0.0,0.0,0.0,0.0,0.0,1.0,8.0,0.0,0.0,0.0,0.0,0.0,0.0,0.0,0.0
1513,SUSTAGEN KID 3+ (VANILLA) - KOTAK,600 g,SUSU DAN BARANGAN BAYI,SUSU BAYI,0.0,0.0,0.0,0.0,0.0,0.0,1.0,0.0,0.0,0.0,0.0,0.0,0.0,1.0,0.0,0.0,0.0,0.0,0.0,0.0,1.0,0.0,0.0,0.0,0.0,0.0,0.0,1.0,0.0
1515,HEINZ FARLEY RUSKS (ORIGINAL),120 g,SUSU DAN BARANGAN BAYI,MAKANAN BAYI,0.0,0.0,0.0,0.0,0.0,0.0,1.0,0.0,0.0,0.0,0.0,0.0,0.0,1.0,0.0,0.0,0.0,0.0,0.0,0.0,1.0,0.0,0.0,0.0,0.0,0.0,0.0,1.0,0.0
1524,BERUS GIGI COLGATE (ZIG ZAG - SOFT),1 batang,PRODUK KEBERSIHAN,PENJAGAAN DIRI,0.0,0.0,0.0,0.0,0.0,0.0,0.0,0.0,0.0,0.0,0.0,0.0,0.0,0.0,0.0,0.0,0.0,0.0,0.0,0.0,6.0,0.0,0.0,0.0,0.0,0.0,0.0,0.0,0.0
1538,SABUN PENCUCI AXION PASTE (LEMON),350 g,PRODUK KEBERSIHAN,PENJAGAAN RUMAH,0.0,0.0,0.0,0.0,0.0,0.0,0.0,0.0,0.0,0.0,0.0,0.0,0.0,0.0,0.0,0.0,0.0,4.0,0.0,5.0,53.0,0.0,0.0,0.0,0.0,0.0,0.0,0.0,0.0
1539,SABUN PENCUCI KUAT HARIMAU (LEMON),400 g,PRODUK KEBERSIHAN,PENJAGAAN RUMAH,0.0,0.0,0.0,0.0,0.0,0.0,0.0,0.0,0.0,0.0,0.0,0.0,0.0,0.0,0.0,0.0,0.0,1.0,0.0,0.0,6.0,0.0,0.0,0.0,0.0,0.0,0.0,0.0,0.0
1540,SABUN PENCUCI GLO (LEMON),900ml,PRODUK KEBERSIHAN,PENJAGAAN RUMAH,0.0,0.0,0.0,0.0,0.0,0.0,0.0,0.0,0.0,0.0,0.0,0.0,0.0,0.0,0.0,0.0,0.0,3.0,0.0,7.0,39.0,0.0,0.0,0.0,0.0,0.0,0.0,0.0,0.0
1541,SABUN PENCUCI SUNLIGHT (LEMON),1000 ml,PRODUK KEBERSIHAN,PENJAGAAN RUMAH,0.0,0.0,0.0,0.0,0.0,0.0,0.0,0.0,0.0,0.0,0.0,0.0,0.0,0.0,0.0,0.0,0.0,2.0,0.0,4.0,24.0,0.0,0.0,0.0,0.0,0.0,0.0,0.0,0.0
1543,KIUB SUP TOMYAM (MAGGI),2 X 10G,BARANGAN BERBUNGKUS,REMPAH RATUS (BERBUNGKUS),0.0,0.0,0.0,0.0,0.0,0.0,0.0,0.0,0.0,0.0,1.0,0.0,0.0,0.0,0.0,0.0,0.0,0.0,0.0,0.0,1.0,0.0,0.0,0.0,0.0,0.0,0.0,1.0,0.0
1544,SERBUK NASI GORENG CINA ADABI,17 g,BARANGAN BERBUNGKUS,REMPAH RATUS (BERBUNGKUS),0.0,0.0,0.0,0.0,0.0,3.0,50.0,0.0,0.0,0.0,34.0,2.0,0.0,21.0,0.0,0.0,0.0,1.0,0.0,2.0,52.0,0.0,0.0,0.0,2.0,0.0,3.0,51.0,0.0
1545,PERENCAH NASI GORENG IKAN BILIS SERI AJI,26G,BARANGAN BERBUNGKUS,REMPAH RATUS (BERBUNGKUS),0.0,0.0,0.0,0.0,0.0,0.0,18.0,0.0,0.0,0.0,15.0,0.0,0.0,5.0,0.0,0.0,0.0,2.0,0.0,0.0,17.0,0.0,0.0,0.0,1.0,0.0,0.0,19.0,0.0
1547,PEPSI COLA (TIN),320 ml,MINUMAN,TERSEDIA MINUM,0.0,0.0,0.0,0.0,0.0,0.0,0.0,0.0,0.0,0.0,0.0,0.0,0.0,0.0,0.0,0.0,0.0,0.0,0.0,0.0,1.0,0.0,0.0,0.0,0.0,0.0,0.0,0.0,0.0
1550,PAHA AYAM (CHICKEN DRUMSTICK),1kg,BARANGAN SEGAR,AYAM,1.0,3.0,53.0,65.0,67.0,67.0,56.0,71.0,73.0,69.0,72.0,70.0,3.0,18.0,64.0,70.0,71.0,69.0,66.0,56.0,47.0,62.0,65.0,68.0,66.0,63.0,62.0,50.0,61.0
1551,DADA AYAM (CHICKEN KEEL) (1KG),1kg,BARANGAN SEGAR,AYAM,1.0,3.0,66.0,79.0,79.0,78.0,72.0,84.0,83.0,84.0,86.0,85.0,3.0,15.0,83.0,86.0,86.0,87.0,85.0,77.0,67.0,78.0,77.0,78.0,78.0,77.0,78.0,54.0,63.0
1552,THIGH AYAM,1kg,BARANGAN SEGAR,AYAM,0.0,2.0,22.0,27.0,27.0,28.0,23.0,30.0,30.0,30.0,31.0,29.0,0.0,7.0,23.0,30.0,30.0,30.0,26.0,26.0,24.0,27.0,28.0,29.0,28.0,25.0,27.0,22.0,29.0
1553,WHOLE LEG AYAM,1kg,BARANGAN SEGAR,AYAM,0.0,2.0,75.0,85.0,92.0,93.0,78.0,100.0,101.0,102.0,103.0,100.0,5.0,11.0,91.0,102.0,98.0,101.0,95.0,89.0,70.0,90.0,91.0,94.0,97.0,94.0,93.0,63.0,78.0
1554,IKAN MERAH (KEPINGAN),1kg,BARANGAN SEGAR,BAHAN LAUT,0.0,0.0,20.0,18.0,17.0,20.0,17.0,36.0,34.0,28.0,35.0,33.0,0.0,10.0,39.0,38.0,37.0,44.0,45.0,44.0,26.0,50.0,51.0,53.0,56.0,57.0,51.0,41.0,52.0
1555,UDANG PUTIH/VANNAMEI (TERNAK) (ANTARA 41 HINGGA 60 EKOR SEKILOGRAM),1kg,BARANGAN SEGAR,BAHAN LAUT,0.0,14.0,118.0,143.0,176.0,181.0,155.0,189.0,189.0,199.0,201.0,196.0,1.0,62.0,186.0,203.0,201.0,207.0,199.0,185.0,153.0,186.0,190.0,196.0,196.0,202.0,192.0,161.0,181.0
1556,BAYAM HIJAU,1kg,BARANGAN SEGAR,SAYUR-SAYURAN,0.0,17.0,154.0,173.0,181.0,181.0,158.0,190.0,198.0,194.0,197.0,196.0,2.0,42.0,184.0,190.0,188.0,197.0,199.0,190.0,154.0,187.0,194.0,187.0,193.0,191.0,190.0,155.0,184.0
1557,BAYAM MERAH,1kg,BARANGAN SEGAR,SAYUR-SAYURAN,0.0,3.0,76.0,79.0,86.0,80.0,80.0,86.0,98.0,97.0,97.0,100.0,2.0,19.0,87.0,95.0,96.0,98.0,106.0,89.0,73.0,89.0,92.0,94.0,91.0,93.0,83.0,73.0,80.0
1558,SAWI HIJAU,1kg,BARANGAN SEGAR,SAYUR-SAYURAN,0.0,16.0,178.0,203.0,214.0,213.0,199.0,233.0,239.0,237.0,238.0,240.0,4.0,72.0,232.0,241.0,244.0,242.0,244.0,229.0,202.0,233.0,231.0,231.0,239.0,238.0,234.0,201.0,225.0
1559,KANGKUNG,1kg,BARANGAN SEGAR,SAYUR-SAYURAN,0.0,18.0,186.0,201.0,211.0,214.0,184.0,214.0,221.0,219.0,223.0,224.0,4.0,66.0,214.0,225.0,223.0,225.0,226.0,216.0,179.0,216.0,222.0,217.0,222.0,225.0,219.0,177.0,206.0
1560,KAILAN,1kg,BARANGAN SEGAR,SAYUR-SAYURAN,0.0,18.0,136.0,156.0,170.0,171.0,157.0,174.0,178.0,180.0,178.0,179.0,0.0,63.0,171.0,178.0,190.0,185.0,191.0,179.0,154.0,168.0,172.0,172.0,173.0,176.0,176.0,160.0,176.0
1561,TAUGE KACANG HIJAU,1kg,BARANGAN SEGAR,SAYUR-SAYURAN,0.0,20.0,225.0,238.0,244.0,243.0,223.0,251.0,253.0,253.0,256.0,253.0,4.0,72.0,243.0,254.0,252.0,252.0,253.0,238.0,212.0,250.0,252.0,255.0,254.0,253.0,248.0,212.0,240.0
1562,UDANG KERING,100 g,BARANGAN KERING,HASIL LAUT KERING,1.0,6.0,95.0,96.0,99.0,99.0,78.0,93.0,97.0,99.0,100.0,96.0,3.0,16.0,95.0,96.0,97.0,97.0,97.0,92.0,72.0,93.0,100.0,99.0,101.0,99.0,99.0,67.0,82.0
1563,SOTONG KERING (SAIZ SERDAHANA),1kg,BARANGAN KERING,HASIL LAUT KERING,0.0,2.0,15.0,14.0,15.0,14.0,13.0,12.0,14.0,16.0,16.0,16.0,0.0,4.0,14.0,15.0,17.0,15.0,16.0,15.0,14.0,11.0,14.0,15.0,14.0,15.0,15.0,13.0,11.0
1564,BAWANG PUTIH IMPORT (CHINA),1kg,BARANGAN KERING,BAWANG,1.0,20.0,238.0,246.0,249.0,246.0,217.0,248.0,246.0,249.0,247.0,242.0,6.0,53.0,234.0,243.0,246.0,246.0,243.0,235.0,204.0,240.0,246.0,249.0,247.0,243.0,237.0,188.0,215.0
1566,SERBUK KARI IKAN (TIDAK BERBUNGKUS),100 g,BARANGAN BERBUNGKUS,REMPAH RATUS (TIDAK BERBUNGKUS),0.0,0.0,0.0,0.0,0.0,5.0,20.0,0.0,0.0,0.0,12.0,5.0,0.0,7.0,0.0,0.0,0.0,1.0,0.0,5.0,19.0,0.0,0.0,0.0,3.0,0.0,4.0,18.0,0.0
1567,SERBUK KARI DAGING (TIDAK BERBUNGKUS),100 g,BARANGAN BERBUNGKUS,REMPAH RATUS (TIDAK BERBUNGKUS),0.0,0.0,0.0,0.0,0.0,5.0,18.0,0.0,0.0,0.0,10.0,5.0,0.0,7.0,0.0,0.0,0.0,1.0,0.0,6.0,19.0,0.0,0.0,0.0,2.0,0.0,5.0,18.0,0.0
1568,SERBUK KARI IKAN ADABI,250 g,BARANGAN BERBUNGKUS,REMPAH RATUS (BERBUNGKUS),0.0,0.0,0.0,0.0,0.0,8.0,105.0,0.0,0.0,0.0,72.0,5.0,0.0,42.0,0.0,0.0,0.0,10.0,0.0,7.0,97.0,0.0,0.0,0.0,1.0,0.0,9.0,106.0,0.0
1569,SERBUK KARI IKAN ALAGAPPAS,250 g,BARANGAN BERBUNGKUS,REMPAH RATUS (BERBUNGKUS),0.0,0.0,0.0,0.0,0.0,0.0,51.0,0.0,0.0,0.0,40.0,0.0,0.0,17.0,0.0,0.0,0.0,0.0,0.0,0.0,53.0,0.0,0.0,0.0,0.0,0.0,0.0,55.0,0.0
1570,SERBUK KARI AYAM DAN DAGING ADABI,250 g,BARANGAN BERBUNGKUS,REMPAH RATUS (BERBUNGKUS),0.0,0.0,0.0,0.0,0.0,8.0,97.0,0.0,0.0,0.0,69.0,7.0,0.0,42.0,0.0,0.0,0.0,11.0,0.0,9.0,93.0,0.0,0.0,0.0,3.0,0.0,7.0,105.0,0.0
1571,SERBUK KARI DAGING ALAGAPPAS,250 g,BARANGAN BERBUNGKUS,REMPAH RATUS (BERBUNGKUS),0.0,0.0,0.0,0.0,0.0,0.0,54.0,0.0,0.0,0.0,45.0,0.0,0.0,17.0,0.0,0.0,0.0,1.0,0.0,0.0,55.0,0.0,0.0,0.0,0.0,0.0,0.0,57.0,0.0
1572,SERBUK KARI DAGING BABAS,250 g,BARANGAN BERBUNGKUS,REMPAH RATUS (BERBUNGKUS),0.0,0.0,0.0,0.0,0.0,11.0,141.0,0.0,0.0,0.0,111.0,9.0,0.0,48.0,0.0,0.0,0.0,12.0,0.0,10.0,141.0,0.0,0.0,0.0,4.0,0.0,11.0,153.0,0.0
1573,SERBUK KURMA AYAM & DAGING ADABI,250 g,BARANGAN BERBUNGKUS,REMPAH RATUS (BERBUNGKUS),0.0,0.0,0.0,0.0,0.0,9.0,91.0,0.0,0.0,0.0,67.0,7.0,0.0,32.0,0.0,0.0,0.0,11.0,0.0,8.0,83.0,0.0,0.0,0.0,2.0,0.0,7.0,89.0,0.0
1575,SERBUK KURMA BABAS,125 g,BARANGAN BERBUNGKUS,REMPAH RATUS (BERBUNGKUS),0.0,0.0,0.0,0.0,0.0,6.0,75.0,0.0,0.0,0.0,75.0,6.0,0.0,12.0,0.0,0.0,0.0,3.0,0.0,6.0,73.0,0.0,0.0,0.0,1.0,0.0,7.0,77.0,0.0
1576,SERBUK KARI KURMA ALAGAPPAS,200 g,BARANGAN BERBUNGKUS,REMPAH RATUS (BERBUNGKUS),0.0,0.0,0.0,0.0,0.0,0.0,0.0,0.0,0.0,0.0,2.0,0.0,0.0,0.0,0.0,0.0,0.0,0.0,0.0,0.0,2.0,0.0,0.0,0.0,0.0,0.0,0.0,4.0,0.0
1577,SERBUK PERENCAH SUP ADABI,250 g,BARANGAN BERBUNGKUS,REMPAH RATUS (BERBUNGKUS),0.0,0.0,0.0,0.0,0.0,10.0,104.0,0.0,0.0,0.0,75.0,7.0,0.0,40.0,0.0,0.0,0.0,12.0,0.0,9.0,89.0,0.0,0.0,0.0,1.0,0.0,9.0,105.0,0.0
1578,SERBUK REMPAH SUP MAK SITI,250 g,BARANGAN BERBUNGKUS,REMPAH RATUS (BERBUNGKUS),0.0,0.0,0.0,0.0,0.0,4.0,13.0,0.0,0.0,0.0,12.0,6.0,0.0,3.0,0.0,0.0,0.0,3.0,0.0,6.0,12.0,0.0,0.0,0.0,0.0,0.0,5.0,15.0,0.0
1579,SERBUK SUP FAIZA,220 g,BARANGAN BERBUNGKUS,REMPAH RATUS (BERBUNGKUS),0.0,0.0,0.0,0.0,0.0,2.0,5.0,0.0,0.0,0.0,6.0,2.0,0.0,0.0,0.0,0.0,0.0,0.0,0.0,2.0,5.0,0.0,0.0,0.0,0.0,0.0,1.0,6.0,0.0
1581,BERAS CAP RAMBUTAN (SST5%),10 kg,BARANGAN BERBUNGKUS,BERAS,0.0,0.0,0.0,0.0,0.0,0.0,3.0,0.0,0.0,0.0,2.0,0.0,0.0,0.0,0.0,0.0,0.0,0.0,0.0,0.0,2.0,0.0,0.0,0.0,0.0,0.0,0.0,3.0,0.0
1582,BERAS CAP JASMINE (SST5%),10 kg,BARANGAN BERBUNGKUS,BERAS,0.0,0.0,0.0,0.0,0.0,0.0,3.0,0.0,0.0,0.0,4.0,0.0,0.0,0.0,0.0,0.0,0.0,0.0,0.0,0.0,4.0,0.0,0.0,0.0,0.0,0.0,0.0,4.0,0.0
1585,BIHUN KERING IMPORT (CAP BINTANG),400 g,BARANGAN BERBUNGKUS,BIHUN,0.0,0.0,0.0,0.0,0.0,0.0,38.0,0.0,0.0,0.0,49.0,0.0,0.0,0.0,0.0,0.0,0.0,0.0,0.0,0.0,35.0,0.0,0.0,0.0,0.0,0.0,0.0,35.0,0.0
1586,ROTI SANDWICH MASSIMO DENGAN GERMA GANDUM,400 g,BARANGAN BERBUNGKUS,ROTI,0.0,0.0,0.0,0.0,0.0,0.0,13.0,0.0,0.0,0.0,15.0,0.0,0.0,0.0,0.0,0.0,0.0,0.0,0.0,0.0,13.0,0.0,0.0,0.0,0.0,0.0,0.0,12.0,0.0
1587,GULA HALUS CASTOR (PELBAGAI JENAMA),+- 500g,BARANGAN BERBUNGKUS,GULA,0.0,0.0,0.0,0.0,0.0,0.0,17.0,0.0,0.0,0.0,16.0,0.0,0.0,1.0,0.0,0.0,0.0,2.0,0.0,0.0,16.0,0.0,0.0,0.0,1.0,0.0,0.0,18.0,0.0
1588,GULA MERAH LEMBUT (PELBAGAI JENAMA),+- 500g,BARANGAN BERBUNGKUS,GULA,0.0,0.0,0.0,0.0,0.0,1.0,23.0,0.0,0.0,0.0,22.0,0.0,0.0,4.0,0.0,0.0,0.0,6.0,0.0,0.0,20.0,0.0,0.0,0.0,1.0,0.0,1.0,28.0,0.0
1589,GULA PUTIH BERTAPIS KASAR (PELBAGAI JENAMA),1kg,BARANGAN BERBUNGKUS,GULA,0.0,0.0,0.0,0.0,0.0,11.0,152.0,0.0,0.0,0.0,114.0,8.0,0.0,55.0,0.0,0.0,0.0,11.0,0.0,9.0,145.0,0.0,0.0,0.0,0.0,0.0,10.0,156.0,0.0
1590,GULA PUTIH BERTAPIS HALUS (PELBAGAI JENAMA),1kg,BARANGAN BERBUNGKUS,GULA,0.0,0.0,0.0,0.0,0.0,1.0,9.0,0.0,0.0,0.0,12.0,0.0,0.0,0.0,0.0,0.0,0.0,1.0,0.0,0.0,10.0,0.0,0.0,0.0,0.0,0.0,1.0,10.0,0.0
1591,TEPUNG BERAS (PELBAGAI JENAMA),500 g,BARANGAN BERBUNGKUS,TEPUNG,0.0,0.0,0.0,0.0,0.0,10.0,126.0,0.0,0.0,0.0,98.0,8.0,0.0,45.0,0.0,0.0,0.0,11.0,0.0,10.0,122.0,0.0,0.0,0.0,2.0,0.0,10.0,131.0,0.0
1593,TEPUNG GANDUM GP (BERBUNGKUS) PELBAGAI JENAMA,1kg,BARANGAN BERBUNGKUS,TEPUNG,0.0,0.0,0.0,0.0,0.0,3.0,8.0,0.0,0.0,0.0,8.0,2.0,0.0,0.0,0.0,0.0,0.0,0.0,0.0,2.0,5.0,0.0,0.0,0.0,0.0,0.0,1.0,3.0,0.0
1594,TEPUNG PULUT (PELBAGAI JENAMA),500 g,BARANGAN BERBUNGKUS,TEPUNG,0.0,0.0,0.0,0.0,0.0,8.0,131.0,0.0,0.0,0.0,99.0,7.0,0.0,48.0,0.0,0.0,0.0,12.0,0.0,8.0,124.0,0.0,0.0,0.0,4.0,0.0,9.0,131.0,0.0
1595,MINYAK JAGUNG CAP DAISY,2 kg,BARANGAN BERBUNGKUS,MINYAK DAN LEMAK,0.0,0.0,0.0,0.0,0.0,0.0,1.0,0.0,0.0,0.0,2.0,0.0,0.0,0.0,0.0,0.0,0.0,0.0,0.0,0.0,2.0,0.0,0.0,0.0,0.0,0.0,0.0,2.0,0.0
1597,MINYAK JAGUNG CAP VECORN,2 kg,BARANGAN BERBUNGKUS,MINYAK DAN LEMAK,0.0,0.0,0.0,0.0,0.0,0.0,4.0,0.0,0.0,0.0,4.0,0.0,0.0,0.0,0.0,0.0,0.0,0.0,0.0,0.0,4.0,0.0,0.0,0.0,0.0,0.0,0.0,4.0,0.0
1598,MINYAK MASAK SEBATIAN CAP HELANG,2 kg,BARANGAN BERBUNGKUS,MINYAK DAN LEMAK,0.0,0.0,0.0,0.0,0.0,1.0,8.0,0.0,0.0,0.0,9.0,0.0,0.0,0.0,0.0,0.0,0.0,2.0,0.0,0.0,6.0,0.0,0.0,0.0,0.0,0.0,1.0,5.0,0.0
1600,MINYAK MASAK SEBATIAN CAP PISAU,2 kg,BARANGAN BERBUNGKUS,MINYAK DAN LEMAK,0.0,0.0,0.0,0.0,0.0,1.0,10.0,0.0,0.0,0.0,9.0,1.0,0.0,1.0,0.0,0.0,0.0,2.0,0.0,1.0,5.0,0.0,0.0,0.0,0.0,0.0,1.0,8.0,0.0
1601,MINYAK MASAK TULEN CAP BURUH,2 kg,BARANGAN BERBUNGKUS,MINYAK DAN LEMAK,0.0,0.0,0.0,0.0,0.0,3.0,16.0,0.0,0.0,0.0,18.0,2.0,0.0,1.0,0.0,0.0,0.0,2.0,0.0,1.0,13.0,0.0,0.0,0.0,0.0,0.0,1.0,18.0,0.0
1602,MINYAK MASAK TULEN CAP VESAWIT,2 kg,BARANGAN BERBUNGKUS,MINYAK DAN LEMAK,0.0,0.0,0.0,0.0,0.0,0.0,11.0,0.0,0.0,0.0,8.0,0.0,0.0,1.0,0.0,0.0,0.0,0.0,0.0,0.0,10.0,0.0,0.0,0.0,0.0,0.0,0.0,10.0,0.0
1603,MINYAK SAPI CAP WINDMILL GHEEBLEND,400 g,BARANGAN BERBUNGKUS,MINYAK DAN LEMAK,0.0,0.0,0.0,0.0,0.0,4.0,16.0,0.0,0.0,0.0,15.0,3.0,0.0,3.0,0.0,0.0,0.0,2.0,0.0,3.0,11.0,0.0,0.0,0.0,0.0,0.0,2.0,16.0,0.0
1604,ASAM JAWA (TIDAK BERBIJI) ADABI,200 g,BARANGAN BERBUNGKUS,REMPAH RATUS (BERBUNGKUS),0.0,0.0,0.0,0.0,0.0,7.0,92.0,0.0,0.0,0.0,68.0,5.0,0.0,40.0,0.0,0.0,0.0,9.0,0.0,7.0,90.0,0.0,0.0,0.0,2.0,0.0,7.0,95.0,0.0
1605,GARAM HALUS BIASA (PELBAGAI JENAMA),+-350g,BARANGAN BERBUNGKUS,REMPAH RATUS (BERBUNGKUS),0.0,0.0,0.0,0.0,0.0,0.0,44.0,0.0,0.0,0.0,49.0,0.0,0.0,1.0,0.0,0.0,0.0,4.0,0.0,1.0,36.0,0.0,0.0,0.0,2.0,0.0,1.0,38.0,0.0
1606,MENTEGA KACANG HALUS LADY'S CHOICE,500 g,BARANGAN BERBUNGKUS,SAPUAN (SPREADS),0.0,0.0,0.0,0.0,0.0,0.0,4.0,0.0,0.0,0.0,4.0,0.0,0.0,0.0,0.0,0.0,0.0,0.0,0.0,0.0,4.0,0.0,0.0,0.0,0.0,0.0,0.0,4.0,0.0
1607,LEPAAN FARMCOWS,250 g,BARANGAN BERBUNGKUS,SAPUAN (SPREADS),0.0,0.0,0.0,0.0,0.0,0.0,2.0,0.0,0.0,0.0,1.0,0.0,0.0,1.0,0.0,0.0,0.0,0.0,0.0,0.0,1.0,0.0,0.0,0.0,0.0,0.0,0.0,2.0,0.0
1608,LEPAAN BUTTERCUP,250 g,BARANGAN BERBUNGKUS,SAPUAN (SPREADS),0.0,0.0,0.0,0.0,0.0,1.0,8.0,0.0,0.0,0.0,8.0,1.0,0.0,1.0,0.0,0.0,0.0,0.0,0.0,1.0,10.0,0.0,0.0,0.0,0.0,0.0,0.0,8.0,0.0
1609,MENTEGA SCS (SALTED),250 g,BARANGAN BERBUNGKUS,MENTEGA,0.0,0.0,0.0,0.0,0.0,0.0,1.0,0.0,0.0,0.0,1.0,0.0,0.0,0.0,0.0,0.0,0.0,0.0,0.0,0.0,1.0,0.0,0.0,0.0,0.0,0.0,0.0,0.0,0.0
1610,SANTAN KELAPA JENAMA M&S,500 ml,BARANGAN BERBUNGKUS,SANTAN (KOTAK),0.0,0.0,0.0,0.0,0.0,1.0,16.0,0.0,0.0,0.0,14.0,0.0,0.0,3.0,0.0,0.0,0.0,0.0,0.0,1.0,16.0,0.0,0.0,0.0,1.0,0.0,1.0,15.0,0.0
1611,SANTAN KELAPA JENAMA KARA,200 ml,BARANGAN BERBUNGKUS,SANTAN (KOTAK),0.0,0.0,0.0,0.0,0.0,8.0,120.0,0.0,0.0,0.0,99.0,9.0,0.0,41.0,0.0,0.0,0.0,6.0,0.0,11.0,129.0,0.0,0.0,0.0,4.0,0.0,9.0,127.0,0.0
1612,SANTAN KELAPA JENAMA HARMUNI,200 ml,BARANGAN BERBUNGKUS,SANTAN (KOTAK),0.0,0.0,0.0,0.0,0.0,1.0,1.0,0.0,0.0,0.0,1.0,1.0,0.0,0.0,0.0,0.0,0.0,0.0,0.0,1.0,1.0,0.0,0.0,0.0,0.0,0.0,0.0,1.0,0.0
1613,ESEN STAR BRAND 'PELBAGAI PERISA',25 ml,BARANGAN BERBUNGKUS,ESEN DAN RAGI,0.0,0.0,0.0,0.0,0.0,6.0,92.0,0.0,0.0,0.0,70.0,5.0,0.0,37.0,0.0,0.0,0.0,9.0,0.0,6.0,90.0,0.0,0.0,0.0,0.0,0.0,6.0,96.0,0.0
1615,MENTEGA ANCHOR (SALTED),227g,BARANGAN BERBUNGKUS,MENTEGA,0.0,0.0,0.0,0.0,0.0,0.0,3.0,0.0,0.0,0.0,4.0,0.0,0.0,0.0,0.0,0.0,0.0,0.0,0.0,0.0,4.0,0.0,0.0,0.0,0.0,0.0,0.0,3.0,0.0
1616,MAURIPAN YIS SEGERA,11g,BARANGAN BERBUNGKUS,ESEN DAN RAGI,0.0,0.0,0.0,0.0,0.0,7.0,93.0,0.0,0.0,0.0,64.0,6.0,0.0,41.0,0.0,0.0,0.0,8.0,0.0,6.0,90.0,0.0,0.0,0.0,0.0,0.0,7.0,97.0,0.0
1619,SUSU TEPUNG SEGERA DUTCHLADY (BIASA ),600 g,BARANGAN BERBUNGKUS,KRIMER DAN SUSU TEPUNG,0.0,0.0,0.0,0.0,0.0,0.0,3.0,0.0,0.0,0.0,2.0,0.0,0.0,1.0,0.0,0.0,0.0,0.0,0.0,0.0,2.0,0.0,0.0,0.0,0.0,0.0,0.0,2.0,0.0
1623,S-26 SMA RUMUSAN BAYI LANGKAH 1 - (KOTAK),600 g,SUSU DAN BARANGAN BAYI,SUSU BAYI,0.0,0.0,0.0,0.0,0.0,0.0,2.0,0.0,0.0,0.0,1.0,0.0,0.0,1.0,0.0,0.0,0.0,0.0,0.0,0.0,2.0,0.0,0.0,0.0,0.0,0.0,0.0,2.0,0.0
1628,NESTLE CERELAC GANDUM DAN MADU - KOTAK,225g,SUSU DAN BARANGAN BAYI,MAKANAN BAYI,0.0,0.0,0.0,0.0,0.0,0.0,5.0,0.0,0.0,0.0,5.0,0.0,0.0,1.0,0.0,0.0,0.0,0.0,0.0,0.0,5.0,0.0,0.0,0.0,0.0,0.0,0.0,5.0,0.0
1629,NESTLE CERELAC BERAS MERAH & SUSU - TIN,350 g,SUSU DAN BARANGAN BAYI,MAKANAN BAYI,0.0,0.0,0.0,0.0,0.0,0.0,5.0,0.0,0.0,0.0,6.0,0.0,0.0,0.0,0.0,0.0,0.0,0.0,0.0,0.0,7.0,0.0,0.0,0.0,0.0,0.0,0.0,7.0,0.0
1630,BERUS GIGI COLGATE (TWISTER - SOFT),1 batang,PRODUK KEBERSIHAN,PENJAGAAN DIRI,0.0,0.0,0.0,0.0,0.0,0.0,0.0,0.0,0.0,0.0,0.0,0.0,0.0,0.0,0.0,0.0,0.0,0.0,0.0,0.0,2.0,0.0,0.0,0.0,0.0,0.0,0.0,0.0,0.0
1635,NESTLE COFFEE-MATE,450 g,MINUMAN,BAHAN-BAHAN MINUMAN,0.0,0.0,0.0,0.0,0.0,0.0,0.0,0.0,0.0,0.0,0.0,0.0,0.0,0.0,0.0,0.0,0.0,0.0,0.0,0.0,8.0,0.0,0.0,0.0,0.0,0.0,0.0,0.0,0.0
1636,MILO (PAKET),400 g,MINUMAN,BAHAN-BAHAN MINUMAN,0.0,0.0,0.0,0.0,0.0,0.0,0.0,0.0,0.0,0.0,0.0,0.0,0.0,0.0,0.0,0.0,0.0,7.0,0.0,8.0,79.0,0.0,0.0,0.0,0.0,0.0,0.0,0.0,0.0
1637,MILO (PAKET),1kg,MINUMAN,BAHAN-BAHAN MINUMAN,0.0,0.0,0.0,0.0,0.0,0.0,0.0,0.0,0.0,0.0,0.0,0.0,0.0,0.0,0.0,0.0,0.0,8.0,0.0,6.0,83.0,0.0,0.0,0.0,0.0,0.0,0.0,0.0,0.0
1638,MILO 3 IN 1 (PAKET) - ORIGINAL,30x33g,MINUMAN,BAHAN-BAHAN MINUMAN,0.0,0.0,0.0,0.0,0.0,0.0,0.0,0.0,0.0,0.0,0.0,0.0,0.0,0.0,0.0,0.0,0.0,0.0,0.0,0.0,1.0,0.0,0.0,0.0,0.0,0.0,0.0,0.0,0.0
1645,SERBUK KOPI CAP KAPAL API (KASAR) (BERBUNGKUS),180 g,MINUMAN,BAHAN-BAHAN MINUMAN,0.0,0.0,0.0,0.0,0.0,0.0,0.0,0.0,0.0,0.0,0.0,0.0,0.0,0.0,0.0,0.0,0.0,2.0,0.0,2.0,24.0,0.0,0.0,0.0,0.0,0.0,0.0,0.0,0.0
1646,SERBUK KOPI HANG TUAH ROBUSTA,200 g,MINUMAN,BAHAN-BAHAN MINUMAN,0.0,0.0,0.0,0.0,0.0,0.0,0.0,0.0,0.0,0.0,0.0,0.0,0.0,0.0,0.0,0.0,0.0,0.0,0.0,0.0,3.0,0.0,0.0,0.0,0.0,0.0,0.0,0.0,0.0
1647,TEH LIPTON (SERBUK),400 g,MINUMAN,BAHAN-BAHAN MINUMAN,0.0,0.0,0.0,0.0,0.0,0.0,0.0,0.0,0.0,0.0,0.0,0.0,0.0,0.0,0.0,0.0,0.0,0.0,0.0,1.0,12.0,0.0,0.0,0.0,0.0,0.0,0.0,0.0,0.0
1650,TEH LIPTON (UNCANG),100 beg,MINUMAN,BAHAN-BAHAN MINUMAN,0.0,0.0,0.0,0.0,0.0,0.0,0.0,0.0,0.0,0.0,0.0,0.0,0.0,0.0,0.0,0.0,0.0,4.0,0.0,4.0,9.0,0.0,0.0,0.0,0.0,0.0,0.0,0.0,0.0
1651,YEO'S SOYA (KOTAK),250 ml,MINUMAN,TERSEDIA MINUM,0.0,0.0,0.0,0.0,0.0,0.0,0.0,0.0,0.0,0.0,0.0,0.0,0.0,0.0,0.0,0.0,0.0,2.0,0.0,0.0,13.0,0.0,0.0,0.0,0.0,0.0,0.0,0.0,0.0
1804,KEPAK AYAM (CHICKEN WING) (1KG),1kg,BARANGAN SEGAR,AYAM,1.0,3.0,108.0,125.0,131.0,131.0,115.0,136.0,139.0,138.0,141.0,138.0,6.0,19.0,132.0,139.0,137.0,136.0,131.0,125.0,102.0,126.0,130.0,132.0,132.0,122.0,122.0,92.0,111.0
1818,KACANG BOTOL,1kg,BARANGAN SEGAR,SAYUR-SAYURAN,0.0,4.0,87.0,90.0,89.0,96.0,81.0,96.0,103.0,99.0,94.0,94.0,1.0,9.0,89.0,97.0,102.0,107.0,95.0,92.0,73.0,87.0,85.0,80.0,77.0,84.0,83.0,61.0,65.0
1819,LENGKUAS,1kg,BARANGAN SEGAR,SAYUR-SAYURAN,0.0,20.0,225.0,243.0,245.0,242.0,219.0,246.0,248.0,248.0,254.0,252.0,2.0,75.0,242.0,252.0,253.0,252.0,250.0,234.0,204.0,248.0,249.0,251.0,249.0,247.0,243.0,204.0,233.0
1820,TELUR MASIN,1 biji,BARANGAN SEGAR,TELUR,0.0,13.0,196.0,199.0,199.0,194.0,173.0,198.0,207.0,209.0,209.0,207.0,6.0,50.0,203.0,208.0,210.0,210.0,210.0,198.0,169.0,203.0,209.0,210.0,213.0,212.0,206.0,161.0,186.0
1821,TELUR MASIN,4 Biji,BARANGAN SEGAR,TELUR,0.0,1.0,91.0,97.0,99.0,95.0,84.0,99.0,105.0,108.0,108.0,106.0,2.0,35.0,104.0,105.0,107.0,108.0,108.0,94.0,83.0,103.0,104.0,106.0,107.0,108.0,101.0,86.0,97.0
1825,BERAS SUPER CAP ANGGUR SAZARICE 5% (IMPORT THAILAND),10 kg,BARANGAN BERBUNGKUS,BERAS,0.0,0.0,0.0,0.0,0.0,0.0,0.0,0.0,0.0,0.0,0.0,0.0,0.0,0.0,0.0,0.0,0.0,0.0,0.0,0.0,1.0,0.0,0.0,0.0,1.0,0.0,0.0,0.0,0.0
1826,BERAS SUPER CAP RODA SAZARICE 5% (IMPORT THAILAND),10 kg,BARANGAN BERBUNGKUS,BERAS,0.0,0.0,0.0,0.0,0.0,0.0,0.0,0.0,0.0,0.0,0.0,0.0,0.0,0.0,0.0,0.0,0.0,0.0,0.0,0.0,1.0,0.0,0.0,0.0,1.0,0.0,0.0,0.0,0.0
1827,"TEPUNG GANDUM NGP (BERBUNGKUS, CAP MUHIBAH)",1kg,BARANGAN BERBUNGKUS,TEPUNG,0.0,0.0,0.0,0.0,0.0,0.0,1.0,0.0,0.0,0.0,1.0,0.0,0.0,0.0,0.0,0.0,0.0,0.0,0.0,0.0,0.0,0.0,0.0,0.0,0.0,0.0,0.0,0.0,0.0
1828,KICAP SOYA PEKAT MANIS CAP AYAM,330 ml,BARANGAN BERBUNGKUS,KICAP DAN SOS,0.0,0.0,0.0,0.0,0.0,0.0,5.0,0.0,0.0,0.0,4.0,0.0,0.0,0.0,0.0,0.0,0.0,0.0,0.0,0.0,4.0,0.0,0.0,0.0,4.0,0.0,0.0,0.0,0.0
1833,BERAS PREMIUM CAP UNCLE TAN,10 kg,BARANGAN BERBUNGKUS,BERAS,0.0,0.0,0.0,0.0,0.0,0.0,1.0,0.0,0.0,0.0,1.0,0.0,0.0,0.0,0.0,0.0,0.0,0.0,0.0,0.0,1.0,0.0,0.0,0.0,0.0,0.0,0.0,1.0,0.0
1837,KICAP TONG NAM (DARK SOY SAUCE),330 ml,BARANGAN BERBUNGKUS,KICAP DAN SOS,0.0,0.0,0.0,0.0,0.0,0.0,1.0,0.0,0.0,0.0,1.0,0.0,0.0,0.0,0.0,0.0,0.0,0.0,0.0,0.0,1.0,0.0,0.0,0.0,0.0,0.0,0.0,1.0,0.0
1838,SERBUK KARI IKAN ALAGAPPAS,200 g,BARANGAN BERBUNGKUS,REMPAH RATUS (BERBUNGKUS),0.0,0.0,0.0,0.0,0.0,0.0,1.0,0.0,0.0,0.0,1.0,0.0,0.0,0.0,0.0,0.0,0.0,0.0,0.0,0.0,1.0,0.0,0.0,0.0,0.0,0.0,0.0,1.0,0.0
1839,SERBUK KARI DAGING ALAGAPPAS,200 g,BARANGAN BERBUNGKUS,REMPAH RATUS (BERBUNGKUS),0.0,0.0,0.0,0.0,0.0,0.0,1.0,0.0,0.0,0.0,1.0,0.0,0.0,0.0,0.0,0.0,0.0,0.0,0.0,0.0,1.0,0.0,0.0,0.0,0.0,0.0,0.0,1.0,0.0
1849,TEPUNG NAIK SENDIRI CAP 'BLUE KEY',1kg,BARANGAN BERBUNGKUS,TEPUNG,0.0,0.0,0.0,0.0,0.0,3.0,21.0,0.0,0.0,0.0,18.0,3.0,0.0,2.0,0.0,0.0,0.0,4.0,0.0,4.0,18.0,0.0,0.0,0.0,0.0,0.0,3.0,23.0,0.0
1854,KORDIAL F&N SUN VALLEY (GRENADINE),2 liter,MINUMAN,BAHAN-BAHAN MINUMAN,0.0,0.0,0.0,0.0,0.0,0.0,0.0,0.0,0.0,0.0,0.0,0.0,0.0,0.0,0.0,0.0,0.0,0.0,0.0,0.0,2.0,0.0,0.0,0.0,0.0,0.0,0.0,0.0,0.0
1870,"TEPUNG GANDUM NGP (BERBUNGKUS, CAP  FAIZA)",1kg,BARANGAN BERBUNGKUS,TEPUNG,0.0,0.0,0.0,0.0,0.0,3.0,39.0,0.0,0.0,0.0,32.0,3.0,0.0,11.0,0.0,0.0,0.0,1.0,0.0,3.0,37.0,0.0,0.0,0.0,0.0,0.0,3.0,36.0,0.0
1871,KRIMER SEJAT CAIR SAJI,390g,BARANGAN BERBUNGKUS,KRIMER DAN SUSU TEPUNG,0.0,0.0,0.0,0.0,0.0,3.0,36.0,0.0,0.0,0.0,19.0,4.0,0.0,19.0,0.0,0.0,0.0,4.0,0.0,5.0,27.0,0.0,0.0,0.0,0.0,0.0,5.0,33.0,0.0
1872,MAYONIS SEBENAR LADY'S CHOICE,220ml,BARANGAN BERBUNGKUS,SAPUAN (SPREADS),0.0,0.0,0.0,0.0,0.0,1.0,27.0,0.0,0.0,0.0,29.0,1.0,0.0,4.0,0.0,0.0,0.0,3.0,0.0,3.0,24.0,0.0,0.0,0.0,0.0,0.0,4.0,24.0,0.0
1877,NESCAFE BLEND & BREW 3 IN 1 (PAKET ) - ORIGINAL,28x19g,MINUMAN,BAHAN-BAHAN MINUMAN,0.0,0.0,0.0,0.0,0.0,0.0,0.0,0.0,0.0,0.0,0.0,0.0,0.0,0.0,0.0,0.0,0.0,5.0,0.0,4.0,16.0,0.0,0.0,0.0,0.0,0.0,0.0,0.0,0.0
1881,SERBUK CABAI ALAGAPPAS,230g,BARANGAN BERBUNGKUS,REMPAH RATUS (BERBUNGKUS),0.0,0.0,0.0,0.0,0.0,0.0,6.0,0.0,0.0,0.0,7.0,0.0,0.0,0.0,0.0,0.0,0.0,0.0,0.0,0.0,7.0,0.0,0.0,0.0,0.0,0.0,0.0,8.0,0.0
1882,TUNA CAP AYAM (TUNA MAYONNAISE),160 g,BARANGAN BERBUNGKUS,IKAN DALAM TIN,0.0,0.0,0.0,0.0,0.0,2.0,16.0,0.0,0.0,0.0,17.0,1.0,0.0,3.0,0.0,0.0,0.0,3.0,0.0,1.0,14.0,0.0,0.0,0.0,0.0,0.0,1.0,15.0,0.0
1884,SABUN SERBUK FAB (PERFECT),720g,PRODUK KEBERSIHAN,PENJAGAAN RUMAH,0.0,0.0,0.0,0.0,0.0,0.0,0.0,0.0,0.0,0.0,0.0,0.0,0.0,0.0,0.0,0.0,0.0,0.0,0.0,1.0,2.0,0.0,0.0,0.0,0.0,0.0,0.0,0.0,0.0
1899,CILI KERING KERINTING (BERTANGKAI/TIDAK BERTANGKAI),1kg,BARANGAN KERING,CILI KERING,0.0,14.0,173.0,177.0,178.0,179.0,159.0,184.0,187.0,188.0,189.0,182.0,1.0,43.0,175.0,181.0,181.0,183.0,181.0,172.0,144.0,176.0,184.0,186.0,191.0,187.0,180.0,142.0,166.0
1900,CILI KERING LEPER (BERTANGKAI/TIDAK BERTANGKAI),1kg,BARANGAN KERING,CILI KERING,0.0,0.0,92.0,95.0,91.0,89.0,84.0,90.0,90.0,89.0,90.0,89.0,1.0,36.0,92.0,94.0,95.0,96.0,97.0,91.0,81.0,91.0,95.0,93.0,94.0,94.0,94.0,75.0,81.0
1904,DUMEX DUGRO 3 (1-3 TAHUN) PERISA ASLI (850G),850g,SUSU DAN BARANGAN BAYI,SUSU BAYI,0.0,0.0,0.0,0.0,0.0,0.0,2.0,0.0,0.0,0.0,1.0,0.0,0.0,1.0,0.0,0.0,0.0,0.0,0.0,0.0,2.0,0.0,0.0,0.0,0.0,0.0,0.0,3.0,0.0
1907,DAGING KAMBING BEBIRI IMPORT BERTULANG (LAMB) (AUSTRALIA - KOTAK) (1KG),1kg,BARANGAN SEGAR,DAGING,0.0,0.0,3.0,2.0,2.0,3.0,1.0,3.0,3.0,3.0,2.0,2.0,0.0,0.0,2.0,3.0,4.0,4.0,4.0,4.0,3.0,2.0,3.0,3.0,3.0,3.0,2.0,1.0,2.0
1908,DAGING KAMBING BEBIRI IMPORT BERTULANG (LAMB) (NEW ZEALAND - KOTAK),1kg,BARANGAN SEGAR,DAGING,0.0,0.0,1.0,1.0,1.0,1.0,1.0,1.0,1.0,1.0,1.0,1.0,1.0,0.0,1.0,1.0,1.0,1.0,1.0,1.0,1.0,1.0,1.0,1.0,1.0,1.0,1.0,1.0,1.0
1909,DAGING KAMBING BEBIRI IMPORT TANPA TULANG (LAMB) (TIDAK TERMASUK PAHA - AUSTRALIA),1kg,BARANGAN SEGAR,DAGING,0.0,0.0,0.0,0.0,0.0,0.0,0.0,0.0,0.0,0.0,0.0,0.0,0.0,0.0,0.0,1.0,1.0,1.0,1.0,1.0,1.0,0.0,1.0,1.0,1.0,1.0,0.0,0.0,0.0
1910,DAGING KAMBING BEBIRI IMPORT TANPA TULANG (LAMB) (TIDAK TERMASUK PAHA - NEW ZEALAND),1kg,BARANGAN SEGAR,DAGING,0.0,0.0,2.0,1.0,0.0,1.0,0.0,1.0,1.0,1.0,1.0,1.0,0.0,0.0,1.0,0.0,0.0,0.0,0.0,0.0,0.0,0.0,0.0,0.0,0.0,0.0,0.0,0.0,0.0
1911,DAGING PAHA KAMBING BEBIRI IMPORT BERTULANG (LAMB) (AUSTRALIA),1kg,BARANGAN SEGAR,DAGING,0.0,0.0,5.0,4.0,3.0,5.0,4.0,5.0,6.0,6.0,6.0,6.0,0.0,0.0,5.0,6.0,6.0,6.0,6.0,5.0,4.0,5.0,6.0,6.0,6.0,6.0,6.0,5.0,5.0
1912,DAGING PAHA KAMBING BEBIRI IMPORT BERTULANG (LAMB) (NEW ZEALAND),1kg,BARANGAN SEGAR,DAGING,0.0,0.0,3.0,3.0,2.0,3.0,2.0,3.0,3.0,3.0,3.0,3.0,0.0,1.0,3.0,3.0,3.0,3.0,2.0,1.0,1.0,2.0,2.0,2.0,2.0,2.0,2.0,2.0,2.0
1913,DAGING LEMBU IMPORT (BLOCK),1kg,BARANGAN SEGAR,DAGING,0.0,0.0,0.0,0.0,0.0,0.0,0.0,0.0,0.0,0.0,0.0,0.0,0.0,0.0,0.0,0.0,0.0,0.0,0.0,0.0,0.0,0.0,1.0,1.0,1.0,1.0,1.0,0.0,1.0
1914,DAGING KERBAU IMPORT (INDIA) (BLOCK),1kg,BARANGAN SEGAR,DAGING,0.0,1.0,11.0,13.0,14.0,14.0,8.0,14.0,13.0,15.0,15.0,14.0,0.0,0.0,14.0,14.0,13.0,13.0,13.0,13.0,7.0,12.0,12.0,12.0,12.0,12.0,12.0,8.0,12.0
1915,IKAN JENAHAK (KEPINGAN),1kg,BARANGAN SEGAR,BAHAN LAUT,0.0,6.0,18.0,20.0,29.0,34.0,31.0,36.0,37.0,42.0,48.0,42.0,0.0,7.0,40.0,45.0,54.0,54.0,46.0,48.0,38.0,47.0,46.0,46.0,48.0,49.0,47.0,36.0,40.0
1916,IKAN DEMUDUK/CUPAK/CERMIN (b	$ 3 EKOR SEKILOGRAM),1kg,BARANGAN SEGAR,BAHAN LAUT,0.0,8.0,35.0,35.0,49.0,56.0,42.0,53.0,57.0,67.0,66.0,58.0,0.0,16.0,66.0,69.0,71.0,68.0,72.0,71.0,53.0,64.0,65.0,71.0,70.0,68.0,67.0,53.0,56.0
1917,IKAN PARANG (KEPINGAN),1kg,BARANGAN SEGAR,BAHAN LAUT,0.0,0.0,7.0,5.0,9.0,11.0,7.0,7.0,7.0,9.0,9.0,13.0,0.0,1.0,11.0,15.0,15.0,15.0,18.0,23.0,13.0,21.0,25.0,19.0,24.0,25.0,24.0,14.0,18.0
1918,IKAN TERUBOK (b	$ 4 EKOR SEKILOGRAM),1kg,BARANGAN SEGAR,BAHAN LAUT,0.0,3.0,13.0,7.0,8.0,9.0,11.0,13.0,12.0,9.0,10.0,7.0,0.0,0.0,7.0,10.0,6.0,7.0,8.0,6.0,8.0,9.0,9.0,10.0,13.0,15.0,12.0,12.0,13.0
1919,UDANG PUTIH BESAR (ANTARA 20 HINGGA 30 EKOR SEKILOGRAM),1kg,BARANGAN SEGAR,BAHAN LAUT,0.0,1.0,2.0,4.0,5.0,5.0,1.0,4.0,7.0,6.0,6.0,8.0,0.0,1.0,3.0,7.0,11.0,8.0,10.0,12.0,5.0,5.0,8.0,8.0,7.0,8.0,8.0,4.0,10.0
1920,KERANG (SAIZ SEDERHANA),1kg,BARANGAN SEGAR,BAHAN LAUT,0.0,4.0,39.0,41.0,56.0,74.0,56.0,75.0,79.0,93.0,97.0,103.0,2.0,26.0,91.0,98.0,105.0,112.0,114.0,102.0,67.0,95.0,103.0,106.0,107.0,104.0,95.0,77.0,92.0
1921,IKAN TILAPIA MERAH (ANTARA 2 HINGGA 5 EKOR SEKILOGRAM),1kg,BARANGAN SEGAR,IKAN DARAT,0.0,8.0,75.0,80.0,109.0,114.0,101.0,121.0,130.0,137.0,145.0,147.0,2.0,46.0,135.0,135.0,135.0,145.0,149.0,143.0,113.0,136.0,141.0,142.0,148.0,146.0,142.0,124.0,141.0
1922,SADERI,1kg,BARANGAN SEGAR,SAYUR-SAYURAN,0.0,14.0,157.0,168.0,176.0,169.0,145.0,172.0,173.0,177.0,182.0,187.0,1.0,55.0,177.0,193.0,201.0,196.0,194.0,183.0,161.0,197.0,197.0,201.0,202.0,201.0,195.0,168.0,192.0
1923,TERUNG BULAT,1kg,BARANGAN SEGAR,SAYUR-SAYURAN,0.0,8.0,115.0,129.0,133.0,130.0,112.0,131.0,140.0,138.0,141.0,141.0,0.0,26.0,136.0,142.0,144.0,143.0,147.0,137.0,116.0,140.0,142.0,143.0,141.0,148.0,146.0,126.0,147.0
1924,SERBUK KUNYIT ALAGAPPAS,230g,BARANGAN BERBUNGKUS,REMPAH RATUS (BERBUNGKUS),0.0,0.0,0.0,0.0,0.0,0.0,4.0,0.0,0.0,0.0,4.0,0.0,0.0,0.0,0.0,0.0,0.0,0.0,0.0,0.0,4.0,0.0,0.0,0.0,0.0,0.0,0.0,4.0,0.0
1925,CILI API/PADI MERAH,1kg,BARANGAN SEGAR,SAYUR-SAYURAN,1.0,0.0,11.0,9.0,8.0,8.0,8.0,8.0,9.0,10.0,11.0,12.0,2.0,0.0,13.0,10.0,13.0,14.0,15.0,15.0,11.0,14.0,14.0,14.0,15.0,15.0,14.0,2.0,4.0
1926,CILI AKAR HIJAU,1kg,BARANGAN SEGAR,SAYUR-SAYURAN,0.0,21.0,192.0,208.0,212.0,209.0,184.0,211.0,214.0,219.0,220.0,217.0,0.0,70.0,212.0,226.0,225.0,221.0,227.0,208.0,176.0,202.0,210.0,208.0,208.0,207.0,207.0,186.0,208.0
1927,CILI AKAR MERAH,1kg,BARANGAN SEGAR,SAYUR-SAYURAN,0.0,6.0,106.0,113.0,117.0,120.0,104.0,124.0,126.0,124.0,124.0,122.0,2.0,41.0,115.0,129.0,131.0,130.0,129.0,120.0,101.0,128.0,130.0,128.0,128.0,127.0,126.0,105.0,130.0
1928,LIMAU KASTURI,1kg,BARANGAN SEGAR,SAYUR-SAYURAN,1.0,20.0,214.0,229.0,231.0,231.0,204.0,233.0,239.0,238.0,244.0,242.0,5.0,66.0,237.0,250.0,249.0,250.0,249.0,239.0,209.0,244.0,248.0,247.0,247.0,248.0,245.0,210.0,232.0
1929,SANTAN KELAPA SEGAR (PEKAT),1kg,BARANGAN SEGAR,KELAPA,0.0,14.0,116.0,120.0,124.0,125.0,117.0,126.0,131.0,135.0,135.0,133.0,1.0,49.0,125.0,131.0,134.0,136.0,135.0,126.0,112.0,129.0,132.0,134.0,138.0,136.0,134.0,114.0,128.0
1930,TELUR AYAM KAMPUNG,10 biji,BARANGAN SEGAR,TELUR,0.0,2.0,80.0,85.0,88.0,87.0,71.0,85.0,89.0,87.0,90.0,87.0,0.0,5.0,84.0,91.0,87.0,91.0,95.0,87.0,66.0,84.0,89.0,86.0,88.0,86.0,83.0,67.0,85.0
1931,BAWANG BESAR IMPORT (PAKISTAN),1kg,BARANGAN KERING,BAWANG,0.0,14.0,37.0,37.0,38.0,36.0,35.0,34.0,34.0,36.0,34.0,34.0,1.0,17.0,29.0,32.0,33.0,32.0,31.0,24.0,23.0,25.0,25.0,27.0,26.0,26.0,23.0,24.0,24.0
1933,BAWANG KECIL MERAH IMPORT (HOLLAND),1kg,BARANGAN KERING,BAWANG,0.0,0.0,0.0,0.0,0.0,0.0,0.0,0.0,0.0,0.0,0.0,0.0,0.0,0.0,0.0,0.0,0.0,1.0,0.0,0.0,0.0,0.0,0.0,0.0,0.0,0.0,0.0,0.0,0.0
1937,MINYAK MASAK TULEN CAP SAJI,1kg,BARANGAN BERBUNGKUS,MINYAK DAN LEMAK,0.0,0.0,0.0,0.0,0.0,1.0,3.0,0.0,0.0,0.0,2.0,0.0,0.0,1.0,0.0,0.0,0.0,0.0,0.0,0.0,2.0,0.0,0.0,0.0,0.0,0.0,0.0,5.0,0.0
1938,MINYAK MASAK TULEN CAP SAJI,2 kg,BARANGAN BERBUNGKUS,MINYAK DAN LEMAK,0.0,0.0,0.0,0.0,0.0,3.0,39.0,0.0,0.0,0.0,25.0,2.0,0.0,15.0,0.0,0.0,0.0,5.0,0.0,3.0,36.0,0.0,0.0,0.0,0.0,0.0,4.0,44.0,0.0
1939,MINYAK MASAK TULEN CAP SAJI,5 kg,BARANGAN BERBUNGKUS,MINYAK DAN LEMAK,0.0,0.0,0.0,0.0,0.0,2.0,48.0,0.0,0.0,0.0,36.0,1.0,0.0,19.0,0.0,0.0,0.0,7.0,0.0,2.0,45.0,0.0,0.0,0.0,0.0,0.0,5.0,47.0,0.0
1940,MINYAK MASAK TULEN CAP ALIF,1kg,BARANGAN BERBUNGKUS,MINYAK DAN LEMAK,0.0,0.0,0.0,0.0,0.0,0.0,0.0,0.0,0.0,0.0,0.0,0.0,0.0,0.0,0.0,0.0,0.0,0.0,0.0,0.0,1.0,0.0,0.0,0.0,0.0,0.0,0.0,1.0,0.0
1941,MINYAK MASAK TULEN CAP ALIF,2 kg,BARANGAN BERBUNGKUS,MINYAK DAN LEMAK,0.0,0.0,0.0,0.0,0.0,0.0,2.0,0.0,0.0,0.0,1.0,0.0,0.0,0.0,0.0,0.0,0.0,0.0,0.0,0.0,2.0,0.0,0.0,0.0,0.0,0.0,0.0,2.0,0.0
1942,MINYAK MASAK TULEN CAP ALIF,5 kg,BARANGAN BERBUNGKUS,MINYAK DAN LEMAK,0.0,0.0,0.0,0.0,0.0,1.0,4.0,0.0,0.0,0.0,3.0,1.0,0.0,0.0,0.0,0.0,0.0,0.0,0.0,1.0,5.0,0.0,0.0,0.0,0.0,0.0,1.0,4.0,0.0
1943,KACANG MERAH (IMPORT),1kg,BARANGAN KERING,KACANG,0.0,3.0,77.0,79.0,81.0,80.0,65.0,78.0,81.0,83.0,84.0,81.0,0.0,15.0,82.0,83.0,82.0,85.0,83.0,78.0,59.0,81.0,84.0,83.0,83.0,81.0,82.0,59.0,74.0
1944,KACANG SOYA (IMPORT),1kg,BARANGAN KERING,KACANG,0.0,1.0,53.0,55.0,58.0,59.0,42.0,56.0,59.0,59.0,59.0,56.0,0.0,6.0,54.0,51.0,50.0,51.0,52.0,47.0,31.0,49.0,52.0,52.0,53.0,52.0,53.0,37.0,49.0
1945,TAUHU (JENIS KERAS),sekeping,BARANGAN SEGAR,TAUHU DAN TEMPE,0.0,21.0,194.0,200.0,204.0,203.0,177.0,206.0,211.0,213.0,216.0,215.0,1.0,63.0,206.0,218.0,223.0,222.0,223.0,214.0,185.0,222.0,224.0,226.0,226.0,225.0,222.0,189.0,215.0
1946,TEMPE (BUNGKUSAN PLASTIK),sekeping,BARANGAN SEGAR,TAUHU DAN TEMPE,1.0,16.0,189.0,193.0,198.0,195.0,176.0,197.0,205.0,211.0,212.0,210.0,3.0,62.0,203.0,210.0,213.0,208.0,210.0,195.0,174.0,208.0,213.0,217.0,216.0,215.0,209.0,180.0,197.0
1947,SERBUK PENAIK ROYAL (TIN),113g,BARANGAN BERBUNGKUS,ESEN DAN RAGI,0.0,0.0,0.0,0.0,0.0,0.0,10.0,0.0,0.0,0.0,10.0,1.0,0.0,1.0,0.0,0.0,0.0,2.0,0.0,1.0,8.0,0.0,0.0,0.0,2.0,0.0,1.0,8.0,0.0
1948,RAGI BULAT/RAGI TAPAI,1 biji,BARANGAN BERBUNGKUS,ESEN DAN RAGI,0.0,0.0,0.0,0.0,0.0,3.0,22.0,0.0,0.0,0.0,17.0,2.0,0.0,9.0,0.0,0.0,0.0,1.0,0.0,1.0,19.0,0.0,0.0,0.0,0.0,0.0,2.0,20.0,0.0
1951,BERAS SUPER CAP 3A BOY (IMPORT),10 kg,BARANGAN BERBUNGKUS,BERAS,0.0,0.0,0.0,0.0,0.0,0.0,1.0,0.0,0.0,0.0,1.0,0.0,0.0,0.0,0.0,0.0,0.0,0.0,0.0,0.0,1.0,0.0,0.0,0.0,0.0,0.0,0.0,1.0,0.0
1952,KRIMER SEJAT CAP F&N,390g,BARANGAN BERBUNGKUS,KRIMER DAN SUSU TEPUNG,0.0,0.0,0.0,0.0,0.0,3.0,21.0,0.0,0.0,0.0,22.0,2.0,0.0,4.0,0.0,0.0,0.0,2.0,0.0,2.0,19.0,0.0,0.0,0.0,0.0,0.0,1.0,21.0,0.0
1953,KRIMER MANIS PEKAT CAP SAJI,500 g,BARANGAN BERBUNGKUS,KRIMER DAN SUSU TEPUNG,0.0,0.0,0.0,0.0,0.0,3.0,41.0,0.0,0.0,0.0,26.0,4.0,0.0,20.0,0.0,0.0,0.0,4.0,0.0,6.0,32.0,0.0,0.0,0.0,0.0,0.0,5.0,38.0,0.0
1954,SUSU TEPUNG SEGERA EVERYDAY,900 g,BARANGAN BERBUNGKUS,KRIMER DAN SUSU TEPUNG,0.0,0.0,0.0,0.0,0.0,0.0,2.0,0.0,0.0,0.0,3.0,1.0,0.0,1.0,0.0,0.0,0.0,0.0,0.0,1.0,3.0,0.0,0.0,0.0,0.0,0.0,1.0,2.0,0.0
1955,YOGURT MARIGOLD (LOW FAT) (STRAWBERRY),130g,MINUMAN,TERSEDIA MINUM,0.0,0.0,0.0,0.0,0.0,0.0,0.0,0.0,0.0,0.0,0.0,0.0,0.0,0.0,0.0,0.0,0.0,0.0,0.0,0.0,1.0,0.0,0.0,0.0,0.0,0.0,0.0,0.0,0.0
1957,NAN PRO LANGKAH 2 RUMUSAN SUSULAN (KOTAK),600 g,SUSU DAN BARANGAN BAYI,SUSU BAYI,0.0,0.0,0.0,0.0,0.0,0.0,1.0,0.0,0.0,0.0,1.0,0.0,0.0,0.0,0.0,0.0,0.0,0.0,0.0,0.0,0.0,0.0,0.0,0.0,0.0,0.0,0.0,1.0,0.0
1958,NANKID OPTIPRO LANGKAH 3 RUMUSAN UNTUK KANAK-KANAK,600 g,SUSU DAN BARANGAN BAYI,SUSU BAYI,0.0,0.0,0.0,0.0,0.0,0.0,1.0,0.0,0.0,0.0,1.0,0.0,0.0,0.0,0.0,0.0,0.0,0.0,0.0,0.0,1.0,0.0,0.0,0.0,0.0,0.0,0.0,1.0,0.0
1962,NESTUM (ORIGINAL),500 g,MINUMAN,BAHAN-BAHAN MINUMAN,0.0,0.0,0.0,0.0,0.0,0.0,0.0,0.0,0.0,0.0,0.0,0.0,0.0,0.0,0.0,0.0,0.0,1.0,0.0,1.0,10.0,0.0,0.0,0.0,0.0,0.0,0.0,0.0,0.0
1963,REFILL ANMUM ESSENTIAL LANGKAH 4 PERISA ASLI (TANPA GULA TAMBAHAN) - KOTAK,550 g,SUSU DAN BARANGAN BAYI,SUSU BAYI,0.0,0.0,0.0,0.0,0.0,0.0,3.0,0.0,0.0,0.0,1.0,0.0,0.0,1.0,0.0,0.0,0.0,0.0,0.0,0.0,1.0,0.0,0.0,0.0,0.0,0.0,0.0,1.0,0.0
1966,MILNA BISKUT RUSK (ASLI),130g,SUSU DAN BARANGAN BAYI,MAKANAN BAYI,0.0,0.0,0.0,0.0,0.0,0.0,2.0,0.0,0.0,0.0,2.0,0.0,0.0,1.0,0.0,0.0,0.0,0.0,0.0,0.0,3.0,0.0,0.0,0.0,0.0,0.0,0.0,3.0,0.0
1967,PETPET GOLD+,M70,SUSU DAN BARANGAN BAYI,LAMPIN PAKAI BUANG,0.0,0.0,0.0,0.0,0.0,0.0,1.0,0.0,0.0,0.0,1.0,0.0,0.0,0.0,0.0,0.0,0.0,0.0,0.0,0.0,1.0,0.0,0.0,0.0,0.0,0.0,0.0,1.0,0.0
1968,DRYPERS WEE WEE DRY (M74),M74,SUSU DAN BARANGAN BAYI,LAMPIN PAKAI BUANG,0.0,0.0,0.0,0.0,0.0,0.0,2.0,0.0,0.0,0.0,2.0,0.0,0.0,0.0,0.0,0.0,0.0,0.0,0.0,0.0,2.0,0.0,0.0,0.0,0.0,0.0,0.0,2.0,0.0
1969,HUGGIES DRY DIAPERS (M72),M72,SUSU DAN BARANGAN BAYI,LAMPIN PAKAI BUANG,0.0,0.0,0.0,0.0,0.0,0.0,2.0,0.0,0.0,0.0,2.0,0.0,0.0,0.0,0.0,0.0,0.0,0.0,0.0,0.0,2.0,0.0,0.0,0.0,0.0,0.0,0.0,2.0,0.0
1970,DIAPEX EASY,M70,SUSU DAN BARANGAN BAYI,LAMPIN PAKAI BUANG,0.0,0.0,0.0,0.0,0.0,0.0,5.0,0.0,0.0,0.0,5.0,0.0,0.0,0.0,0.0,0.0,0.0,0.0,0.0,0.0,5.0,0.0,0.0,0.0,0.0,0.0,0.0,5.0,0.0
1971,FITTI,M60,SUSU DAN BARANGAN BAYI,LAMPIN PAKAI BUANG,0.0,0.0,0.0,0.0,0.0,0.0,3.0,0.0,0.0,0.0,3.0,0.0,0.0,0.0,0.0,0.0,0.0,0.0,0.0,0.0,3.0,0.0,0.0,0.0,0.0,0.0,0.0,3.0,0.0
1974,DRYPERS DRYPANTZ,M60,SUSU DAN BARANGAN BAYI,LAMPIN PAKAI BUANG,0.0,0.0,0.0,0.0,0.0,0.0,3.0,0.0,0.0,0.0,3.0,0.0,0.0,0.0,0.0,0.0,0.0,0.0,0.0,0.0,3.0,0.0,0.0,0.0,0.0,0.0,0.0,3.0,0.0
1975,HUGGIES DRY PANTS,M60,SUSU DAN BARANGAN BAYI,LAMPIN PAKAI BUANG,0.0,0.0,0.0,0.0,0.0,0.0,4.0,0.0,0.0,0.0,3.0,0.0,0.0,1.0,0.0,0.0,0.0,0.0,0.0,0.0,3.0,0.0,0.0,0.0,0.0,0.0,0.0,3.0,0.0
1976,MAGGI MI SEGERA PERISA KARI,5 X 79g,BARANGAN BERBUNGKUS,MI SEGERA,0.0,0.0,0.0,0.0,0.0,8.0,92.0,0.0,0.0,0.0,67.0,8.0,0.0,36.0,0.0,0.0,0.0,9.0,0.0,8.0,89.0,0.0,0.0,0.0,1.0,0.0,5.0,94.0,0.0
1977,CINTAN MI SEGERA PERISA AYAM,5 X 75g,BARANGAN BERBUNGKUS,MI SEGERA,0.0,0.0,0.0,0.0,0.0,0.0,3.0,0.0,0.0,0.0,3.0,0.0,0.0,0.0,0.0,0.0,0.0,0.0,0.0,0.0,1.0,0.0,0.0,0.0,0.0,0.0,0.0,1.0,0.0
1978,MI SEDAP MI GORENG PERISA ASLI,5 X 90g,BARANGAN BERBUNGKUS,MI SEGERA,0.0,0.0,0.0,0.0,0.0,6.0,61.0,0.0,0.0,0.0,46.0,6.0,0.0,19.0,0.0,0.0,0.0,5.0,0.0,7.0,58.0,0.0,0.0,0.0,1.0,0.0,6.0,63.0,0.0
1979,SABUN MANDIAN LIFEBUOY (COOL FRESH),300ml,PRODUK KEBERSIHAN,PENJAGAAN DIRI,0.0,0.0,0.0,0.0,0.0,0.0,0.0,0.0,0.0,0.0,0.0,0.0,0.0,0.0,0.0,0.0,0.0,1.0,0.0,0.0,12.0,0.0,0.0,0.0,0.0,0.0,0.0,0.0,0.0
1981,SABUN MANDIAN LUX (MAGICAL SPELL),220 ml,PRODUK KEBERSIHAN,PENJAGAAN DIRI,0.0,0.0,0.0,0.0,0.0,0.0,0.0,0.0,0.0,0.0,0.0,0.0,0.0,0.0,0.0,0.0,0.0,0.0,0.0,0.0,1.0,0.0,0.0,0.0,0.0,0.0,0.0,0.0,0.0
1983,SYAMPU PANTENE PRO-V (HAIR FALL CONTROL),340ml,PRODUK KEBERSIHAN,PENJAGAAN DIRI,0.0,0.0,0.0,0.0,0.0,0.0,0.0,0.0,0.0,0.0,0.0,0.0,0.0,0.0,0.0,0.0,0.0,0.0,0.0,0.0,6.0,0.0,0.0,0.0,0.0,0.0,0.0,0.0,0.0
1984,SYAMPU HEAD & SHOULDERS (SMOOTH & SILKY),330 ml,PRODUK KEBERSIHAN,PENJAGAAN DIRI,0.0,0.0,0.0,0.0,0.0,0.0,0.0,0.0,0.0,0.0,0.0,0.0,0.0,0.0,0.0,0.0,0.0,1.0,0.0,0.0,0.0,0.0,0.0,0.0,0.0,0.0,0.0,0.0,0.0
1985,TUALA WANITA KOTEX SOFT & SMOOTH (MAXI - NON WING),10 PAD,PRODUK KEBERSIHAN,PENJAGAAN DIRI,0.0,0.0,0.0,0.0,0.0,0.0,0.0,0.0,0.0,0.0,0.0,0.0,0.0,0.0,0.0,0.0,0.0,0.0,0.0,0.0,6.0,0.0,0.0,0.0,0.0,0.0,0.0,0.0,0.0
1986,TUALA WANITA LIBRESSE (MAXI - NON WING),10 PAD,PRODUK KEBERSIHAN,PENJAGAAN DIRI,0.0,0.0,0.0,0.0,0.0,0.0,0.0,0.0,0.0,0.0,0.0,0.0,0.0,0.0,0.0,0.0,0.0,0.0,0.0,0.0,2.0,0.0,0.0,0.0,0.0,0.0,0.0,0.0,0.0
1988,DEODORAN NIVEA (EXTRA BRIGHTENING),150 ml,PRODUK KEBERSIHAN,PENJAGAAN DIRI,0.0,0.0,0.0,0.0,0.0,0.0,0.0,0.0,0.0,0.0,0.0,0.0,0.0,0.0,0.0,0.0,0.0,0.0,0.0,0.0,1.0,0.0,0.0,0.0,0.0,0.0,0.0,0.0,0.0
1990,DEODORAN REXONA (POWDER DRY BRIGHTENING),50 ml,PRODUK KEBERSIHAN,PENJAGAAN DIRI,0.0,0.0,0.0,0.0,0.0,0.0,0.0,0.0,0.0,0.0,0.0,0.0,0.0,0.0,0.0,0.0,0.0,0.0,0.0,0.0,1.0,0.0,0.0,0.0,0.0,0.0,0.0,0.0,0.0
1991,SABUN SERBUK BREEZE (POWER CLEAN),750 g,PRODUK KEBERSIHAN,PENJAGAAN RUMAH,0.0,0.0,0.0,0.0,0.0,0.0,0.0,0.0,0.0,0.0,0.0,0.0,0.0,0.0,0.0,0.0,0.0,2.0,0.0,1.0,8.0,0.0,0.0,0.0,0.0,0.0,0.0,0.0,0.0
1992,SABUN SERBUK ATTACK (AROMA FRESH + COLOUR),800 g,PRODUK KEBERSIHAN,PENJAGAAN RUMAH,0.0,0.0,0.0,0.0,0.0,0.0,0.0,0.0,0.0,0.0,0.0,0.0,0.0,0.0,0.0,0.0,0.0,0.0,0.0,1.0,2.0,0.0,0.0,0.0,0.0,0.0,0.0,0.0,0.0
1993,SABUN SERBUK TOP (SUPER COLOUR),750 g,PRODUK KEBERSIHAN,PENJAGAAN RUMAH,0.0,0.0,0.0,0.0,0.0,0.0,0.0,0.0,0.0,0.0,0.0,0.0,0.0,0.0,0.0,0.0,0.0,1.0,0.0,0.0,6.0,0.0,0.0,0.0,0.0,0.0,0.0,0.0,0.0
1994,DYNAMO POWER GEL (PERFECT CLEAN),3 kg,PRODUK KEBERSIHAN,PENJAGAAN RUMAH,0.0,0.0,0.0,0.0,0.0,0.0,0.0,0.0,0.0,0.0,0.0,0.0,0.0,0.0,0.0,0.0,0.0,0.0,0.0,0.0,1.0,0.0,0.0,0.0,0.0,0.0,0.0,0.0,0.0
1995,DAIA EXCELLENT WASHING POWER (EUA DE PARFUM),750 g,PRODUK KEBERSIHAN,PENJAGAAN RUMAH,0.0,0.0,0.0,0.0,0.0,0.0,0.0,0.0,0.0,0.0,0.0,0.0,0.0,0.0,0.0,0.0,0.0,3.0,0.0,3.0,13.0,0.0,0.0,0.0,0.0,0.0,0.0,0.0,0.0
1996,PELEMBUT PAKAIAN - SOFTLAN (FLORAL FANTASY),1 liter,PRODUK KEBERSIHAN,PENJAGAAN RUMAH,0.0,0.0,0.0,0.0,0.0,0.0,0.0,0.0,0.0,0.0,0.0,0.0,0.0,0.0,0.0,0.0,0.0,0.0,0.0,1.0,3.0,0.0,0.0,0.0,0.0,0.0,0.0,0.0,0.0
1998,PENCUCI PELBAGAI GUNA DETTOL (LAVENDER),2.5 liter,PRODUK KEBERSIHAN,PENJAGAAN RUMAH,0.0,0.0,0.0,0.0,0.0,0.0,0.0,0.0,0.0,0.0,0.0,0.0,0.0,0.0,0.0,0.0,0.0,0.0,0.0,0.0,1.0,0.0,0.0,0.0,0.0,0.0,0.0,0.0,0.0
2000,PENCUCI PELBAGAI GUNA AJAX FABULOSO (LAVENDER),2 liter,PRODUK KEBERSIHAN,PENJAGAAN RUMAH,0.0,0.0,0.0,0.0,0.0,0.0,0.0,0.0,0.0,0.0,0.0,0.0,0.0,0.0,0.0,0.0,0.0,1.0,0.0,0.0,6.0,0.0,0.0,0.0,0.0,0.0,0.0,0.0,0.0
2001,DUMEX DUPRO 2 (RUMUSAN SUSULAN),850g,SUSU DAN BARANGAN BAYI,SUSU BAYI,0.0,0.0,0.0,0.0,0.0,0.0,3.0,0.0,0.0,0.0,1.0,0.0,0.0,1.0,0.0,0.0,0.0,0.0,0.0,0.0,1.0,0.0,0.0,0.0,0.0,0.0,0.0,2.0,0.0
2002,PELUNTUR CLOROX (ORIGINAL),1 liter,PRODUK KEBERSIHAN,PENJAGAAN RUMAH,0.0,0.0,0.0,0.0,0.0,0.0,0.0,0.0,0.0,0.0,0.0,0.0,0.0,0.0,0.0,0.0,0.0,1.0,0.0,1.0,1.0,0.0,0.0,0.0,0.0,0.0,0.0,0.0,0.0
2008,SUSU TEPUNG PENUH KRIM SEGERA NESPRAY,480 g,BARANGAN BERBUNGKUS,KRIMER DAN SUSU TEPUNG,0.0,0.0,0.0,0.0,0.0,0.0,3.0,0.0,0.0,0.0,2.0,0.0,0.0,1.0,0.0,0.0,0.0,1.0,0.0,0.0,2.0,0.0,0.0,0.0,0.0,0.0,0.0,3.0,0.0
2009,DUTCH LADY 123 (BIASA),850g,SUSU DAN BARANGAN BAYI,SUSU BAYI,0.0,0.0,0.0,0.0,0.0,0.0,6.0,0.0,0.0,0.0,4.0,0.0,0.0,1.0,0.0,0.0,0.0,0.0,0.0,0.0,4.0,0.0,0.0,0.0,0.0,0.0,0.0,5.0,0.0
2010,DUTCH LADY 456 (BIASA),850g,SUSU DAN BARANGAN BAYI,SUSU BAYI,0.0,0.0,0.0,0.0,0.0,0.0,6.0,0.0,0.0,0.0,5.0,0.0,0.0,1.0,0.0,0.0,0.0,0.0,0.0,0.0,6.0,0.0,0.0,0.0,0.0,0.0,0.0,6.0,0.0
