item_code,item,unit,item_group,item_category,2025-01-01,2025-01-02,2025-01-03,2025-01-04,2025-01-05,2025-01-06,2025-01-07,2025-01-08,2025-01-09,2025-01-10,2025-01-11,2025-01-12,2025-01-13,2025-01-14,2025-01-15,2025-01-16,2025-01-17,2025-01-18,2025-01-19,2025-01-20,2025-01-21,2025-01-22,2025-01-23,2025-01-24,2025-01-25,2025-01-26,2025-01-27,2025-01-28,2025-01-31
1,AYAM BERSIH - STANDARD,1kg,BARANGAN SEGAR,AYAM,105.0,2.0,2.0,2.0,2.0,80.0,30.0,2.0,2.0,2.0,2.0,2.0,110.0,2.0,2.0,3.0,2.0,3.0,2.0,110.0,3.0,3.0,33.0,3.0,2.0,2.0,79.0,3.0,3.0
2,AYAM BERSIH - SUPER,1kg,BARANGAN SEGAR,AYAM,25.0,1.0,1.0,1.0,1.0,25.0,1.0,1.0,1.0,1.0,1.0,1.0,26.0,1.0,1.0,1.0,1.0,1.0,1.0,26.0,1.0,1.0,0.0,1.0,0.0,1.0,27.0,1.0,1.0
9,DAGING KAMBING BEBIRI IMPORT BERTULANG (MUTTON) (AUSTRALIA - KOTAK),1kg,BARANGAN SEGAR,DAGING,9.0,1.0,1.0,1.0,1.0,11.0,2.0,1.0,1.0,1.0,1.0,1.0,13.0,1.0,1.0,1.0,1.0,1.0,1.0,11.0,1.0,1.0,2.0,1.0,1.0,1.0,11.0,1.0,1.0
10,DAGING KAMBING BEBIRI IMPORT BERTULANG (MUTTON) (NEW ZEALAND - KOTAK),1kg,BARANGAN SEGAR,DAGING,1.0,0.0,0.0,0.0,0.0,1.0,0.0,0.0,0.0,0.0,0.0,0.0,2.0,0.0,0.0,0.0,0.0,0.0,0.0,2.0,0.0,0.0,0.0,0.0,0.0,0.0,1.0,0.0,0.0
11,DAGING KAMBING BEBIRI IMPORT TANPA TULANG (MUTTON) (TIDAK TERMASUK PAHA - AUSTRALIA),1kg,BARANGAN SEGAR,DAGING,0.0,0.0,0.0,0.0,0.0,1.0,0.0,0.0,0.0,0.0,0.0,0.0,1.0,0.0,0.0,0.0,0.0,0.0,0.0,0.0,0.0,0.0,0.0,0.0,0.0,0.0,1.0,0.0,0.0
14,DAGING KERBAU IMPORT (INDIA) * (TOP SIDE),1kg,BARANGAN SEGAR,DAGING,15.0,0.0,0.0,0.0,0.0,20.0,1.0,0.0,0.0,0.0,0.0,0.0,19.0,0.0,0.0,0.0,0.0,1.0,1.0,21.0,0.0,0.0,3.0,0.0,0.0,0.0,19.0,0.0,0.0
16,BETIK BIASA,1kg,BARANGAN SEGAR,BUAH-BUAHAN,32.0,0.0,0.0,1.0,1.0,33.0,4.0,1.0,0.0,1.0,1.0,1.0,35.0,1.0,1.0,1.0,1.0,2.0,2.0,32.0,1.0,0.0,6.0,1.0,1.0,0.0,25.0,1.0,1.0
18,PISANG BERANGAN,1kg,BARANGAN SEGAR,BUAH-BUAHAN,40.0,3.0,3.0,2.0,2.0,28.0,15.0,3.0,2.0,1.0,2.0,2.0,36.0,1.0,2.0,2.0,2.0,3.0,3.0,42.0,3.0,3.0,4.0,2.0,2.0,2.0,41.0,2.0,2.0
19,PISANG EMAS,1kg,BARANGAN SEGAR,BUAH-BUAHAN,10.0,0.0,0.0,0.0,0.0,10.0,1.0,0.0,0.0,0.0,0.0,0.0,12.0,0.0,0.0,0.0,0.0,0.0,0.0,13.0,1.0,1.0,3.0,0.0,0.0,0.0,7.0,0.0,0.0
20,TEMBIKAI MERAH BERBIJI,1kg,BARANGAN SEGAR,BUAH-BUAHAN,15.0,0.0,0.0,0.0,0.0,12.0,1.0,0.0,0.0,1.0,1.0,1.0,12.0,1.0,1.0,1.0,1.0,1.0,1.0,10.0,1.0,1.0,1.0,1.0,1.0,1.0,9.0,1.0,1.0
21,TEMBIKAI MERAH TANPA BIJI,1kg,BARANGAN SEGAR,BUAH-BUAHAN,52.0,1.0,1.0,1.0,1.0,41.0,12.0,1.0,1.0,1.0,1.0,1.0,58.0,1.0,1.0,1.0,1.0,1.0,1.0,56.0,1.0,1.0,9.0,1.0,1.0,1.0,45.0,1.0,1.0
22,DRAGON FRUIT MERAH,1kg,BARANGAN SEGAR,BUAH-BUAHAN,32.0,2.0,2.0,4.0,4.0,30.0,12.0,3.0,3.0,3.0,4.0,4.0,37.0,3.0,3.0,4.0,3.0,3.0,3.0,34.0,1.0,2.0,12.0,2.0,1.0,1.0,20.0,1.0,1.0
24,TEMBIKAI SUSU,1kg,BARANGAN SEGAR,BUAH-BUAHAN,24.0,1.0,1.0,1.0,1.0,20.0,5.0,1.0,1.0,1.0,1.0,1.0,25.0,1.0,1.0,0.0,1.0,1.0,1.0,19.0,1.0,1.0,3.0,1.0,1.0,1.0,19.0,1.0,0.0
25,NENAS BIASA (JOSAPINE/MORRIS/SARAWAK),1 biji,BARANGAN SEGAR,BUAH-BUAHAN,59.0,1.0,1.0,1.0,1.0,48.0,12.0,0.0,2.0,2.0,2.0,2.0,62.0,1.0,0.0,0.0,0.0,1.0,1.0,58.0,1.0,2.0,20.0,1.0,1.0,1.0,40.0,2.0,0.0
27,ANGGUR MERAH BERBIJI,1kg,BARANGAN SEGAR,BUAH-BUAHAN,14.0,1.0,1.0,1.0,1.0,14.0,0.0,0.0,1.0,1.0,1.0,1.0,16.0,1.0,1.0,0.0,1.0,1.0,1.0,18.0,1.0,1.0,1.0,1.0,1.0,1.0,19.0,1.0,1.0
31,LAI KUNING (SAIZ M),1 biji,BARANGAN SEGAR,BUAH-BUAHAN,1.0,0.0,0.0,0.0,0.0,1.0,0.0,0.0,0.0,0.0,0.0,0.0,1.0,0.0,0.0,0.0,0.0,0.0,0.0,3.0,0.0,0.0,0.0,0.0,0.0,0.0,2.0,0.0,0.0
38,JAMBU BATU BERBIJI,1kg,BARANGAN SEGAR,BUAH-BUAHAN,26.0,1.0,1.0,1.0,0.0,20.0,5.0,0.0,1.0,1.0,1.0,1.0,31.0,1.0,1.0,1.0,1.0,1.0,1.0,35.0,1.0,1.0,3.0,1.0,1.0,1.0,21.0,1.0,1.0
39,JAMBU BATU TANPA BIJI,1kg,BARANGAN SEGAR,BUAH-BUAHAN,5.0,0.0,0.0,0.0,0.0,5.0,1.0,0.0,0.0,0.0,0.0,0.0,10.0,0.0,0.0,0.0,0.0,0.0,0.0,7.0,0.0,0.0,2.0,0.0,0.0,0.0,3.0,0.0,0.0
43,IKAN BAWAL HITAM (ANTARA 2 HINGGA 5 EKOR SEKILOGRAM),1kg,BARANGAN SEGAR,BAHAN LAUT,53.0,2.0,2.0,1.0,1.0,41.0,15.0,2.0,2.0,2.0,2.0,1.0,57.0,2.0,2.0,0.0,1.0,1.0,1.0,55.0,2.0,2.0,8.0,2.0,2.0,1.0,44.0,1.0,1.0
47,IKAN CENCARU (ANTARA 4 HINGGA 6 EKOR SEKILOGRAM),1kg,BARANGAN SEGAR,BAHAN LAUT,56.0,2.0,2.0,0.0,1.0,41.0,21.0,3.0,2.0,3.0,3.0,1.0,57.0,2.0,2.0,2.0,2.0,1.0,1.0,54.0,3.0,3.0,13.0,3.0,3.0,3.0,48.0,3.0,3.0
49,IKAN GELAMA (ANTARA 5 HINGGA 10 EKOR SEKILOGRAM),1kg,BARANGAN SEGAR,BAHAN LAUT,14.0,0.0,1.0,1.0,1.0,7.0,8.0,1.0,1.0,1.0,1.0,1.0,17.0,0.0,1.0,1.0,1.0,0.0,0.0,23.0,1.0,0.0,5.0,1.0,0.0,0.0,12.0,1.0,0.0
51,IKAN JENAHAK (b	% 1 KILOGRAM SEEKOR),1kg,BARANGAN SEGAR,BAHAN LAUT,10.0,0.0,0.0,0.0,0.0,8.0,1.0,0.0,0.0,0.0,0.0,0.0,10.0,1.0,0.0,1.0,1.0,1.0,1.0,7.0,0.0,0.0,4.0,0.0,0.0,0.0,4.0,0.0,0.0
52,KEPALA IKAN JENAHAK,1kg,BARANGAN SEGAR,BAHAN LAUT,4.0,1.0,1.0,1.0,1.0,6.0,1.0,1.0,1.0,1.0,1.0,1.0,6.0,1.0,1.0,1.0,1.0,1.0,2.0,6.0,2.0,2.0,6.0,1.0,0.0,1.0,2.0,0.0,1.0
55,IKAN KEMBUNG KECIL/PELALING (ANTARA 10 HINGGA 18 EKOR SEKILOGRAM),1kg,BARANGAN SEGAR,BAHAN LAUT,54.0,3.0,3.0,2.0,3.0,40.0,18.0,2.0,2.0,3.0,3.0,3.0,51.0,2.0,3.0,3.0,3.0,3.0,3.0,50.0,3.0,3.0,12.0,2.0,2.0,3.0,42.0,2.0,2.0
60,IKAN MERAH (b	% 1 KILOGRAM SEEKOR),1kg,BARANGAN SEGAR,BAHAN LAUT,13.0,0.0,0.0,0.0,1.0,11.0,6.0,0.0,1.0,0.0,0.0,0.0,18.0,0.0,0.0,0.0,0.0,1.0,1.0,16.0,0.0,0.0,4.0,0.0,1.0,1.0,11.0,0.0,0.0
64,KEPALA IKAN MERAH,1kg,BARANGAN SEGAR,BAHAN LAUT,7.0,1.0,1.0,1.0,1.0,8.0,3.0,1.0,1.0,1.0,0.0,1.0,8.0,1.0,1.0,1.0,1.0,0.0,1.0,10.0,1.0,1.0,3.0,1.0,1.0,1.0,5.0,0.0,1.0
65,IKAN KERAPU (ANTARA 2 HINGGA 5 EKOR SEKILOGRAM),1kg,BARANGAN SEGAR,BAHAN LAUT,2.0,0.0,0.0,0.0,0.0,1.0,1.0,0.0,0.0,0.0,0.0,0.0,1.0,0.0,0.0,0.0,0.0,0.0,0.0,1.0,0.0,0.0,0.0,0.0,0.0,0.0,1.0,0.0,0.0
66,IKAN PARANG (ANTARA 1 HINGGA 3 EKOR SEKILOGRAM),1kg,BARANGAN SEGAR,BAHAN LAUT,1.0,0.0,0.0,0.0,0.0,1.0,1.0,0.0,0.0,0.0,0.0,0.0,3.0,0.0,0.0,0.0,0.0,0.0,0.0,2.0,0.0,0.0,0.0,0.0,0.0,0.0,2.0,0.0,0.0
68,IKAN PARI (KEPINGAN),1kg,BARANGAN SEGAR,BAHAN LAUT,12.0,0.0,1.0,1.0,1.0,9.0,4.0,1.0,0.0,0.0,0.0,0.0,14.0,1.0,0.0,0.0,0.0,1.0,1.0,13.0,1.0,0.0,3.0,0.0,0.0,0.0,11.0,0.0,0.0
69,IKAN SELAR KUNING (b	% 11 EKOR SEKILOGRAM),1kg,BARANGAN SEGAR,BAHAN LAUT,17.0,1.0,1.0,1.0,1.0,9.0,9.0,1.0,1.0,2.0,2.0,3.0,17.0,1.0,2.0,2.0,2.0,2.0,1.0,16.0,1.0,1.0,0.0,1.0,2.0,1.0,18.0,1.0,1.0
70,IKAN SELAR PELATA (≤ 7 EKOR SEKILOGRAM),1kg,BARANGAN SEGAR,BAHAN LAUT,43.0,3.0,2.0,1.0,2.0,30.0,15.0,3.0,3.0,3.0,2.0,1.0,41.0,1.0,1.0,0.0,0.0,2.0,1.0,41.0,3.0,3.0,6.0,2.0,2.0,3.0,46.0,3.0,3.0
73,IKAN SENANGIN (ANTARA 2 HINGGA 8 EKOR SEKILOGRAM),1kg,BARANGAN SEGAR,BAHAN LAUT,9.0,1.0,1.0,2.0,2.0,7.0,3.0,2.0,1.0,1.0,1.0,1.0,9.0,1.0,2.0,2.0,2.0,2.0,1.0,6.0,2.0,2.0,3.0,1.0,0.0,1.0,7.0,1.0,0.0
78,IKAN TAMBAN BELURU (ANTARA 10 HINGGA 19 EKOR SEKILOGRAM),1kg,BARANGAN SEGAR,BAHAN LAUT,2.0,0.0,0.0,0.0,0.0,5.0,0.0,0.0,0.0,0.0,0.0,0.0,5.0,0.0,0.0,0.0,0.0,0.0,0.0,3.0,0.0,0.0,2.0,0.0,0.0,0.0,3.0,0.0,0.0
79,IKAN TENGGIRI PAPAN (ANTARA 1 HINGGA 2 EKOR SEKILOGRAM),1kg,BARANGAN SEGAR,BAHAN LAUT,0.0,0.0,0.0,0.0,1.0,1.0,2.0,0.0,1.0,2.0,1.0,2.0,5.0,0.0,0.0,0.0,0.0,0.0,0.0,3.0,0.0,0.0,0.0,0.0,0.0,0.0,2.0,0.0,0.0
82,IKAN TENGGIRI BATANG (ANTARA 1 HINGGA 2 EKOR SEKILOGRAM),1kg,BARANGAN SEGAR,BAHAN LAUT,4.0,0.0,0.0,0.0,0.0,5.0,1.0,0.0,0.0,0.0,0.0,0.0,5.0,0.0,0.0,0.0,0.0,0.0,0.0,3.0,0.0,0.0,1.0,0.0,0.0,0.0,6.0,1.0,0.0
88,IKAN KELI (ANTARA 2 HINGGA 5 EKOR SEKILOGRAM),1kg,BARANGAN SEGAR,IKAN DARAT,33.0,0.0,0.0,0.0,0.0,25.0,3.0,0.0,0.0,0.0,0.0,0.0,28.0,0.0,0.0,0.0,0.0,0.0,0.0,31.0,0.0,0.0,7.0,0.0,0.0,0.0,28.0,0.0,0.0
89,IKAN TILAPIA HITAM (ANTARA 2 HINGGA 5 EKOR SEKILOGRAM),1kg,BARANGAN SEGAR,IKAN DARAT,6.0,1.0,1.0,1.0,1.0,4.0,4.0,1.0,1.0,1.0,1.0,1.0,8.0,0.0,1.0,1.0,1.0,1.0,1.0,8.0,1.0,1.0,1.0,1.0,1.0,1.0,7.0,1.0,1.0
92,CILI HIJAU,1kg,BARANGAN SEGAR,SAYUR-SAYURAN,105.0,2.0,2.0,2.0,1.0,75.0,29.0,2.0,3.0,3.0,3.0,3.0,104.0,2.0,2.0,2.0,2.0,2.0,2.0,112.0,2.0,3.0,24.0,3.0,3.0,3.0,88.0,3.0,3.0
93,CILI MERAH - KULAI,1kg,BARANGAN SEGAR,SAYUR-SAYURAN,57.0,2.0,2.0,2.0,2.0,37.0,18.0,2.0,3.0,3.0,3.0,3.0,56.0,3.0,3.0,3.0,2.0,2.0,2.0,52.0,2.0,2.0,12.0,2.0,2.0,2.0,44.0,2.0,2.0
94,CILI MERAH - MINYAK,1kg,BARANGAN SEGAR,SAYUR-SAYURAN,84.0,2.0,2.0,2.0,2.0,78.0,11.0,2.0,1.0,1.0,1.0,1.0,79.0,1.0,1.0,1.0,2.0,2.0,2.0,81.0,2.0,2.0,17.0,2.0,2.0,2.0,65.0,2.0,1.0
95,HALIA BASAH (TUA),1kg,BARANGAN SEGAR,SAYUR-SAYURAN,192.0,3.0,3.0,3.0,3.0,165.0,35.0,3.0,3.0,3.0,3.0,3.0,195.0,3.0,3.0,3.0,3.0,3.0,3.0,198.0,3.0,3.0,49.0,3.0,3.0,3.0,150.0,3.0,3.0
96,KACANG BENDI,1kg,BARANGAN SEGAR,SAYUR-SAYURAN,133.0,4.0,4.0,3.0,2.0,104.0,28.0,3.0,4.0,4.0,4.0,3.0,140.0,3.0,3.0,3.0,3.0,4.0,4.0,143.0,4.0,3.0,34.0,3.0,4.0,4.0,104.0,4.0,3.0
97,KACANG BUNCIS,1kg,BARANGAN SEGAR,SAYUR-SAYURAN,111.0,3.0,3.0,3.0,3.0,96.0,26.0,3.0,3.0,2.0,3.0,3.0,122.0,3.0,2.0,3.0,3.0,3.0,3.0,129.0,4.0,3.0,28.0,3.0,3.0,2.0,99.0,2.0,3.0
98,KACANG PANJANG,1kg,BARANGAN SEGAR,SAYUR-SAYURAN,125.0,4.0,4.0,4.0,4.0,101.0,26.0,3.0,3.0,3.0,3.0,1.0,118.0,3.0,2.0,4.0,3.0,3.0,3.0,128.0,3.0,4.0,34.0,3.0,3.0,3.0,95.0,3.0,3.0
101,KELAPA BIJI,1 biji,BARANGAN SEGAR,KELAPA,24.0,0.0,0.0,0.0,0.0,11.0,15.0,0.0,0.0,0.0,0.0,0.0,22.0,0.0,0.0,0.0,0.0,0.0,0.0,22.0,0.0,0.0,0.0,0.0,1.0,1.0,23.0,1.0,0.0
102,KELAPA PARUT,1kg,BARANGAN SEGAR,KELAPA,4.0,1.0,1.0,1.0,1.0,2.0,4.0,1.0,1.0,1.0,1.0,1.0,5.0,1.0,1.0,1.0,1.0,1.0,1.0,4.0,1.0,1.0,1.0,1.0,1.0,1.0,4.0,0.0,0.0
103,SANTAN KELAPA SEGAR (BIASA),1kg,BARANGAN SEGAR,KELAPA,5.0,0.0,0.0,0.0,0.0,6.0,0.0,0.0,0.0,0.0,0.0,0.0,6.0,0.0,0.0,0.0,0.0,0.0,0.0,7.0,0.0,0.0,0.0,0.0,0.0,0.0,6.0,0.0,0.0
104,KUBIS BULAT IMPORT (CHINA),1kg,BARANGAN SEGAR,SAYUR-SAYURAN,108.0,3.0,3.0,3.0,3.0,98.0,18.0,3.0,3.0,3.0,3.0,3.0,111.0,3.0,3.0,3.0,3.0,3.0,3.0,120.0,3.0,3.0,31.0,3.0,2.0,2.0,95.0,2.0,2.0
105,KUBIS BULAT (TEMPATAN),1kg,BARANGAN SEGAR,SAYUR-SAYURAN,38.0,1.0,1.0,1.0,1.0,34.0,7.0,1.0,1.0,1.0,1.0,1.0,42.0,1.0,1.0,1.0,1.0,1.0,1.0,43.0,1.0,1.0,18.0,1.0,1.0,1.0,17.0,1.0,1.0
108,KUNYIT HIDUP,1kg,BARANGAN SEGAR,SAYUR-SAYURAN,134.0,2.0,2.0,2.0,2.0,115.0,30.0,2.0,2.0,2.0,2.0,2.0,138.0,2.0,2.0,2.0,2.0,2.0,2.0,142.0,2.0,2.0,38.0,2.0,2.0,2.0,102.0,2.0,1.0
109,LOBAK MERAH,1kg,BARANGAN SEGAR,SAYUR-SAYURAN,156.0,3.0,3.0,3.0,3.0,138.0,33.0,3.0,3.0,3.0,3.0,3.0,157.0,3.0,3.0,3.0,3.0,3.0,3.0,160.0,3.0,3.0,42.0,3.0,3.0,3.0,139.0,3.0,3.0
112,TERUNG PANJANG,1kg,BARANGAN SEGAR,SAYUR-SAYURAN,104.0,2.0,1.0,1.0,2.0,75.0,27.0,2.0,1.0,1.0,2.0,2.0,108.0,1.0,3.0,3.0,3.0,3.0,3.0,107.0,3.0,3.0,19.0,3.0,3.0,3.0,69.0,2.0,1.0
113,TIMUN,1kg,BARANGAN SEGAR,SAYUR-SAYURAN,165.0,3.0,3.0,4.0,4.0,136.0,29.0,3.0,3.0,3.0,3.0,3.0,161.0,3.0,3.0,4.0,4.0,4.0,4.0,169.0,3.0,3.0,40.0,3.0,4.0,3.0,141.0,4.0,4.0
114,TOMATO,1kg,BARANGAN SEGAR,SAYUR-SAYURAN,146.0,4.0,4.0,4.0,4.0,140.0,36.0,4.0,4.0,3.0,3.0,4.0,164.0,4.0,4.0,4.0,3.0,3.0,3.0,140.0,4.0,4.0,33.0,4.0,3.0,3.0,109.0,3.0,3.0
118,TELUR AYAM GRED A (BERAT 65.0 GM HINGGA 69.9 GM SEBIJI),10 biji,BARANGAN SEGAR,TELUR,29.0,0.0,0.0,0.0,0.0,21.0,8.0,0.0,0.0,0.0,0.0,0.0,25.0,0.0,0.0,0.0,0.0,0.0,0.0,24.0,0.0,0.0,8.0,0.0,0.0,0.0,17.0,0.0,0.0
119,TELUR AYAM GRED B (BERAT 60.0 GM HINGGA 64.9 GM),10 biji,BARANGAN SEGAR,TELUR,51.0,0.0,0.0,0.0,0.0,45.0,12.0,0.0,0.0,0.0,0.0,0.0,58.0,0.0,0.0,0.0,0.0,0.0,0.0,59.0,0.0,0.0,15.0,0.0,0.0,0.0,43.0,0.0,0.0
120,TELUR AYAM GRED C (BERAT 55.0 GM HINGGA 59.9 GM SEBIJI),10 biji,BARANGAN SEGAR,TELUR,27.0,0.0,0.0,0.0,0.0,22.0,6.0,0.0,0.0,0.0,0.0,0.0,29.0,0.0,0.0,0.0,0.0,0.0,0.0,32.0,0.0,0.0,10.0,0.0,0.0,0.0,22.0,0.0,0.0
124,TELUR PUYUH,15 Biji,BARANGAN SEGAR,TELUR,51.0,1.0,1.0,1.0,1.0,58.0,25.0,2.0,2.0,2.0,2.0,2.0,73.0,2.0,2.0,2.0,2.0,1.0,1.0,61.0,1.0,1.0,4.0,1.0,2.0,2.0,57.0,0.0,0.0
125,TELUR ITIK,10 biji,BARANGAN SEGAR,TELUR,9.0,0.0,0.0,0.0,0.0,6.0,0.0,0.0,0.0,0.0,0.0,0.0,5.0,0.0,0.0,0.0,0.0,0.0,0.0,7.0,0.0,0.0,1.0,0.0,0.0,0.0,6.0,0.0,0.0
129,BAWANG BESAR KUNING/HOLLAND,1kg,BARANGAN KERING,BAWANG,213.0,3.0,3.0,3.0,3.0,186.0,33.0,3.0,3.0,3.0,3.0,3.0,215.0,3.0,3.0,4.0,3.0,3.0,3.0,213.0,3.0,3.0,53.0,3.0,3.0,3.0,163.0,3.0,3.0
131,BAWANG KECIL MERAH ROSE IMPORT (INDIA),1kg,BARANGAN KERING,BAWANG,134.0,3.0,3.0,3.0,3.0,114.0,28.0,3.0,3.0,3.0,3.0,3.0,141.0,3.0,3.0,3.0,3.0,3.0,4.0,139.0,2.0,2.0,25.0,2.0,2.0,2.0,118.0,2.0,2.0
132,BAWANG KECIL MERAH IMPORT (THAILAND),1kg,BARANGAN KERING,BAWANG,30.0,1.0,1.0,1.0,1.0,26.0,6.0,1.0,1.0,1.0,1.0,1.0,33.0,1.0,1.0,1.0,1.0,1.0,1.0,30.0,1.0,1.0,4.0,1.0,1.0,1.0,23.0,1.0,1.0
148,IKAN BILIS GRED B (KOPEK),1kg,BARANGAN KERING,HASIL LAUT KERING,60.0,3.0,3.0,3.0,3.0,58.0,13.0,3.0,3.0,3.0,3.0,3.0,64.0,3.0,3.0,3.0,3.0,3.0,3.0,70.0,3.0,3.0,26.0,3.0,3.0,3.0,50.0,2.0,1.0
152,KACANG HIJAU (IMPORT),1kg,BARANGAN KERING,KACANG,172.0,3.0,3.0,3.0,3.0,155.0,25.0,3.0,3.0,3.0,3.0,3.0,177.0,3.0,3.0,3.0,3.0,3.0,4.0,182.0,3.0,3.0,52.0,3.0,3.0,3.0,138.0,3.0,3.0
154,SERBUK KUNYIT (TIDAK BERBUNGKUS),100 g,BARANGAN BERBUNGKUS,REMPAH RATUS (TIDAK BERBUNGKUS),3.0,0.0,0.0,0.0,0.0,3.0,0.0,0.0,0.0,0.0,0.0,0.0,4.0,0.0,0.0,0.0,0.0,0.0,0.0,3.0,0.0,0.0,0.0,0.0,0.0,0.0,3.0,0.0,0.0
160,UBI KENTANG RUSSET,1kg,BARANGAN KERING,UBI KENTANG,0.0,0.0,0.0,0.0,0.0,0.0,1.0,0.0,0.0,0.0,0.0,0.0,1.0,0.0,0.0,0.0,0.0,0.0,0.0,2.0,0.0,0.0,0.0,0.0,0.0,0.0,1.0,0.0,0.0
180,TEH BOH (UNCANG),100 beg,MINUMAN,BAHAN-BAHAN MINUMAN,124.0,0.0,0.0,0.0,0.0,0.0,0.0,1.0,0.0,0.0,0.0,0.0,0.0,0.0,0.0,0.0,0.0,0.0,0.0,0.0,0.0,0.0,19.0,0.0,0.0,0.0,132.0,0.0,0.0
190,SARDIN CAP AYAM (SOS TOMATO),155 g,BARANGAN BERBUNGKUS,IKAN DALAM TIN,236.0,0.0,0.0,0.0,0.0,236.0,33.0,0.0,0.0,0.0,0.0,0.0,265.0,0.0,0.0,0.0,0.0,0.0,1.0,274.0,0.0,0.0,54.0,0.0,0.0,0.0,219.0,0.0,0.0
191,SARDIN CAP AYAM (SOS TOMATO),425 g,BARANGAN BERBUNGKUS,IKAN DALAM TIN,235.0,0.0,0.0,0.0,0.0,234.0,34.0,0.0,0.0,0.0,0.0,0.0,254.0,0.0,0.0,0.0,0.0,0.0,1.0,265.0,0.0,0.0,52.0,0.0,0.0,0.0,207.0,0.0,0.0
192,SARDIN CAP KING CUP (SOS TOMATO),155 g,BARANGAN BERBUNGKUS,IKAN DALAM TIN,126.0,0.0,0.0,0.0,0.0,131.0,2.0,0.0,0.0,0.0,0.0,0.0,127.0,0.0,0.0,0.0,0.0,0.0,1.0,132.0,0.0,0.0,38.0,0.0,0.0,0.0,93.0,0.0,0.0
193,SARDIN CAP KING CUP (SOS TOMATO),425 g,BARANGAN BERBUNGKUS,IKAN DALAM TIN,134.0,0.0,0.0,0.0,0.0,138.0,3.0,0.0,0.0,0.0,0.0,0.0,138.0,0.0,0.0,0.0,0.0,0.0,1.0,137.0,0.0,0.0,39.0,0.0,0.0,0.0,97.0,0.0,0.0
195,MACKAREL CAP AYAM (SOS TOMATO),425 g,BARANGAN BERBUNGKUS,IKAN DALAM TIN,235.0,0.0,0.0,0.0,0.0,229.0,33.0,0.0,0.0,0.0,0.0,0.0,258.0,0.0,0.0,0.0,0.0,0.0,0.0,264.0,0.0,0.0,47.0,0.0,0.0,0.0,207.0,0.0,0.0
197,MACKAREL CAP KING CUP (SOS TOMATO),425 g,BARANGAN BERBUNGKUS,IKAN DALAM TIN,34.0,0.0,0.0,0.0,0.0,34.0,2.0,0.0,0.0,0.0,0.0,0.0,33.0,0.0,0.0,0.0,0.0,0.0,0.0,35.0,0.0,0.0,1.0,0.0,0.0,0.0,34.0,0.0,0.0
199,TUNA CAP TC BOY (SANDWICH DELITE),150 g,BARANGAN BERBUNGKUS,IKAN DALAM TIN,4.0,0.0,0.0,0.0,0.0,4.0,0.0,0.0,0.0,0.0,0.0,0.0,4.0,0.0,0.0,0.0,0.0,0.0,0.0,4.0,0.0,0.0,2.0,0.0,0.0,0.0,2.0,0.0,0.0
201,JEM STRAWBERI LADY'S CHOICE,400 g,BARANGAN BERBUNGKUS,SAPUAN (SPREADS),112.0,0.0,0.0,0.0,0.0,104.0,8.0,0.0,0.0,0.0,0.0,0.0,112.0,0.0,0.0,0.0,0.0,0.0,0.0,112.0,0.0,0.0,35.0,0.0,0.0,0.0,73.0,0.0,0.0
202,SERI KAYA YEO'S,480 g,BARANGAN BERBUNGKUS,SAPUAN (SPREADS),116.0,0.0,0.0,0.0,0.0,124.0,16.0,0.0,0.0,0.0,0.0,0.0,144.0,0.0,0.0,0.0,0.0,0.0,0.0,144.0,0.0,0.0,19.0,0.0,0.0,0.0,119.0,0.0,0.0
203,MAINLAND CHESDALE CHEDDAR CHEESE SPREAD 12 CHEDDAR,250 g,BARANGAN BERBUNGKUS,SAPUAN (SPREADS),96.0,0.0,0.0,0.0,0.0,110.0,18.0,0.0,0.0,0.0,0.0,0.0,128.0,0.0,0.0,0.0,0.0,0.0,0.0,133.0,0.0,0.0,19.0,0.0,0.0,0.0,110.0,0.0,0.0
205,MARJERIN DAISY,480 g,BARANGAN BERBUNGKUS,SAPUAN (SPREADS),160.0,0.0,0.0,0.0,0.0,140.0,20.0,0.0,0.0,0.0,0.0,0.0,161.0,0.0,0.0,0.0,0.0,0.0,0.0,158.0,0.0,0.0,28.0,0.0,0.0,0.0,120.0,0.0,0.0
206,MARJERIN PLANTA,480 g,BARANGAN BERBUNGKUS,SAPUAN (SPREADS),172.0,0.0,0.0,0.0,0.0,171.0,24.0,0.0,0.0,0.0,0.0,0.0,202.0,0.0,0.0,0.0,0.0,0.0,0.0,198.0,0.0,0.0,48.0,0.0,0.0,0.0,147.0,0.0,0.0
214,KICAP LEMAK MANIS CAP KIPAS UDANG,345ml,BARANGAN BERBUNGKUS,KICAP DAN SOS,229.0,0.0,0.0,0.0,0.0,227.0,35.0,0.0,0.0,0.0,0.0,0.0,253.0,0.0,0.0,0.0,0.0,0.0,0.0,257.0,0.0,0.0,55.0,0.0,0.0,0.0,199.0,0.0,0.0
215,KICAP LEMAK MANIS CAP JALEN,650 ml,BARANGAN BERBUNGKUS,KICAP DAN SOS,169.0,0.0,0.0,0.0,0.0,170.0,33.0,0.0,0.0,0.0,0.0,0.0,206.0,0.0,0.0,0.0,0.0,0.0,0.0,213.0,0.0,0.0,37.0,0.0,0.0,0.0,175.0,0.0,0.0
217,SOS TOMATO MAGGI,325 g,BARANGAN BERBUNGKUS,KICAP DAN SOS,230.0,0.0,0.0,0.0,0.0,226.0,33.0,0.0,0.0,0.0,0.0,0.0,255.0,0.0,0.0,0.0,0.0,0.0,0.0,263.0,0.0,0.0,47.0,0.0,0.0,0.0,214.0,0.0,0.0
218,SOS CILI LIFE,340 g,BARANGAN BERBUNGKUS,KICAP DAN SOS,172.0,0.0,0.0,0.0,0.0,148.0,20.0,0.0,0.0,0.0,0.0,0.0,159.0,0.0,0.0,0.0,0.0,0.0,0.0,164.0,0.0,0.0,43.0,0.0,0.0,0.0,127.0,0.0,0.0
221,DRINHO SOYA (KOTAK),250 ml,MINUMAN,TERSEDIA MINUM,41.0,0.0,0.0,0.0,0.0,0.0,0.0,0.0,0.0,0.0,0.0,0.0,0.0,0.0,0.0,0.0,0.0,0.0,0.0,0.0,0.0,0.0,12.0,0.0,0.0,0.0,33.0,0.0,0.0
224,SUSU SEGAR DUTCH LADY,1 liter,MINUMAN,TERSEDIA MINUM,36.0,0.0,0.0,0.0,0.0,0.0,0.0,0.0,0.0,0.0,0.0,0.0,0.0,0.0,0.0,0.0,0.0,0.0,0.0,0.0,0.0,0.0,10.0,0.0,0.0,0.0,45.0,0.0,0.0
226,YEO'S LAICI (KOTAK),250 ml,MINUMAN,TERSEDIA MINUM,91.0,0.0,0.0,0.0,0.0,0.0,0.0,0.0,0.0,0.0,0.0,0.0,0.0,0.0,0.0,0.0,0.0,0.0,0.0,0.0,0.0,0.0,15.0,0.0,0.0,0.0,92.0,0.0,0.0
228,COCA COLA (BOTOL),1.5 liter,MINUMAN,TERSEDIA MINUM,92.0,0.0,0.0,0.0,0.0,0.0,0.0,0.0,0.0,0.0,0.0,0.0,0.0,0.0,0.0,0.0,0.0,0.0,0.0,0.0,0.0,0.0,13.0,0.0,0.0,0.0,102.0,0.0,0.0
229,F&N OREN (TIN),325 ml,MINUMAN,TERSEDIA MINUM,76.0,0.0,0.0,0.0,0.0,0.0,0.0,0.0,0.0,0.0,0.0,0.0,0.0,0.0,0.0,0.0,0.0,0.0,0.0,0.0,0.0,0.0,6.0,0.0,0.0,0.0,70.0,0.0,0.0
230,F&N OREN (BOTOL),1.5 liter,MINUMAN,TERSEDIA MINUM,89.0,0.0,0.0,0.0,0.0,0.0,0.0,0.0,0.0,0.0,0.0,0.0,0.0,0.0,0.0,0.0,0.0,0.0,0.0,0.0,0.0,0.0,7.0,0.0,0.0,0.0,112.0,0.0,0.0
232,MIRINDA OREN (BOTOL),1.5 liter,MINUMAN,TERSEDIA MINUM,74.0,0.0,0.0,0.0,0.0,0.0,0.0,0.0,0.0,0.0,0.0,0.0,0.0,0.0,0.0,0.0,0.0,0.0,0.0,0.0,0.0,0.0,14.0,0.0,0.0,0.0,58.0,0.0,0.0
235,JUS OREN PEEL FRESH (MARIGOLD),1 liter,MINUMAN,TERSEDIA MINUM,134.0,0.0,0.0,0.0,0.0,0.0,0.0,0.0,0.0,0.0,0.0,0.0,0.0,0.0,0.0,0.0,0.0,0.0,0.0,0.0,0.0,0.0,34.0,0.0,0.0,0.0,127.0,0.0,0.0
239,RED BULL (BOTOL),150 ml,MINUMAN,TERSEDIA MINUM,69.0,0.0,0.0,0.0,0.0,0.0,0.0,0.0,0.0,0.0,0.0,0.0,0.0,0.0,0.0,0.0,0.0,0.0,0.0,0.0,0.0,0.0,11.0,0.0,0.0,0.0,60.0,0.0,0.0
240,LIVITA WITH HONEY (BOTOL),150 ml,MINUMAN,TERSEDIA MINUM,48.0,0.0,0.0,0.0,0.0,0.0,0.0,0.0,0.0,0.0,0.0,0.0,0.0,0.0,0.0,0.0,0.0,0.0,0.0,0.0,0.0,0.0,13.0,0.0,0.0,0.0,34.0,0.0,0.0
246,MINYAK JAGUNG CAP MAZOLA,1kg,BARANGAN BERBUNGKUS,MINYAK DAN LEMAK,82.0,0.0,0.0,0.0,0.0,95.0,18.0,0.0,0.0,0.0,0.0,0.0,108.0,0.0,0.0,0.0,0.0,0.0,0.0,110.0,0.0,0.0,19.0,0.0,0.0,0.0,87.0,0.0,0.0
254,MINYAK MASAK SEBATIAN CAP HELANG,5 kg,BARANGAN BERBUNGKUS,MINYAK DAN LEMAK,95.0,0.0,0.0,0.0,0.0,106.0,14.0,0.0,0.0,0.0,0.0,0.0,117.0,0.0,0.0,0.0,0.0,0.0,0.0,119.0,0.0,0.0,9.0,0.0,0.0,0.0,95.0,0.0,0.0
257,MINYAK MASAK SEBATIAN CAP NEPTUNE,5 kg,BARANGAN BERBUNGKUS,MINYAK DAN LEMAK,15.0,0.0,0.0,0.0,0.0,11.0,3.0,0.0,0.0,0.0,0.0,0.0,14.0,0.0,0.0,0.0,0.0,0.0,0.0,15.0,0.0,0.0,1.0,0.0,0.0,0.0,14.0,0.0,0.0
260,MINYAK MASAK SEBATIAN CAP PISAU,5 kg,BARANGAN BERBUNGKUS,MINYAK DAN LEMAK,135.0,0.0,0.0,0.0,0.0,133.0,21.0,0.0,0.0,0.0,0.0,0.0,161.0,0.0,0.0,0.0,0.0,0.0,0.0,159.0,0.0,0.0,29.0,0.0,0.0,0.0,132.0,0.0,0.0
263,MINYAK MASAK TULEN CAP BURUH,5 kg,BARANGAN BERBUNGKUS,MINYAK DAN LEMAK,158.0,0.0,0.0,0.0,0.0,154.0,26.0,0.0,0.0,0.0,0.0,0.0,182.0,0.0,0.0,0.0,0.0,0.0,0.0,180.0,0.0,0.0,34.0,0.0,0.0,0.0,145.0,0.0,0.0
266,MINYAK MASAK TULEN CAP SERI MURNI,5 kg,BARANGAN BERBUNGKUS,MINYAK DAN LEMAK,149.0,0.0,0.0,0.0,0.0,150.0,18.0,0.0,0.0,0.0,0.0,0.0,155.0,0.0,0.0,0.0,0.0,0.0,0.0,158.0,0.0,0.0,37.0,0.0,0.0,0.0,129.0,0.0,0.0
267,MINYAK MASAK TULEN CAP VESAWIT,1kg,BARANGAN BERBUNGKUS,MINYAK DAN LEMAK,64.0,0.0,0.0,0.0,0.0,55.0,6.0,0.0,0.0,0.0,0.0,0.0,55.0,0.0,0.0,0.0,0.0,0.0,0.0,50.0,0.0,0.0,5.0,0.0,0.0,0.0,45.0,0.0,0.0
271,MINYAK SAPI CAP QBB,400 g,BARANGAN BERBUNGKUS,MINYAK DAN LEMAK,53.0,0.0,0.0,0.0,0.0,37.0,16.0,0.0,0.0,0.0,0.0,0.0,49.0,0.0,0.0,0.0,0.0,0.0,0.0,53.0,0.0,0.0,8.0,0.0,0.0,0.0,45.0,0.0,0.0
272,ROTI SANDWICH GARDENIA ORIGINAL CLASSIC,400 g,BARANGAN BERBUNGKUS,ROTI,235.0,0.0,0.0,0.0,0.0,226.0,37.0,0.0,0.0,0.0,0.0,0.0,264.0,0.0,0.0,0.0,0.0,0.0,0.0,265.0,0.0,0.0,70.0,0.0,0.0,0.0,199.0,0.0,0.0
292,UBAT GIGI COLGATE (PUDINA SEGAR),250 g,PRODUK KEBERSIHAN,PENJAGAAN DIRI,160.0,0.0,0.0,0.0,0.0,0.0,0.0,1.0,0.0,0.0,0.0,0.0,0.0,0.0,0.0,0.0,0.0,0.0,0.0,0.0,0.0,0.0,24.0,0.0,0.0,0.0,163.0,0.0,0.0
293,UBAT GIGI DARLIE DOUBLE ACTION (PUDINA ASLI),250 g,PRODUK KEBERSIHAN,PENJAGAAN DIRI,120.0,0.0,0.0,0.0,0.0,0.0,0.0,1.0,0.0,0.0,0.0,0.0,0.0,0.0,0.0,0.0,0.0,0.0,0.0,0.0,0.0,0.0,24.0,0.0,0.0,0.0,125.0,0.0,0.0
295,UBAT GIGI FRESH & WHITE (PUDINA SEGAR),160 g,PRODUK KEBERSIHAN,PENJAGAAN DIRI,87.0,0.0,0.0,0.0,0.0,0.0,0.0,0.0,0.0,0.0,0.0,0.0,0.0,0.0,0.0,0.0,0.0,0.0,0.0,0.0,0.0,0.0,18.0,0.0,0.0,0.0,84.0,0.0,0.0
299,LACTOGEN 1 RUMUSAN BAYI (KOTAK),650g,SUSU DAN BARANGAN BAYI,SUSU BAYI,193.0,0.0,0.0,0.0,0.0,197.0,27.0,0.0,0.0,0.0,0.0,0.0,231.0,0.0,0.0,0.0,0.0,0.0,0.0,228.0,0.0,0.0,41.0,0.0,0.0,0.0,182.0,0.0,0.0
300,LACTOGEN 2 RUMUSAN SUSULAN (KOTAK),650g,SUSU DAN BARANGAN BAYI,SUSU BAYI,192.0,0.0,0.0,0.0,0.0,199.0,26.0,0.0,0.0,0.0,0.0,0.0,224.0,0.0,0.0,0.0,0.0,0.0,0.0,230.0,0.0,0.0,42.0,0.0,0.0,0.0,184.0,0.0,0.0
320,SUSU SEJAT PENUH KRIM CAP IDEAL,390g,BARANGAN BERBUNGKUS,KRIMER DAN SUSU TEPUNG,74.0,0.0,0.0,0.0,0.0,101.0,7.0,0.0,0.0,0.0,0.0,0.0,106.0,0.0,0.0,0.0,0.0,0.0,0.0,103.0,0.0,0.0,25.0,0.0,0.0,0.0,78.0,0.0,0.0
327,SUSU TEPUNG ISIAN KURANG LEMAK 'OMEGA PLUS',1kg,BARANGAN BERBUNGKUS,KRIMER DAN SUSU TEPUNG,98.0,0.0,0.0,0.0,0.0,116.0,14.0,0.0,0.0,0.0,0.0,0.0,137.0,0.0,0.0,0.0,0.0,0.0,0.0,135.0,0.0,0.0,25.0,0.0,0.0,0.0,111.0,0.0,0.0
332,SUSU TEPUNG SEGERA FERNLEAF (INSTANT),550 g,BARANGAN BERBUNGKUS,KRIMER DAN SUSU TEPUNG,55.0,0.0,0.0,0.0,0.0,76.0,9.0,0.0,0.0,0.0,0.0,0.0,82.0,0.0,0.0,0.0,0.0,0.0,0.0,81.0,0.0,0.0,14.0,0.0,0.0,0.0,66.0,0.0,0.0
334,SUSU ANLENE ACTIFIT 3X PERISA ASLI,600 g,BARANGAN BERBUNGKUS,KRIMER DAN SUSU TEPUNG,125.0,0.0,0.0,0.0,0.0,139.0,4.0,0.0,0.0,0.0,0.0,0.0,132.0,0.0,0.0,0.0,0.0,0.0,0.0,126.0,0.0,0.0,26.0,0.0,0.0,0.0,89.0,0.0,0.0
335,SUSU ANLENE GOLD 5X,600 g,BARANGAN BERBUNGKUS,KRIMER DAN SUSU TEPUNG,116.0,0.0,0.0,0.0,0.0,123.0,4.0,0.0,0.0,0.0,0.0,0.0,128.0,0.0,0.0,0.0,0.0,0.0,0.0,116.0,0.0,0.0,24.0,0.0,0.0,0.0,80.0,0.0,0.0
336,ANMUM MATERNA (BIASA/COKLAT),650g,BARANGAN BERBUNGKUS,KRIMER DAN SUSU TEPUNG,96.0,0.0,0.0,0.0,0.0,117.0,8.0,0.0,0.0,0.0,0.0,0.0,121.0,0.0,0.0,0.0,0.0,0.0,0.0,116.0,0.0,0.0,22.0,0.0,0.0,0.0,106.0,0.0,0.0
343,KULIT KAYU MANIS,100 g,BARANGAN BERBUNGKUS,REMPAH RATUS (TIDAK BERBUNGKUS),72.0,0.0,0.0,0.0,0.0,60.0,8.0,0.0,0.0,0.0,0.0,0.0,67.0,0.0,0.0,0.0,0.0,0.0,0.0,68.0,0.0,0.0,16.0,0.0,0.0,0.0,53.0,0.0,0.0
345,SUSU TEPUNG ISIAN KURANG LEMAK 'OMEGA PLUS',600 g,BARANGAN BERBUNGKUS,KRIMER DAN SUSU TEPUNG,173.0,0.0,0.0,0.0,0.0,167.0,20.0,0.0,0.0,0.0,0.0,0.0,185.0,0.0,0.0,0.0,0.0,0.0,0.0,189.0,0.0,0.0,41.0,0.0,0.0,0.0,153.0,0.0,0.0
346,REMPAH KURMA (TIDAK BERBUNGKUS),100 g,BARANGAN BERBUNGKUS,REMPAH RATUS (TIDAK BERBUNGKUS),0.0,0.0,0.0,0.0,0.0,0.0,0.0,0.0,0.0,0.0,0.0,0.0,0.0,0.0,0.0,0.0,0.0,0.0,0.0,1.0,0.0,0.0,0.0,0.0,0.0,0.0,1.0,0.0,0.0
350,SERBUK KARI IKAN BABAS,250 g,BARANGAN BERBUNGKUS,REMPAH RATUS (BERBUNGKUS),253.0,1.0,0.0,0.0,0.0,254.0,37.0,0.0,0.0,0.0,0.0,0.0,290.0,0.0,0.0,0.0,0.0,0.0,0.0,284.0,0.0,0.0,55.0,0.0,0.0,0.0,231.0,0.0,0.0
360,SUP BUNJUT ADABI,8 g,BARANGAN BERBUNGKUS,REMPAH RATUS (BERBUNGKUS),244.0,0.0,0.0,0.0,0.0,211.0,34.0,0.0,0.0,0.0,0.0,0.0,246.0,0.0,0.0,0.0,0.0,0.0,0.0,248.0,0.0,0.0,64.0,0.0,0.0,0.0,187.0,0.0,0.0
361,SUP PUNJUT MAK SITI,10 g,BARANGAN BERBUNGKUS,REMPAH RATUS (BERBUNGKUS),11.0,0.0,0.0,0.0,0.0,6.0,6.0,0.0,0.0,0.0,0.0,0.0,11.0,0.0,0.0,0.0,0.0,0.0,0.0,10.0,0.0,0.0,1.0,0.0,0.0,0.0,10.0,0.0,0.0
364,SERBUK CILI BABAS,250 g,BARANGAN BERBUNGKUS,REMPAH RATUS (BERBUNGKUS),228.0,0.0,0.0,0.0,0.0,232.0,31.0,0.0,0.0,0.0,0.0,0.0,256.0,0.0,0.0,0.0,0.0,0.0,0.0,255.0,0.0,0.0,40.0,0.0,0.0,0.0,216.0,0.0,0.0
365,SERBUK KUNYIT CAMPURAN (SEBATIAN) ADABI,250 g,BARANGAN BERBUNGKUS,REMPAH RATUS (BERBUNGKUS),191.0,0.0,0.0,0.0,0.0,170.0,26.0,0.0,0.0,0.0,0.0,0.0,197.0,0.0,0.0,0.0,0.0,0.0,0.0,201.0,0.0,0.0,43.0,0.0,0.0,0.0,161.0,0.0,0.0
367,SERBUK KUNYIT BABAS,250 g,BARANGAN BERBUNGKUS,REMPAH RATUS (BERBUNGKUS),207.0,0.0,0.0,0.0,0.0,187.0,25.0,0.0,0.0,0.0,0.0,0.0,210.0,0.0,0.0,0.0,0.0,0.0,0.0,214.0,0.0,0.0,38.0,0.0,0.0,0.0,174.0,0.0,0.0
368,KACANG TANAH (IMPORT),1kg,BARANGAN KERING,KACANG,190.0,4.0,4.0,4.0,4.0,173.0,25.0,4.0,4.0,4.0,4.0,4.0,190.0,4.0,4.0,4.0,4.0,4.0,5.0,189.0,4.0,4.0,47.0,4.0,4.0,4.0,148.0,4.0,4.0
388,KRIMER MANIS CAP JUNJUNG,500 g,BARANGAN BERBUNGKUS,KRIMER DAN SUSU TEPUNG,42.0,0.0,0.0,0.0,0.0,40.0,6.0,0.0,0.0,0.0,0.0,0.0,45.0,0.0,0.0,0.0,0.0,0.0,0.0,46.0,0.0,0.0,5.0,0.0,0.0,0.0,43.0,0.0,0.0
716,CILI API/PADI HIJAU,1kg,BARANGAN SEGAR,SAYUR-SAYURAN,31.0,3.0,3.0,3.0,3.0,20.0,14.0,3.0,3.0,2.0,2.0,2.0,33.0,1.0,2.0,1.0,2.0,3.0,3.0,31.0,2.0,2.0,3.0,2.0,3.0,3.0,35.0,3.0,2.0
843,ANMUM LACTA (BIASA),650g,BARANGAN BERBUNGKUS,KRIMER DAN SUSU TEPUNG,54.0,0.0,0.0,0.0,0.0,51.0,5.0,0.0,0.0,0.0,0.0,0.0,61.0,0.0,0.0,0.0,0.0,0.0,0.0,59.0,0.0,0.0,18.0,0.0,0.0,0.0,40.0,0.0,0.0
845,SOTONG (≥ 6 EKOR SEKILOGRAM),1kg,BARANGAN SEGAR,BAHAN LAUT,51.0,1.0,1.0,1.0,1.0,36.0,19.0,2.0,2.0,3.0,2.0,3.0,58.0,2.0,2.0,2.0,3.0,3.0,2.0,51.0,2.0,2.0,12.0,1.0,2.0,1.0,38.0,2.0,2.0
847,KETAM RENJONG/BUNGA (ANTARA 5 HINGGA 8 EKOR SEKILOGRAM),1kg,BARANGAN SEGAR,BAHAN LAUT,24.0,0.0,0.0,1.0,1.0,13.0,10.0,1.0,1.0,1.0,1.0,1.0,19.0,0.0,1.0,1.0,1.0,2.0,1.0,25.0,1.0,2.0,7.0,1.0,0.0,1.0,23.0,0.0,0.0
849,UDANG PUTIH KECIL (b	% 61 EKOR SEKILOGRAM),1kg,BARANGAN SEGAR,BAHAN LAUT,24.0,2.0,2.0,2.0,3.0,16.0,7.0,2.0,3.0,2.0,1.0,2.0,21.0,2.0,3.0,2.0,2.0,2.0,1.0,22.0,2.0,2.0,3.0,1.0,1.0,1.0,13.0,1.0,0.0
850,UDANG HARIMAU (ANTARA 20 HINGGA 30 EKOR SEKILOGRAM),1kg,BARANGAN SEGAR,BAHAN LAUT,12.0,0.0,1.0,1.0,0.0,10.0,8.0,0.0,0.0,1.0,1.0,1.0,14.0,1.0,0.0,2.0,1.0,1.0,0.0,19.0,0.0,0.0,4.0,0.0,0.0,0.0,10.0,0.0,0.0
861,UBI KENTANG HOLLAND,1kg,BARANGAN KERING,UBI KENTANG,14.0,0.0,1.0,1.0,1.0,12.0,4.0,1.0,1.0,1.0,1.0,1.0,17.0,1.0,1.0,1.0,1.0,1.0,1.0,17.0,1.0,1.0,6.0,1.0,1.0,1.0,11.0,1.0,1.0
863,JINTAN MANIS (KASAR),100 g,BARANGAN BERBUNGKUS,REMPAH RATUS (TIDAK BERBUNGKUS),55.0,0.0,0.0,0.0,0.0,47.0,8.0,0.0,0.0,0.0,0.0,0.0,56.0,0.0,0.0,0.0,0.0,0.0,0.0,60.0,0.0,0.0,13.0,0.0,0.0,0.0,45.0,0.0,0.0
864,BUNGA CENGKIH,100 g,BARANGAN BERBUNGKUS,REMPAH RATUS (TIDAK BERBUNGKUS),63.0,0.0,0.0,0.0,0.0,59.0,5.0,0.0,0.0,0.0,0.0,0.0,63.0,0.0,0.0,0.0,0.0,0.0,0.0,65.0,0.0,0.0,15.0,0.0,0.0,0.0,45.0,0.0,0.0
865,BUNGA LAWANG,100 g,BARANGAN BERBUNGKUS,REMPAH RATUS (TIDAK BERBUNGKUS),58.0,0.0,0.0,0.0,0.0,56.0,6.0,0.0,0.0,0.0,0.0,0.0,65.0,0.0,0.0,0.0,0.0,0.0,0.0,62.0,0.0,0.0,16.0,0.0,0.0,0.0,49.0,0.0,0.0
866,BUAH PELAGA,100 g,BARANGAN BERBUNGKUS,REMPAH RATUS (TIDAK BERBUNGKUS),55.0,0.0,0.0,0.0,0.0,54.0,3.0,0.0,0.0,0.0,0.0,0.0,57.0,0.0,0.0,0.0,0.0,0.0,0.0,52.0,0.0,0.0,14.0,0.0,0.0,0.0,43.0,0.0,0.0
867,BUAH KERAS,100 g,BARANGAN BERBUNGKUS,REMPAH RATUS (TIDAK BERBUNGKUS),41.0,0.0,0.0,0.0,0.0,36.0,7.0,0.0,0.0,0.0,0.0,0.0,46.0,0.0,0.0,0.0,0.0,0.0,0.0,48.0,0.0,0.0,12.0,0.0,0.0,0.0,36.0,0.0,0.0
868,BUAH PALA,100 g,BARANGAN BERBUNGKUS,REMPAH RATUS (TIDAK BERBUNGKUS),9.0,0.0,0.0,0.0,0.0,8.0,1.0,0.0,0.0,0.0,0.0,0.0,9.0,0.0,0.0,0.0,0.0,0.0,0.0,10.0,0.0,0.0,0.0,0.0,0.0,0.0,12.0,0.0,0.0
869,BIJI SAWI,100 g,BARANGAN BERBUNGKUS,REMPAH RATUS (TIDAK BERBUNGKUS),41.0,0.0,0.0,0.0,0.0,38.0,4.0,0.0,0.0,0.0,0.0,0.0,42.0,0.0,0.0,0.0,0.0,0.0,0.0,44.0,0.0,0.0,14.0,0.0,0.0,0.0,31.0,0.0,0.0
870,BIJI KETUMBAR,100 g,BARANGAN BERBUNGKUS,REMPAH RATUS (TIDAK BERBUNGKUS),62.0,0.0,0.0,0.0,0.0,56.0,9.0,0.0,0.0,0.0,0.0,0.0,62.0,0.0,0.0,0.0,0.0,0.0,0.0,64.0,0.0,0.0,13.0,0.0,0.0,0.0,50.0,0.0,0.0
871,LADA HITAM,100 g,BARANGAN BERBUNGKUS,REMPAH RATUS (TIDAK BERBUNGKUS),60.0,0.0,0.0,0.0,0.0,57.0,5.0,0.0,0.0,0.0,0.0,0.0,59.0,0.0,0.0,0.0,0.0,0.0,0.0,58.0,0.0,0.0,18.0,0.0,0.0,0.0,42.0,0.0,0.0
873,LADA PUTIH,100 g,BARANGAN BERBUNGKUS,REMPAH RATUS (TIDAK BERBUNGKUS),45.0,0.0,0.0,0.0,0.0,43.0,4.0,0.0,0.0,0.0,0.0,0.0,45.0,0.0,0.0,0.0,0.0,0.0,0.0,50.0,0.0,0.0,10.0,0.0,0.0,0.0,43.0,0.0,0.0
883,KRIMER MANIS BERVITAMIN CAP F&N,500 g,BARANGAN BERBUNGKUS,KRIMER DAN SUSU TEPUNG,194.0,0.0,0.0,0.0,0.0,189.0,38.0,0.0,0.0,0.0,0.0,0.0,228.0,0.0,0.0,0.0,0.0,0.0,0.0,238.0,0.0,0.0,44.0,0.0,0.0,0.0,191.0,0.0,0.0
884,KRIMER MANIS CAP GOLD COIN,500 g,BARANGAN BERBUNGKUS,KRIMER DAN SUSU TEPUNG,86.0,0.0,0.0,0.0,0.0,67.0,13.0,0.0,0.0,0.0,0.0,0.0,75.0,0.0,0.0,0.0,0.0,0.0,0.0,72.0,0.0,0.0,18.0,0.0,0.0,0.0,54.0,0.0,0.0
896,HALBA,100 g,BARANGAN BERBUNGKUS,REMPAH RATUS (TIDAK BERBUNGKUS),70.0,0.0,0.0,0.0,0.0,68.0,5.0,0.0,0.0,0.0,0.0,0.0,74.0,0.0,0.0,0.0,0.0,0.0,0.0,74.0,0.0,0.0,18.0,0.0,0.0,0.0,54.0,0.0,0.0
904,BERAS SUPER CAP RAMBUTAN 5% (IMPORT),10 kg,BARANGAN BERBUNGKUS,BERAS,45.0,0.0,0.0,0.0,1.0,45.0,3.0,1.0,1.0,1.0,1.0,1.0,44.0,0.0,0.0,0.0,0.0,0.0,0.0,43.0,0.0,0.0,16.0,0.0,1.0,1.0,27.0,0.0,0.0
910,KORDIAL F&N (SIRAP ROS),2 liter,MINUMAN,BAHAN-BAHAN MINUMAN,106.0,0.0,0.0,0.0,0.0,0.0,0.0,0.0,0.0,0.0,0.0,0.0,0.0,0.0,0.0,0.0,0.0,0.0,0.0,0.0,0.0,0.0,27.0,0.0,0.0,0.0,107.0,0.0,0.0
917,"TEPUNG GANDUM NGP (BERBUNGKUS, CAP SAUH)",1kg,BARANGAN BERBUNGKUS,TEPUNG,202.0,0.0,0.0,0.0,0.0,178.0,34.0,0.0,0.0,0.0,0.0,0.0,222.0,0.0,0.0,0.0,0.0,0.0,0.0,213.0,0.0,0.0,52.0,0.0,0.0,0.0,169.0,0.0,0.0
918,MINYAK MASAK PAKET (PELBAGAI JENAMA),1kg,BARANGAN BERBUNGKUS,MINYAK DAN LEMAK,76.0,0.0,0.0,0.0,0.0,64.0,7.0,0.0,0.0,0.0,0.0,0.0,77.0,0.0,0.0,0.0,0.0,0.0,0.0,85.0,0.0,0.0,24.0,0.0,0.0,0.0,57.0,0.0,0.0
919,SUSU TEPUNG PENUH KRIM DUTCHLADY,600 g,BARANGAN BERBUNGKUS,KRIMER DAN SUSU TEPUNG,71.0,0.0,0.0,0.0,0.0,65.0,9.0,0.0,0.0,0.0,0.0,0.0,73.0,0.0,0.0,0.0,0.0,0.0,0.0,75.0,0.0,0.0,22.0,0.0,0.0,0.0,54.0,0.0,0.0
929,NESCAFE CLASSIC (PAKET),200 g,MINUMAN,BAHAN-BAHAN MINUMAN,159.0,0.0,0.0,0.0,0.0,0.0,0.0,0.0,0.0,0.0,0.0,0.0,0.0,0.0,0.0,0.0,0.0,0.0,0.0,0.0,0.0,0.0,24.0,0.0,0.0,0.0,147.0,0.0,0.0
957,SOS CILI KIMBALL,340 g,BARANGAN BERBUNGKUS,KICAP DAN SOS,202.0,0.0,0.0,0.0,0.0,177.0,20.0,0.0,0.0,0.0,0.0,0.0,203.0,0.0,0.0,0.0,0.0,0.0,0.0,204.0,0.0,0.0,48.0,0.0,0.0,0.0,157.0,0.0,0.0
1070,SOS CILI MAGGI,340 g,BARANGAN BERBUNGKUS,KICAP DAN SOS,253.0,0.0,0.0,0.0,0.0,254.0,32.0,0.0,0.0,0.0,0.0,0.0,279.0,0.0,0.0,0.0,0.0,0.0,0.0,286.0,0.0,0.0,54.0,0.0,0.0,0.0,235.0,0.0,0.0
1080,SERBUK PENAIK ROYAL (TIN),226g,BARANGAN BERBUNGKUS,ESEN DAN RAGI,0.0,0.0,0.0,0.0,0.0,0.0,0.0,0.0,0.0,0.0,0.0,0.0,0.0,0.0,0.0,0.0,0.0,0.0,0.0,1.0,0.0,0.0,0.0,0.0,0.0,0.0,0.0,0.0,0.0
1081,MACKAREL CAP KING CUP (SOS TOMATO),155 g,BARANGAN BERBUNGKUS,IKAN DALAM TIN,29.0,0.0,0.0,0.0,0.0,30.0,1.0,0.0,0.0,0.0,0.0,0.0,30.0,0.0,0.0,0.0,0.0,0.0,0.0,30.0,0.0,0.0,1.0,0.0,0.0,0.0,28.0,0.0,0.0
1082,MACKAREL CAP AYAM (SOS TOMATO),155 g,BARANGAN BERBUNGKUS,IKAN DALAM TIN,234.0,0.0,0.0,0.0,0.0,229.0,31.0,0.0,0.0,0.0,0.0,0.0,257.0,0.0,0.0,0.0,0.0,0.0,0.0,258.0,0.0,0.0,46.0,0.0,0.0,0.0,207.0,0.0,0.0
1084,TEH BOH (SERBUK),500 g,MINUMAN,BAHAN-BAHAN MINUMAN,181.0,0.0,0.0,0.0,0.0,0.0,0.0,0.0,0.0,0.0,0.0,0.0,0.0,0.0,0.0,0.0,0.0,0.0,0.0,0.0,0.0,0.0,39.0,0.0,0.0,0.0,172.0,0.0,0.0
1086,MINYAK JAGUNG CAP DAISY,1kg,BARANGAN BERBUNGKUS,MINYAK DAN LEMAK,139.0,0.0,0.0,0.0,0.0,130.0,18.0,0.0,0.0,0.0,0.0,0.0,142.0,0.0,0.0,0.0,0.0,0.0,0.0,139.0,0.0,0.0,26.0,0.0,0.0,0.0,109.0,0.0,0.0
1087,MINYAK JAGUNG CAP DAISY,3 kg,BARANGAN BERBUNGKUS,MINYAK DAN LEMAK,57.0,0.0,0.0,0.0,0.0,82.0,10.0,0.0,0.0,0.0,0.0,0.0,93.0,0.0,0.0,0.0,0.0,0.0,0.0,92.0,0.0,0.0,4.0,0.0,0.0,0.0,89.0,0.0,0.0
1088,MINYAK JAGUNG CAP MAZOLA,3 kg,BARANGAN BERBUNGKUS,MINYAK DAN LEMAK,6.0,0.0,0.0,0.0,0.0,2.0,2.0,0.0,0.0,0.0,0.0,0.0,4.0,0.0,0.0,0.0,0.0,0.0,0.0,4.0,0.0,0.0,0.0,0.0,0.0,0.0,3.0,0.0,0.0
1089,MINYAK JAGUNG CAP VECORN,3 kg,BARANGAN BERBUNGKUS,MINYAK DAN LEMAK,21.0,0.0,0.0,0.0,0.0,20.0,1.0,0.0,0.0,0.0,0.0,0.0,17.0,0.0,0.0,0.0,0.0,0.0,0.0,18.0,0.0,0.0,1.0,0.0,0.0,0.0,15.0,0.0,0.0
1090,MINYAK JAGUNG CAP VECORN,1kg,BARANGAN BERBUNGKUS,MINYAK DAN LEMAK,48.0,0.0,0.0,0.0,0.0,45.0,3.0,0.0,0.0,0.0,0.0,0.0,50.0,0.0,0.0,0.0,0.0,0.0,0.0,50.0,0.0,0.0,7.0,0.0,0.0,0.0,44.0,0.0,0.0
1091,MINYAK MASAK SEBATIAN CAP HELANG,1kg,BARANGAN BERBUNGKUS,MINYAK DAN LEMAK,68.0,0.0,0.0,0.0,0.0,60.0,8.0,0.0,0.0,0.0,0.0,0.0,62.0,0.0,0.0,0.0,0.0,0.0,0.0,67.0,0.0,0.0,4.0,0.0,0.0,0.0,66.0,0.0,0.0
1092,MINYAK MASAK SEBATIAN CAP NEPTUNE,1kg,BARANGAN BERBUNGKUS,MINYAK DAN LEMAK,5.0,0.0,0.0,0.0,0.0,2.0,2.0,0.0,0.0,0.0,0.0,0.0,5.0,0.0,0.0,0.0,0.0,0.0,0.0,5.0,0.0,0.0,0.0,0.0,0.0,0.0,5.0,0.0,0.0
1093,MINYAK MASAK SEBATIAN CAP PISAU,1kg,BARANGAN BERBUNGKUS,MINYAK DAN LEMAK,96.0,0.0,0.0,0.0,0.0,107.0,16.0,0.0,0.0,0.0,0.0,0.0,129.0,0.0,0.0,0.0,0.0,0.0,0.0,130.0,0.0,0.0,9.0,0.0,0.0,0.0,113.0,0.0,0.0
1094,MINYAK MASAK TULEN CAP BURUH,1kg,BARANGAN BERBUNGKUS,MINYAK DAN LEMAK,86.0,0.0,0.0,0.0,0.0,71.0,15.0,0.0,0.0,0.0,0.0,0.0,90.0,0.0,0.0,0.0,0.0,0.0,0.0,82.0,0.0,0.0,13.0,0.0,0.0,0.0,65.0,0.0,0.0
1095,MINYAK MASAK TULEN CAP VESAWIT,5 kg,BARANGAN BERBUNGKUS,MINYAK DAN LEMAK,80.0,0.0,0.0,0.0,0.0,65.0,8.0,0.0,0.0,0.0,0.0,0.0,69.0,0.0,0.0,0.0,0.0,0.0,0.0,68.0,0.0,0.0,11.0,0.0,0.0,0.0,49.0,0.0,0.0
1097,SOS CILI MAGGI,500 g,BARANGAN BERBUNGKUS,KICAP DAN SOS,250.0,0.0,0.0,0.0,0.0,247.0,34.0,0.0,0.0,0.0,0.0,0.0,279.0,0.0,0.0,0.0,0.0,0.0,0.0,283.0,0.0,0.0,61.0,0.0,0.0,0.0,227.0,0.0,0.0
1100,MINYAK MASAK TULEN CAP SERI MURNI,1kg,BARANGAN BERBUNGKUS,MINYAK DAN LEMAK,56.0,0.0,0.0,0.0,0.0,51.0,1.0,0.0,0.0,0.0,0.0,0.0,52.0,0.0,0.0,0.0,0.0,0.0,0.0,59.0,0.0,0.0,13.0,0.0,0.0,0.0,44.0,0.0,0.0
1101,MINYAK MASAK TULEN CAP SERI MURNI,2 kg,BARANGAN BERBUNGKUS,MINYAK DAN LEMAK,139.0,0.0,0.0,0.0,0.0,148.0,12.0,0.0,0.0,0.0,0.0,0.0,165.0,0.0,0.0,0.0,0.0,0.0,0.0,162.0,0.0,0.0,42.0,0.0,0.0,0.0,127.0,0.0,0.0
1105,SUSU ANLENE ACTIFIT 3X COKLAT,600 g,BARANGAN BERBUNGKUS,KRIMER DAN SUSU TEPUNG,105.0,0.0,0.0,0.0,0.0,114.0,9.0,0.0,0.0,0.0,0.0,0.0,117.0,0.0,0.0,0.0,0.0,0.0,0.0,111.0,0.0,0.0,25.0,0.0,0.0,0.0,76.0,0.0,0.0
1109,TELUR AYAM GRED A,30 biji,BARANGAN SEGAR,TELUR,70.0,1.0,2.0,2.0,2.0,50.0,19.0,1.0,1.0,2.0,2.0,2.0,62.0,1.0,0.0,1.0,2.0,1.0,1.0,67.0,0.0,1.0,19.0,2.0,1.0,0.0,51.0,0.0,1.0
1110,TELUR AYAM GRED B,30 biji,BARANGAN SEGAR,TELUR,116.0,2.0,3.0,3.0,3.0,100.0,25.0,2.0,2.0,3.0,3.0,3.0,126.0,3.0,3.0,3.0,3.0,3.0,3.0,128.0,3.0,3.0,35.0,3.0,3.0,3.0,96.0,1.0,2.0
1111,TELUR AYAM GRED C,30 biji,BARANGAN SEGAR,TELUR,109.0,0.0,0.0,0.0,0.0,96.0,21.0,0.0,0.0,0.0,0.0,0.0,104.0,0.0,0.0,0.0,0.0,0.0,0.0,110.0,0.0,0.0,24.0,0.0,0.0,0.0,79.0,0.0,0.0
1114,SOS TIRAM KIMBALL,510 g,BARANGAN BERBUNGKUS,KICAP DAN SOS,185.0,0.0,0.0,0.0,0.0,170.0,19.0,0.0,0.0,0.0,0.0,0.0,193.0,0.0,0.0,0.0,0.0,0.0,0.0,190.0,0.0,0.0,43.0,0.0,0.0,0.0,145.0,0.0,0.0
1115,KICAP LEMAK MASIN CAP KIPAS UDANG,345ml,BARANGAN BERBUNGKUS,KICAP DAN SOS,180.0,0.0,0.0,0.0,0.0,175.0,33.0,0.0,0.0,0.0,0.0,0.0,207.0,0.0,0.0,0.0,0.0,0.0,0.0,210.0,0.0,0.0,38.0,0.0,0.0,0.0,173.0,0.0,0.0
1116,SOS TIRAM NONA,510 g,BARANGAN BERBUNGKUS,KICAP DAN SOS,98.0,0.0,0.0,0.0,0.0,86.0,14.0,0.0,0.0,0.0,0.0,0.0,97.0,0.0,0.0,0.0,0.0,0.0,0.0,98.0,0.0,0.0,29.0,0.0,0.0,0.0,70.0,0.0,0.0
1117,SOS TIRAM ADABI,510 g,BARANGAN BERBUNGKUS,KICAP DAN SOS,112.0,0.0,0.0,0.0,0.0,101.0,9.0,0.0,0.0,0.0,0.0,0.0,111.0,0.0,0.0,0.0,0.0,0.0,0.0,110.0,0.0,0.0,34.0,0.0,0.0,0.0,71.0,0.0,0.0
1125,SERBUK CILI KIJANG,250 g,BARANGAN BERBUNGKUS,REMPAH RATUS (BERBUNGKUS),9.0,0.0,0.0,0.0,0.0,7.0,2.0,0.0,0.0,0.0,0.0,0.0,9.0,0.0,0.0,0.0,0.0,0.0,0.0,9.0,0.0,0.0,2.0,0.0,0.0,0.0,7.0,0.0,0.0
1128,LADA BENGGALA HIJAU (CAPSICUM),1kg,BARANGAN SEGAR,SAYUR-SAYURAN,97.0,4.0,3.0,3.0,3.0,81.0,21.0,4.0,3.0,3.0,4.0,4.0,96.0,4.0,3.0,3.0,3.0,3.0,3.0,96.0,3.0,3.0,31.0,4.0,4.0,3.0,64.0,3.0,4.0
1129,LADA BENGGALA MERAH (CAPSICUM),1kg,BARANGAN SEGAR,SAYUR-SAYURAN,75.0,2.0,3.0,3.0,3.0,70.0,14.0,4.0,4.0,4.0,4.0,4.0,83.0,4.0,4.0,4.0,4.0,4.0,4.0,86.0,4.0,4.0,27.0,4.0,4.0,3.0,47.0,2.0,3.0
1130,LADA BENGGALA KUNING (CAPSICUM),1kg,BARANGAN SEGAR,SAYUR-SAYURAN,55.0,3.0,4.0,4.0,4.0,51.0,11.0,4.0,4.0,4.0,4.0,4.0,58.0,4.0,4.0,4.0,4.0,4.0,4.0,51.0,4.0,4.0,12.0,4.0,4.0,2.0,28.0,2.0,3.0
1131,UBI KENTANG IMPORT (CHINA),1kg,BARANGAN KERING,UBI KENTANG,194.0,2.0,1.0,1.0,1.0,175.0,33.0,2.0,2.0,2.0,2.0,2.0,204.0,2.0,2.0,2.0,2.0,2.0,3.0,205.0,2.0,2.0,41.0,2.0,2.0,2.0,169.0,2.0,2.0
1132,LIMAU NIPIS,1kg,BARANGAN SEGAR,BUAH-BUAHAN,129.0,2.0,3.0,3.0,3.0,104.0,28.0,2.0,2.0,2.0,3.0,3.0,129.0,2.0,2.0,3.0,3.0,3.0,3.0,135.0,3.0,3.0,39.0,3.0,3.0,3.0,96.0,2.0,2.0
1135,KICAP MANIS ADABI,340ml,BARANGAN BERBUNGKUS,KICAP DAN SOS,172.0,0.0,0.0,0.0,0.0,164.0,12.0,0.0,0.0,0.0,0.0,0.0,172.0,0.0,0.0,0.0,0.0,0.0,0.0,170.0,0.0,0.0,46.0,0.0,0.0,0.0,120.0,0.0,0.0
1136,KICAP MASIN ADABI,340ml,BARANGAN BERBUNGKUS,KICAP DAN SOS,147.0,0.0,0.0,0.0,0.0,135.0,10.0,0.0,0.0,0.0,0.0,0.0,140.0,0.0,0.0,0.0,0.0,0.0,0.0,143.0,0.0,0.0,45.0,0.0,0.0,0.0,95.0,0.0,0.0
1137,SOS CILI THAI LIFE,360g,BARANGAN BERBUNGKUS,KICAP DAN SOS,179.0,0.0,0.0,0.0,0.0,176.0,30.0,0.0,0.0,0.0,0.0,0.0,203.0,0.0,0.0,0.0,0.0,0.0,0.0,204.0,0.0,0.0,40.0,0.0,0.0,0.0,164.0,0.0,0.0
1138,SOS TIRAM MAGGI,340 g,BARANGAN BERBUNGKUS,KICAP DAN SOS,230.0,0.0,0.0,0.0,0.0,229.0,34.0,0.0,0.0,0.0,0.0,0.0,258.0,0.0,0.0,0.0,0.0,0.0,0.0,269.0,0.0,0.0,51.0,0.0,0.0,0.0,219.0,0.0,0.0
1139,SOS TOMATO LIFE,330 g,BARANGAN BERBUNGKUS,KICAP DAN SOS,158.0,0.0,0.0,0.0,0.0,137.0,17.0,0.0,0.0,0.0,0.0,0.0,157.0,0.0,0.0,0.0,0.0,0.0,0.0,162.0,0.0,0.0,37.0,0.0,0.0,0.0,119.0,0.0,0.0
1140,MARJERIN PLANTA,240 g,BARANGAN BERBUNGKUS,SAPUAN (SPREADS),226.0,0.0,0.0,0.0,0.0,228.0,31.0,0.0,0.0,0.0,0.0,0.0,260.0,0.0,0.0,0.0,0.0,0.0,0.0,255.0,0.0,0.0,53.0,0.0,0.0,0.0,192.0,0.0,0.0
1141,MARJERIN DAISY,240 g,BARANGAN BERBUNGKUS,SAPUAN (SPREADS),159.0,0.0,0.0,0.0,0.0,162.0,21.0,0.0,0.0,0.0,0.0,0.0,186.0,0.0,0.0,0.0,0.0,0.0,0.0,201.0,0.0,0.0,34.0,0.0,0.0,0.0,169.0,0.0,0.0
1142,SARDIN CAP ADABI (SOS TOMATO DENGAN CILI),425 g,BARANGAN BERBUNGKUS,IKAN DALAM TIN,144.0,0.0,0.0,0.0,0.0,131.0,18.0,0.0,0.0,0.0,0.0,0.0,142.0,0.0,0.0,0.0,0.0,0.0,1.0,146.0,0.0,0.0,45.0,0.0,0.0,0.0,104.0,0.0,0.0
1144,MENTEGA KACANG HALUS LADY'S CHOICE,340 g,BARANGAN BERBUNGKUS,SAPUAN (SPREADS),129.0,0.0,0.0,0.0,0.0,124.0,13.0,0.0,0.0,0.0,0.0,0.0,134.0,0.0,0.0,0.0,0.0,0.0,0.0,136.0,0.0,0.0,29.0,0.0,0.0,0.0,108.0,0.0,0.0
1145,NESTLE CERELAC BERAS - TIN,500 g,SUSU DAN BARANGAN BAYI,MAKANAN BAYI,167.0,0.0,0.0,0.0,0.0,177.0,19.0,0.0,0.0,0.0,0.0,0.0,192.0,0.0,0.0,0.0,0.0,0.0,0.0,191.0,0.0,0.0,35.0,0.0,0.0,0.0,128.0,0.0,0.0
1151,SANTAN KELAPA JENAMA AYAM BRAND,1 liter,BARANGAN BERBUNGKUS,SANTAN (KOTAK),211.0,0.0,0.0,0.0,0.0,188.0,32.0,0.0,0.0,0.0,0.0,0.0,213.0,0.0,0.0,0.0,0.0,0.0,0.0,210.0,0.0,0.0,34.0,0.0,0.0,0.0,168.0,0.0,0.0
1153,PERENCAH TOM YAM ADABI,40 g,BARANGAN BERBUNGKUS,REMPAH RATUS (BERBUNGKUS),178.0,0.0,0.0,0.0,0.0,169.0,30.0,0.0,0.0,0.0,0.0,0.0,198.0,0.0,0.0,0.0,0.0,0.0,0.0,210.0,0.0,0.0,40.0,0.0,0.0,0.0,171.0,0.0,0.0
1355,100 PLUS (ORIGINAL),1.5 liter,MINUMAN,TERSEDIA MINUM,103.0,0.0,0.0,0.0,0.0,0.0,0.0,0.0,0.0,0.0,0.0,0.0,0.0,0.0,0.0,0.0,0.0,0.0,0.0,0.0,0.0,0.0,6.0,0.0,0.0,0.0,115.0,0.0,0.0
1368,DAGING PAHA KAMBING BEBIRI IMPORT BERTULANG (MUTTON) (NEW ZEALAND),1kg,BARANGAN SEGAR,DAGING,0.0,0.0,0.0,0.0,0.0,1.0,0.0,0.0,0.0,0.0,0.0,0.0,0.0,0.0,0.0,0.0,0.0,0.0,0.0,0.0,0.0,0.0,0.0,0.0,0.0,0.0,0.0,0.0,0.0
1371,DAGING LEMBU IMPORT (BLADE),1kg,BARANGAN SEGAR,DAGING,3.0,1.0,1.0,1.0,1.0,3.0,1.0,1.0,1.0,1.0,1.0,1.0,1.0,1.0,1.0,1.0,1.0,1.0,1.0,2.0,1.0,1.0,1.0,1.0,1.0,1.0,1.0,1.0,1.0
1372,DAGING LEMBU IMPORT (CHUCKTENDER),1kg,BARANGAN SEGAR,DAGING,1.0,0.0,0.0,0.0,0.0,1.0,0.0,0.0,0.0,0.0,0.0,0.0,1.0,0.0,0.0,0.0,0.0,0.0,0.0,1.0,0.0,0.0,0.0,0.0,0.0,0.0,1.0,0.0,0.0
1373,DAGING LEMBU IMPORT (KNUCKLE),1kg,BARANGAN SEGAR,DAGING,1.0,0.0,0.0,0.0,0.0,1.0,0.0,0.0,0.0,0.0,0.0,0.0,1.0,0.0,0.0,0.0,0.0,0.0,0.0,0.0,0.0,0.0,0.0,0.0,0.0,0.0,0.0,0.0,0.0
1375,DAGING KERBAU IMPORT (INDIA) * (SILVERSIDE),1kg,BARANGAN SEGAR,DAGING,5.0,0.0,0.0,0.0,0.0,6.0,1.0,0.0,0.0,0.0,0.0,0.0,8.0,0.0,0.0,0.0,0.0,0.0,0.0,7.0,0.0,0.0,2.0,0.0,0.0,0.0,7.0,0.0,0.0
1376,DAGING KERBAU IMPORT (INDIA) * (RUMP),1kg,BARANGAN SEGAR,DAGING,7.0,0.0,0.0,0.0,0.0,6.0,0.0,0.0,0.0,0.0,0.0,0.0,6.0,0.0,0.0,0.0,0.0,0.0,0.0,7.0,0.0,0.0,0.0,0.0,0.0,0.0,10.0,0.0,0.0
1377,DAGING KERBAU IMPORT (INDIA) * (BLADE),1kg,BARANGAN SEGAR,DAGING,14.0,0.0,0.0,0.0,0.0,14.0,1.0,0.0,0.0,0.0,0.0,0.0,16.0,0.0,0.0,0.0,0.0,0.0,0.0,19.0,0.0,0.0,1.0,0.0,0.0,0.0,16.0,0.0,0.0
1378,DAGING KERBAU IMPORT (INDIA) * (CHUCK),1kg,BARANGAN SEGAR,DAGING,4.0,0.0,0.0,0.0,0.0,2.0,1.0,0.0,0.0,0.0,0.0,0.0,4.0,0.0,0.0,0.0,0.0,0.0,0.0,3.0,0.0,0.0,1.0,0.0,0.0,0.0,2.0,0.0,0.0
1379,DAGING BABI (PERUT / BELLY),1kg,BARANGAN SEGAR,DAGING,0.0,0.0,0.0,0.0,0.0,1.0,1.0,1.0,1.0,1.0,1.0,1.0,1.0,1.0,1.0,1.0,1.0,1.0,1.0,1.0,1.0,1.0,1.0,1.0,0.0,0.0,0.0,0.0,0.0
1380,DAGING BABI (DAGING & LEMAK / LEAN & FAT),1kg,BARANGAN SEGAR,DAGING,1.0,0.0,0.0,0.0,0.0,2.0,1.0,1.0,1.0,1.0,1.0,1.0,2.0,1.0,1.0,1.0,1.0,1.0,1.0,2.0,1.0,1.0,1.0,1.0,0.0,0.0,0.0,0.0,0.0
1391,UDANG PUTIH BESAR/BANANA PRAWN (BERAT ANTARA 41 EKOR HINGGA 60 EKOR SEKILOGRAM),1kg,BARANGAN SEGAR,BAHAN LAUT,0.0,0.0,0.0,0.0,0.0,1.0,0.0,0.0,0.0,0.0,0.0,0.0,1.0,0.0,0.0,0.0,0.0,0.0,0.0,0.0,0.0,0.0,0.0,0.0,0.0,0.0,0.0,0.0,0.0
1396,KUBIS BULAT IMPORT (INDONESIA),1kg,BARANGAN SEGAR,SAYUR-SAYURAN,0.0,0.0,1.0,1.0,1.0,1.0,1.0,1.0,1.0,1.0,1.0,1.0,1.0,1.0,1.0,1.0,1.0,1.0,1.0,1.0,1.0,1.0,1.0,1.0,1.0,1.0,1.0,1.0,1.0
1399,BAWANG PERAI (LEEK) TEMPATAN,1kg,BARANGAN SEGAR,SAYUR-SAYURAN,8.0,0.0,0.0,0.0,0.0,8.0,0.0,1.0,1.0,1.0,1.0,1.0,9.0,0.0,0.0,1.0,0.0,1.0,1.0,11.0,0.0,1.0,2.0,1.0,1.0,1.0,7.0,0.0,1.0
1400,BAWANG PERAI (LEEK) IMPORT,1kg,BARANGAN SEGAR,SAYUR-SAYURAN,18.0,1.0,1.0,2.0,2.0,16.0,6.0,2.0,2.0,2.0,2.0,2.0,20.0,2.0,2.0,2.0,2.0,1.0,1.0,19.0,2.0,2.0,2.0,2.0,2.0,2.0,19.0,1.0,1.0
1412,KUBIS PANJANG CHINA - BESAR,1kg,BARANGAN SEGAR,SAYUR-SAYURAN,51.0,2.0,2.0,3.0,3.0,42.0,15.0,3.0,3.0,3.0,3.0,3.0,53.0,3.0,3.0,3.0,3.0,3.0,3.0,58.0,3.0,2.0,8.0,2.0,3.0,3.0,42.0,2.0,3.0
1419,KACANG DAL BIASA (INDIA),1kg,BARANGAN KERING,KACANG,11.0,0.0,0.0,0.0,0.0,9.0,4.0,0.0,0.0,0.0,0.0,0.0,14.0,0.0,0.0,0.0,0.0,0.0,0.0,13.0,0.0,0.0,4.0,0.0,0.0,0.0,11.0,0.0,0.0
1420,KACANG DAL MALAVI (INDIA),1kg,BARANGAN KERING,KACANG,21.0,1.0,1.0,1.0,1.0,12.0,10.0,1.0,1.0,1.0,1.0,1.0,21.0,1.0,1.0,1.0,1.0,1.0,1.0,19.0,1.0,1.0,4.0,1.0,1.0,1.0,18.0,1.0,1.0
1422,KACANG DAL (AUSTRALIA),1kg,BARANGAN KERING,KACANG,130.0,3.0,3.0,3.0,3.0,118.0,21.0,3.0,3.0,3.0,3.0,3.0,133.0,3.0,3.0,3.0,3.0,3.0,4.0,136.0,3.0,3.0,40.0,3.0,3.0,3.0,103.0,3.0,3.0
1436,IKAN KERISI (ANTARA 5 HINGGA 10 EKOR SEKILOGRAM),1kg,BARANGAN SEGAR,BAHAN LAUT,48.0,1.0,0.0,0.0,1.0,32.0,16.0,2.0,1.0,1.0,1.0,1.0,42.0,1.0,1.0,0.0,0.0,1.0,1.0,39.0,1.0,2.0,6.0,0.0,1.0,2.0,35.0,0.0,0.0
1437,IKAN SIAKAP (ANTARA 2 HINGGA 4 EKOR SEKILOGRAM),1kg,BARANGAN SEGAR,BAHAN LAUT,56.0,1.0,1.0,1.0,1.0,43.0,13.0,1.0,1.0,0.0,0.0,0.0,55.0,1.0,1.0,1.0,1.0,1.0,1.0,62.0,1.0,1.0,12.0,1.0,1.0,1.0,48.0,0.0,1.0
1438,IKAN TENGGIRI BATANG (KEPINGAN),1kg,BARANGAN SEGAR,BAHAN LAUT,20.0,0.0,0.0,0.0,0.0,17.0,2.0,0.0,0.0,0.0,1.0,1.0,14.0,0.0,0.0,0.0,0.0,0.0,0.0,16.0,0.0,0.0,3.0,0.0,0.0,0.0,13.0,0.0,0.0
1440,BAWANG BESAR IMPORT (INDIA),1kg,BARANGAN KERING,BAWANG,108.0,2.0,2.0,2.0,2.0,91.0,25.0,2.0,2.0,2.0,2.0,2.0,124.0,2.0,2.0,2.0,2.0,2.0,2.0,125.0,2.0,2.0,27.0,2.0,2.0,2.0,105.0,1.0,1.0
1441,BAWANG BESAR IMPORT (CHINA),1kg,BARANGAN KERING,BAWANG,43.0,1.0,1.0,1.0,1.0,37.0,7.0,1.0,1.0,1.0,1.0,1.0,38.0,1.0,1.0,1.0,1.0,1.0,2.0,38.0,1.0,1.0,4.0,1.0,1.0,1.0,35.0,1.0,1.0
1442,BAWANG KECIL MERAH BIASA IMPORT (INDIA),1kg,BARANGAN KERING,BAWANG,58.0,2.0,2.0,2.0,2.0,47.0,8.0,2.0,2.0,2.0,2.0,2.0,55.0,2.0,2.0,2.0,2.0,2.0,2.0,64.0,3.0,3.0,26.0,3.0,3.0,3.0,37.0,1.0,1.0
1443,BAWANG KECIL MERAH IMPORT (CHINA),1kg,BARANGAN KERING,BAWANG,4.0,0.0,0.0,0.0,0.0,3.0,0.0,0.0,0.0,0.0,0.0,0.0,3.0,0.0,0.0,0.0,0.0,0.0,0.0,4.0,0.0,0.0,1.0,0.0,0.0,0.0,2.0,0.0,0.0
1444,BAWANG KECIL MERAH IMPORT (MYANMAR),1kg,BARANGAN KERING,BAWANG,1.0,0.0,0.0,0.0,0.0,1.0,0.0,0.0,0.0,0.0,0.0,0.0,1.0,0.0,0.0,0.0,0.0,0.0,0.0,0.0,0.0,0.0,0.0,0.0,0.0,0.0,0.0,0.0,0.0
1445,BERAS CAP FAIZA EMAS (SST5%),10 kg,BARANGAN BERBUNGKUS,BERAS,0.0,0.0,0.0,0.0,0.0,0.0,0.0,0.0,0.0,0.0,0.0,0.0,0.0,0.0,0.0,0.0,0.0,0.0,0.0,0.0,0.0,0.0,1.0,0.0,0.0,0.0,0.0,0.0,0.0
1458,KUBIS BULAT IMPORT (BEIJING),1kg,BARANGAN SEGAR,SAYUR-SAYURAN,119.0,4.0,3.0,4.0,4.0,92.0,33.0,4.0,4.0,4.0,4.0,4.0,123.0,4.0,4.0,4.0,4.0,4.0,4.0,120.0,4.0,4.0,36.0,4.0,4.0,4.0,89.0,4.0,4.0
1463,KRIMER SEJAT CARNATION,390g,BARANGAN BERBUNGKUS,KRIMER DAN SUSU TEPUNG,126.0,0.0,0.0,0.0,0.0,133.0,32.0,0.0,0.0,0.0,0.0,0.0,165.0,0.0,0.0,0.0,0.0,0.0,0.0,167.0,0.0,0.0,27.0,0.0,0.0,0.0,136.0,0.0,0.0
1474,BERAS BASMATHI - FAIZA (KASHMIR),5 kg,BARANGAN BERBUNGKUS,BERAS,71.0,0.0,0.0,0.0,0.0,71.0,15.0,0.0,0.0,0.0,0.0,0.0,97.0,0.0,0.0,0.0,0.0,0.0,0.0,104.0,0.0,0.0,15.0,0.0,0.0,0.0,92.0,0.0,0.0
1475,IKAN BAWAL PUTIH (ANTARA 2 HINGGA 5 EKOR SEKILOGRAM),1kg,BARANGAN SEGAR,BAHAN LAUT,2.0,0.0,0.0,0.0,0.0,2.0,1.0,0.0,0.0,0.0,0.0,0.0,4.0,0.0,0.0,0.0,0.0,0.0,0.0,4.0,0.0,1.0,2.0,1.0,1.0,1.0,2.0,0.0,0.0
1476,IKAN KEMBUNG (ANTARA 8 HINGGA 12 EKOR SEKILOGRAM),1kg,BARANGAN SEGAR,BAHAN LAUT,48.0,1.0,1.0,2.0,2.0,35.0,17.0,1.0,2.0,1.0,2.0,1.0,42.0,1.0,1.0,1.0,2.0,2.0,2.0,38.0,2.0,2.0,4.0,1.0,2.0,1.0,40.0,1.0,1.0
1477,IKAN MABUNG (ANTARA 6 HINGGA 10 EKOR SEKILOGRAM),1kg,BARANGAN SEGAR,BAHAN LAUT,21.0,1.0,1.0,1.0,1.0,18.0,4.0,1.0,1.0,1.0,1.0,1.0,17.0,1.0,1.0,0.0,0.0,0.0,1.0,14.0,1.0,1.0,5.0,1.0,1.0,1.0,14.0,1.0,1.0
1479,BROKOLI,1kg,BARANGAN SEGAR,SAYUR-SAYURAN,119.0,4.0,4.0,3.0,3.0,101.0,27.0,3.0,3.0,3.0,3.0,3.0,119.0,3.0,3.0,3.0,3.0,3.0,3.0,116.0,3.0,3.0,29.0,3.0,3.0,3.0,88.0,3.0,1.0
1481,KUBIS BUNGA (CAULIFLOWER),1kg,BARANGAN SEGAR,SAYUR-SAYURAN,139.0,4.0,3.0,4.0,4.0,122.0,28.0,4.0,4.0,4.0,4.0,4.0,150.0,4.0,4.0,4.0,4.0,4.0,4.0,148.0,3.0,4.0,33.0,3.0,2.0,3.0,108.0,2.0,2.0
1482,KUBIS PANJANG (TEMPATAN),1kg,BARANGAN SEGAR,SAYUR-SAYURAN,24.0,0.0,0.0,0.0,0.0,24.0,1.0,0.0,0.0,0.0,0.0,0.0,28.0,0.0,0.0,0.0,0.0,0.0,0.0,25.0,0.0,0.0,12.0,0.0,0.0,0.0,9.0,0.0,0.0
1483,MEE KUNING BASAH (PELBAGAI JENAMA),+-450g,BARANGAN SEGAR,MEE/KUETIAU,147.0,3.0,3.0,3.0,3.0,144.0,23.0,3.0,3.0,3.0,3.0,3.0,154.0,3.0,3.0,2.0,3.0,3.0,3.0,154.0,3.0,3.0,44.0,3.0,3.0,3.0,110.0,3.0,4.0
1484,KUETIAU BASAH (PELBAGAI JENAMA),+-450g,BARANGAN SEGAR,MEE/KUETIAU,126.0,3.0,3.0,3.0,3.0,117.0,16.0,3.0,3.0,3.0,3.0,3.0,127.0,3.0,3.0,2.0,3.0,3.0,3.0,129.0,3.0,3.0,37.0,3.0,3.0,3.0,94.0,3.0,4.0
1485,EPAL HIJAU GRANNY SMITH (SAIZ M),1 biji,BARANGAN SEGAR,BUAH-BUAHAN,12.0,0.0,0.0,0.0,0.0,11.0,2.0,0.0,0.0,0.0,0.0,0.0,11.0,0.0,0.0,0.0,0.0,0.0,0.0,11.0,0.0,0.0,4.0,0.0,0.0,0.0,7.0,0.0,0.0
1486,EPAL MERAH RED DELICIOUS (SAIZ M),1 biji,BARANGAN SEGAR,BUAH-BUAHAN,1.0,0.0,0.0,0.0,0.0,0.0,0.0,0.0,0.0,0.0,0.0,0.0,0.0,0.0,0.0,0.0,0.0,0.0,0.0,1.0,0.0,0.0,0.0,0.0,0.0,0.0,0.0,0.0,0.0
1487,OREN VALENCIA (SAIZ M),1 biji,BARANGAN SEGAR,BUAH-BUAHAN,6.0,0.0,0.0,0.0,0.0,4.0,0.0,0.0,0.0,0.0,0.0,0.0,6.0,0.0,0.0,0.0,0.0,0.0,0.0,6.0,0.0,0.0,3.0,0.0,0.0,0.0,5.0,0.0,0.0
1489,ASAM JAWA (BERBIJI) PELBAGAI JENAMA,200 g,BARANGAN BERBUNGKUS,REMPAH RATUS (BERBUNGKUS),164.0,0.0,0.0,0.0,0.0,156.0,37.0,0.0,0.0,0.0,0.0,0.0,192.0,0.0,0.0,0.0,0.0,0.0,0.0,202.0,0.0,0.0,21.0,0.0,0.0,0.0,176.0,0.0,0.0
1491,BERAS PULUT THAILAND (SUSU) PELBAGAI JENAMA,1kg,BARANGAN BERBUNGKUS,BERAS,107.0,0.0,0.0,0.0,0.0,99.0,8.0,0.0,0.0,0.0,0.0,0.0,105.0,0.0,0.0,0.0,0.0,0.0,0.0,104.0,0.0,0.0,32.0,0.0,0.0,0.0,69.0,0.0,0.0
1492,BERAS PULUT THAILAND (BIASA) PELBAGAI JENAMA,1kg,BARANGAN BERBUNGKUS,BERAS,112.0,0.0,0.0,0.0,0.0,124.0,13.0,0.0,0.0,0.0,0.0,0.0,139.0,0.0,0.0,0.0,0.0,0.0,0.0,146.0,0.0,0.0,24.0,0.0,0.0,0.0,120.0,0.0,0.0
1494,ROTI GARDENIA BREAKTHRU - ROTI GANDUM PENUH,400 g,BARANGAN BERBUNGKUS,ROTI,233.0,1.0,0.0,0.0,0.0,217.0,38.0,0.0,0.0,0.0,0.0,0.0,255.0,0.0,0.0,0.0,0.0,0.0,0.0,259.0,0.0,0.0,69.0,0.0,0.0,0.0,191.0,0.0,0.0
1498,TEPUNG JAGUNG (PELBAGAI JENAMA),400 g,BARANGAN BERBUNGKUS,TEPUNG,234.0,0.0,0.0,0.0,0.0,228.0,38.0,0.0,0.0,0.0,0.0,0.0,259.0,0.0,0.0,0.0,0.0,0.0,0.0,264.0,0.0,0.0,64.0,0.0,0.0,0.0,206.0,0.0,0.0
1505,DUTCH LADY UHT COKLAT (KOTAK),200 ml,MINUMAN,TERSEDIA MINUM,158.0,0.0,0.0,0.0,0.0,0.0,0.0,0.0,0.0,0.0,0.0,0.0,0.0,0.0,0.0,0.0,0.0,0.0,0.0,0.0,0.0,0.0,39.0,0.0,0.0,0.0,137.0,0.0,0.0
1506,DUTCH LADY UHT FULL CREAM (KOTAK),200 ml,MINUMAN,TERSEDIA MINUM,139.0,0.0,0.0,0.0,0.0,0.0,0.0,0.0,0.0,0.0,0.0,0.0,0.0,0.0,0.0,0.0,0.0,0.0,0.0,0.0,0.0,0.0,40.0,0.0,0.0,0.0,122.0,0.0,0.0
1507,COCA COLA (TIN),320 ml,MINUMAN,TERSEDIA MINUM,150.0,0.0,0.0,0.0,0.0,0.0,0.0,0.0,0.0,0.0,0.0,0.0,0.0,0.0,0.0,0.0,0.0,0.0,0.0,0.0,0.0,0.0,17.0,0.0,0.0,0.0,153.0,0.0,0.0
1512,MAMEX LANGKAH 1 - RUMUSAN BAYI (KOTAK),600 g,SUSU DAN BARANGAN BAYI,SUSU BAYI,12.0,0.0,0.0,0.0,0.0,15.0,0.0,0.0,0.0,0.0,0.0,0.0,13.0,0.0,0.0,0.0,0.0,0.0,0.0,11.0,0.0,0.0,4.0,0.0,0.0,0.0,9.0,0.0,0.0
1513,SUSTAGEN KID 3+ (VANILLA) - KOTAK,600 g,SUSU DAN BARANGAN BAYI,SUSU BAYI,3.0,0.0,0.0,0.0,0.0,3.0,0.0,0.0,0.0,0.0,0.0,0.0,3.0,0.0,0.0,0.0,0.0,0.0,0.0,3.0,0.0,0.0,3.0,0.0,0.0,0.0,0.0,0.0,0.0
1514,SUSTAGEN JUNIOR 1+ (VANILLA ) - KOTAK,600 g,SUSU DAN BARANGAN BAYI,SUSU BAYI,13.0,0.0,0.0,0.0,0.0,13.0,0.0,0.0,0.0,0.0,0.0,0.0,11.0,0.0,0.0,0.0,0.0,0.0,0.0,10.0,0.0,0.0,6.0,0.0,0.0,0.0,5.0,0.0,0.0
1515,HEINZ FARLEY RUSKS (ORIGINAL),120 g,SUSU DAN BARANGAN BAYI,MAKANAN BAYI,32.0,0.0,0.0,0.0,0.0,31.0,2.0,0.0,0.0,0.0,0.0,0.0,31.0,0.0,0.0,0.0,0.0,0.0,0.0,30.0,0.0,0.0,17.0,0.0,0.0,0.0,12.0,0.0,0.0
1517,HEINZ APPLE PUREE,110 g,SUSU DAN BARANGAN BAYI,MAKANAN BAYI,5.0,0.0,0.0,0.0,0.0,5.0,0.0,0.0,0.0,0.0,0.0,0.0,5.0,0.0,0.0,0.0,0.0,0.0,0.0,4.0,0.0,0.0,1.0,0.0,0.0,0.0,4.0,0.0,0.0
1524,BERUS GIGI COLGATE (ZIG ZAG - SOFT),1 batang,PRODUK KEBERSIHAN,PENJAGAAN DIRI,119.0,0.0,0.0,0.0,0.0,0.0,0.0,0.0,0.0,0.0,0.0,0.0,0.0,0.0,0.0,0.0,0.0,0.0,0.0,0.0,0.0,0.0,30.0,0.0,0.0,0.0,103.0,0.0,0.0
1525,BERUS GIGI ORAL B (COMPLETE EASY CLEAN - SOFT),1 batang,PRODUK KEBERSIHAN,PENJAGAAN DIRI,34.0,0.0,0.0,0.0,0.0,0.0,0.0,1.0,0.0,0.0,0.0,0.0,0.0,0.0,0.0,0.0,0.0,0.0,0.0,0.0,0.0,0.0,7.0,0.0,0.0,0.0,46.0,0.0,0.0
1539,SABUN PENCUCI KUAT HARIMAU (LEMON),400 g,PRODUK KEBERSIHAN,PENJAGAAN RUMAH,111.0,0.0,0.0,0.0,0.0,0.0,0.0,0.0,0.0,0.0,0.0,0.0,0.0,0.0,0.0,0.0,0.0,0.0,0.0,0.0,0.0,0.0,23.0,0.0,0.0,0.0,95.0,0.0,0.0
1544,SERBUK NASI GORENG CINA ADABI,17 g,BARANGAN BERBUNGKUS,REMPAH RATUS (BERBUNGKUS),191.0,0.0,0.0,0.0,0.0,175.0,22.0,0.0,0.0,0.0,0.0,0.0,193.0,0.0,0.0,0.0,0.0,0.0,0.0,196.0,0.0,0.0,49.0,0.0,0.0,0.0,143.0,0.0,0.0
1545,PERENCAH NASI GORENG IKAN BILIS SERI AJI,26G,BARANGAN BERBUNGKUS,REMPAH RATUS (BERBUNGKUS),111.0,0.0,0.0,0.0,0.0,119.0,19.0,0.0,0.0,0.0,0.0,0.0,135.0,0.0,0.0,0.0,0.0,0.0,0.0,135.0,0.0,0.0,20.0,0.0,0.0,0.0,114.0,0.0,0.0
1547,PEPSI COLA (TIN),320 ml,MINUMAN,TERSEDIA MINUM,83.0,0.0,0.0,0.0,0.0,0.0,0.0,0.0,0.0,0.0,0.0,0.0,0.0,0.0,0.0,0.0,0.0,0.0,0.0,0.0,0.0,0.0,8.0,0.0,0.0,0.0,104.0,0.0,0.0
1550,PAHA AYAM (CHICKEN DRUMSTICK),1kg,BARANGAN SEGAR,AYAM,41.0,2.0,2.0,2.0,2.0,30.0,13.0,2.0,2.0,2.0,2.0,2.0,42.0,2.0,2.0,2.0,2.0,2.0,1.0,40.0,1.0,1.0,5.0,2.0,2.0,2.0,34.0,2.0,2.0
1551,DADA AYAM (CHICKEN KEEL) (1KG),1kg,BARANGAN SEGAR,AYAM,37.0,1.0,1.0,1.0,1.0,29.0,6.0,1.0,1.0,1.0,1.0,1.0,35.0,1.0,2.0,1.0,1.0,1.0,1.0,36.0,0.0,1.0,6.0,2.0,1.0,1.0,33.0,1.0,2.0
1552,THIGH AYAM,1kg,BARANGAN SEGAR,AYAM,17.0,2.0,2.0,2.0,2.0,13.0,6.0,2.0,2.0,1.0,1.0,2.0,15.0,2.0,2.0,2.0,2.0,2.0,1.0,13.0,1.0,2.0,2.0,2.0,2.0,2.0,13.0,2.0,1.0
1553,WHOLE LEG AYAM,1kg,BARANGAN SEGAR,AYAM,68.0,3.0,4.0,4.0,4.0,64.0,8.0,4.0,4.0,4.0,4.0,3.0,67.0,3.0,4.0,2.0,2.0,2.0,1.0,72.0,3.0,4.0,11.0,4.0,3.0,4.0,66.0,4.0,3.0
1554,IKAN MERAH (KEPINGAN),1kg,BARANGAN SEGAR,BAHAN LAUT,11.0,1.0,1.0,1.0,1.0,10.0,3.0,1.0,1.0,1.0,1.0,1.0,12.0,1.0,1.0,1.0,1.0,0.0,1.0,17.0,1.0,1.0,4.0,1.0,1.0,1.0,12.0,0.0,1.0
1555,UDANG PUTIH/VANNAMEI (TERNAK) (ANTARA 41 HINGGA 60 EKOR SEKILOGRAM),1kg,BARANGAN SEGAR,BAHAN LAUT,62.0,2.0,2.0,1.0,2.0,40.0,18.0,2.0,2.0,1.0,2.0,2.0,55.0,2.0,2.0,2.0,2.0,2.0,2.0,65.0,2.0,2.0,13.0,1.0,2.0,2.0,49.0,2.0,2.0
1556,BAYAM HIJAU,1kg,BARANGAN SEGAR,SAYUR-SAYURAN,66.0,2.0,2.0,2.0,2.0,53.0,19.0,2.0,2.0,2.0,2.0,2.0,70.0,1.0,2.0,2.0,2.0,2.0,2.0,70.0,2.0,2.0,17.0,3.0,3.0,2.0,56.0,3.0,2.0
1557,BAYAM MERAH,1kg,BARANGAN SEGAR,SAYUR-SAYURAN,20.0,2.0,2.0,2.0,2.0,21.0,6.0,2.0,2.0,2.0,2.0,2.0,27.0,2.0,2.0,1.0,2.0,2.0,2.0,23.0,1.0,1.0,8.0,2.0,2.0,2.0,16.0,2.0,2.0
1558,SAWI HIJAU,1kg,BARANGAN SEGAR,SAYUR-SAYURAN,113.0,2.0,3.0,2.0,2.0,94.0,24.0,3.0,2.0,2.0,2.0,2.0,107.0,2.0,2.0,2.0,2.0,3.0,2.0,120.0,2.0,3.0,35.0,3.0,3.0,3.0,91.0,2.0,2.0
1559,KANGKUNG,1kg,BARANGAN SEGAR,SAYUR-SAYURAN,87.0,2.0,2.0,2.0,2.0,70.0,19.0,2.0,2.0,2.0,2.0,1.0,82.0,2.0,2.0,2.0,2.0,2.0,2.0,86.0,2.0,3.0,22.0,2.0,2.0,2.0,59.0,2.0,2.0
1560,KAILAN,1kg,BARANGAN SEGAR,SAYUR-SAYURAN,65.0,1.0,2.0,1.0,1.0,48.0,12.0,2.0,0.0,0.0,0.0,0.0,59.0,1.0,1.0,1.0,1.0,1.0,1.0,59.0,1.0,1.0,23.0,1.0,1.0,1.0,43.0,1.0,1.0
1561,TAUGE KACANG HIJAU,1kg,BARANGAN SEGAR,SAYUR-SAYURAN,118.0,4.0,3.0,3.0,3.0,90.0,33.0,4.0,4.0,3.0,3.0,3.0,112.0,3.0,3.0,3.0,3.0,3.0,3.0,113.0,3.0,3.0,25.0,3.0,4.0,4.0,94.0,3.0,2.0
1562,UDANG KERING,100 g,BARANGAN KERING,HASIL LAUT KERING,38.0,3.0,3.0,3.0,3.0,28.0,16.0,3.0,3.0,3.0,3.0,3.0,42.0,2.0,2.0,2.0,2.0,3.0,4.0,39.0,3.0,3.0,7.0,3.0,3.0,3.0,35.0,3.0,3.0
1563,SOTONG KERING (SAIZ SERDAHANA),1kg,BARANGAN KERING,HASIL LAUT KERING,7.0,0.0,0.0,0.0,0.0,7.0,0.0,0.0,0.0,0.0,0.0,0.0,7.0,0.0,0.0,0.0,0.0,0.0,0.0,7.0,0.0,0.0,4.0,0.0,0.0,0.0,3.0,0.0,0.0
1564,BAWANG PUTIH IMPORT (CHINA),1kg,BARANGAN KERING,BAWANG,200.0,3.0,3.0,3.0,3.0,174.0,35.0,3.0,3.0,3.0,3.0,3.0,203.0,3.0,3.0,3.0,3.0,3.0,3.0,208.0,3.0,3.0,50.0,3.0,3.0,3.0,165.0,3.0,3.0
1567,SERBUK KARI DAGING (TIDAK BERBUNGKUS),100 g,BARANGAN BERBUNGKUS,REMPAH RATUS (TIDAK BERBUNGKUS),0.0,0.0,0.0,0.0,0.0,0.0,0.0,0.0,0.0,0.0,0.0,0.0,0.0,0.0,0.0,0.0,0.0,0.0,0.0,0.0,0.0,0.0,0.0,0.0,0.0,0.0,1.0,0.0,0.0
1568,SERBUK KARI IKAN ADABI,250 g,BARANGAN BERBUNGKUS,REMPAH RATUS (BERBUNGKUS),228.0,0.0,0.0,0.0,0.0,200.0,30.0,0.0,0.0,0.0,0.0,0.0,230.0,0.0,0.0,0.0,0.0,0.0,0.0,229.0,0.0,0.0,57.0,0.0,0.0,0.0,171.0,0.0,0.0
1569,SERBUK KARI IKAN ALAGAPPAS,250 g,BARANGAN BERBUNGKUS,REMPAH RATUS (BERBUNGKUS),38.0,0.0,0.0,0.0,0.0,40.0,0.0,0.0,0.0,0.0,0.0,0.0,39.0,0.0,0.0,0.0,0.0,0.0,0.0,37.0,0.0,0.0,23.0,0.0,0.0,0.0,15.0,0.0,0.0
1570,SERBUK KARI AYAM DAN DAGING ADABI,250 g,BARANGAN BERBUNGKUS,REMPAH RATUS (BERBUNGKUS),248.0,0.0,0.0,0.0,0.0,242.0,37.0,0.0,0.0,0.0,0.0,0.0,273.0,0.0,0.0,0.0,0.0,0.0,0.0,276.0,0.0,0.0,56.0,0.0,0.0,0.0,216.0,0.0,0.0
1571,SERBUK KARI DAGING ALAGAPPAS,250 g,BARANGAN BERBUNGKUS,REMPAH RATUS (BERBUNGKUS),41.0,0.0,0.0,0.0,0.0,42.0,0.0,0.0,0.0,0.0,0.0,0.0,42.0,0.0,0.0,0.0,0.0,0.0,0.0,39.0,0.0,0.0,22.0,0.0,0.0,0.0,18.0,0.0,0.0
1572,SERBUK KARI DAGING BABAS,250 g,BARANGAN BERBUNGKUS,REMPAH RATUS (BERBUNGKUS),262.0,0.0,0.0,0.0,0.0,253.0,35.0,0.0,0.0,0.0,0.0,0.0,290.0,0.0,0.0,0.0,0.0,0.0,0.0,289.0,0.0,0.0,54.0,0.0,0.0,0.0,228.0,0.0,0.0
1573,SERBUK KURMA AYAM & DAGING ADABI,250 g,BARANGAN BERBUNGKUS,REMPAH RATUS (BERBUNGKUS),226.0,0.0,0.0,0.0,0.0,200.0,32.0,0.0,0.0,0.0,0.0,0.0,230.0,0.0,0.0,0.0,0.0,0.0,0.0,228.0,0.0,0.0,52.0,0.0,0.0,0.0,176.0,0.0,0.0
1575,SERBUK KURMA BABAS,125 g,BARANGAN BERBUNGKUS,REMPAH RATUS (BERBUNGKUS),195.0,0.0,0.0,0.0,0.0,198.0,28.0,0.0,0.0,0.0,0.0,0.0,225.0,0.0,0.0,0.0,0.0,0.0,0.0,236.0,0.0,0.0,41.0,0.0,0.0,0.0,190.0,0.0,0.0
1576,SERBUK KARI KURMA ALAGAPPAS,200 g,BARANGAN BERBUNGKUS,REMPAH RATUS (BERBUNGKUS),17.0,0.0,0.0,0.0,0.0,16.0,0.0,0.0,0.0,0.0,0.0,0.0,16.0,0.0,0.0,0.0,0.0,0.0,0.0,15.0,0.0,0.0,12.0,0.0,0.0,0.0,3.0,0.0,0.0
1577,SERBUK PERENCAH SUP ADABI,250 g,BARANGAN BERBUNGKUS,REMPAH RATUS (BERBUNGKUS),219.0,0.0,0.0,0.0,0.0,192.0,30.0,0.0,0.0,0.0,0.0,0.0,220.0,0.0,0.0,0.0,0.0,0.0,0.0,221.0,0.0,0.0,48.0,0.0,0.0,0.0,173.0,0.0,0.0
1578,SERBUK REMPAH SUP MAK SITI,250 g,BARANGAN BERBUNGKUS,REMPAH RATUS (BERBUNGKUS),25.0,0.0,0.0,0.0,0.0,11.0,12.0,0.0,0.0,0.0,0.0,0.0,24.0,0.0,0.0,0.0,0.0,0.0,0.0,23.0,0.0,0.0,1.0,0.0,0.0,0.0,22.0,0.0,0.0
1579,SERBUK SUP FAIZA,220 g,BARANGAN BERBUNGKUS,REMPAH RATUS (BERBUNGKUS),63.0,0.0,0.0,0.0,0.0,51.0,11.0,0.0,0.0,0.0,0.0,0.0,64.0,0.0,0.0,0.0,0.0,0.0,0.0,61.0,0.0,0.0,21.0,0.0,0.0,0.0,42.0,0.0,0.0
1583,BERAS SUPER CAP JATI TWR  5% (IMPORT),10 kg,BARANGAN BERBUNGKUS,BERAS,16.0,0.0,0.0,0.0,0.0,17.0,1.0,0.0,0.0,0.0,0.0,0.0,20.0,0.0,0.0,0.0,0.0,0.0,0.0,20.0,0.0,0.0,1.0,0.0,0.0,0.0,15.0,0.0,0.0
1585,BIHUN KERING IMPORT (CAP BINTANG),400 g,BARANGAN BERBUNGKUS,BIHUN,64.0,0.0,0.0,0.0,0.0,89.0,9.0,0.0,0.0,0.0,0.0,0.0,99.0,0.0,0.0,0.0,0.0,0.0,0.0,99.0,0.0,0.0,9.0,0.0,0.0,0.0,88.0,0.0,0.0
1586,ROTI SANDWICH MASSIMO DENGAN GERMA GANDUM,400 g,BARANGAN BERBUNGKUS,ROTI,69.0,0.0,0.0,0.0,0.0,74.0,8.0,0.0,0.0,0.0,0.0,0.0,83.0,0.0,0.0,0.0,0.0,0.0,0.0,86.0,0.0,0.0,9.0,0.0,0.0,0.0,82.0,0.0,0.0
1587,GULA HALUS CASTOR (PELBAGAI JENAMA),+- 500g,BARANGAN BERBUNGKUS,GULA,120.0,0.0,0.0,0.0,0.0,111.0,12.0,0.0,0.0,0.0,0.0,0.0,118.0,0.0,0.0,0.0,0.0,0.0,0.0,117.0,0.0,0.0,39.0,0.0,0.0,0.0,81.0,0.0,0.0
1588,GULA MERAH LEMBUT (PELBAGAI JENAMA),+- 500g,BARANGAN BERBUNGKUS,GULA,129.0,0.0,0.0,0.0,0.0,111.0,18.0,0.0,0.0,0.0,0.0,0.0,127.0,0.0,0.0,0.0,0.0,0.0,0.0,125.0,0.0,0.0,38.0,0.0,0.0,0.0,86.0,0.0,0.0
1589,GULA PUTIH BERTAPIS KASAR (PELBAGAI JENAMA),1kg,BARANGAN BERBUNGKUS,GULA,272.0,0.0,0.0,0.0,0.0,264.0,39.0,0.0,0.0,0.0,0.0,0.0,303.0,0.0,0.0,0.0,0.0,0.0,0.0,301.0,0.0,0.0,61.0,0.0,0.0,0.0,237.0,0.0,0.0
1590,GULA PUTIH BERTAPIS HALUS (PELBAGAI JENAMA),1kg,BARANGAN BERBUNGKUS,GULA,43.0,0.0,0.0,0.0,0.0,63.0,9.0,0.0,0.0,0.0,0.0,0.0,69.0,0.0,0.0,0.0,0.0,0.0,0.0,73.0,0.0,0.0,5.0,0.0,0.0,0.0,69.0,0.0,0.0
1591,TEPUNG BERAS (PELBAGAI JENAMA),500 g,BARANGAN BERBUNGKUS,TEPUNG,254.0,0.0,0.0,0.0,0.0,248.0,40.0,0.0,0.0,0.0,0.0,0.0,283.0,0.0,0.0,0.0,0.0,0.0,0.0,287.0,0.0,0.0,49.0,0.0,0.0,0.0,236.0,0.0,0.0
1593,TEPUNG GANDUM GP (BERBUNGKUS) PELBAGAI JENAMA,1kg,BARANGAN BERBUNGKUS,TEPUNG,4.0,0.0,0.0,0.0,0.0,4.0,0.0,0.0,0.0,0.0,0.0,0.0,5.0,0.0,0.0,0.0,0.0,0.0,0.0,5.0,0.0,0.0,0.0,0.0,0.0,0.0,5.0,0.0,0.0
1594,TEPUNG PULUT (PELBAGAI JENAMA),500 g,BARANGAN BERBUNGKUS,TEPUNG,247.0,0.0,0.0,0.0,0.0,237.0,36.0,0.0,0.0,0.0,0.0,0.0,275.0,0.0,0.0,0.0,0.0,0.0,0.0,273.0,0.0,0.0,50.0,0.0,0.0,0.0,225.0,0.0,0.0
1595,MINYAK JAGUNG CAP DAISY,2 kg,BARANGAN BERBUNGKUS,MINYAK DAN LEMAK,66.0,0.0,0.0,0.0,0.0,64.0,6.0,0.0,0.0,0.0,0.0,0.0,67.0,0.0,0.0,0.0,0.0,0.0,0.0,69.0,0.0,0.0,11.0,0.0,0.0,0.0,57.0,0.0,0.0
1596,MINYAK JAGUNG CAP MAZOLA,2 kg,BARANGAN BERBUNGKUS,MINYAK DAN LEMAK,14.0,0.0,0.0,0.0,0.0,37.0,7.0,0.0,0.0,0.0,0.0,0.0,43.0,0.0,0.0,0.0,0.0,0.0,0.0,38.0,0.0,0.0,0.0,0.0,0.0,0.0,46.0,0.0,0.0
1597,MINYAK JAGUNG CAP VECORN,2 kg,BARANGAN BERBUNGKUS,MINYAK DAN LEMAK,31.0,0.0,0.0,0.0,0.0,33.0,1.0,0.0,0.0,0.0,0.0,0.0,28.0,0.0,0.0,0.0,0.0,0.0,0.0,29.0,0.0,0.0,1.0,0.0,0.0,0.0,29.0,0.0,0.0
1598,MINYAK MASAK SEBATIAN CAP HELANG,2 kg,BARANGAN BERBUNGKUS,MINYAK DAN LEMAK,90.0,0.0,0.0,0.0,0.0,103.0,11.0,0.0,0.0,0.0,0.0,0.0,101.0,0.0,0.0,0.0,0.0,0.0,0.0,110.0,0.0,0.0,9.0,0.0,0.0,0.0,101.0,0.0,0.0
1599,MINYAK MASAK SEBATIAN CAP NEPTUNE,2 kg,BARANGAN BERBUNGKUS,MINYAK DAN LEMAK,6.0,0.0,0.0,0.0,0.0,5.0,1.0,0.0,0.0,0.0,0.0,0.0,7.0,0.0,0.0,0.0,0.0,0.0,0.0,7.0,0.0,0.0,0.0,0.0,0.0,0.0,6.0,0.0,0.0
1600,MINYAK MASAK SEBATIAN CAP PISAU,2 kg,BARANGAN BERBUNGKUS,MINYAK DAN LEMAK,99.0,0.0,0.0,0.0,0.0,110.0,17.0,0.0,0.0,0.0,0.0,0.0,136.0,0.0,0.0,0.0,0.0,0.0,0.0,123.0,0.0,0.0,16.0,0.0,0.0,0.0,113.0,0.0,0.0
1601,MINYAK MASAK TULEN CAP BURUH,2 kg,BARANGAN BERBUNGKUS,MINYAK DAN LEMAK,138.0,0.0,0.0,0.0,0.0,131.0,17.0,0.0,0.0,0.0,0.0,0.0,166.0,0.0,0.0,0.0,0.0,0.0,0.0,147.0,0.0,0.0,32.0,0.0,0.0,0.0,118.0,0.0,0.0
1602,MINYAK MASAK TULEN CAP VESAWIT,2 kg,BARANGAN BERBUNGKUS,MINYAK DAN LEMAK,67.0,0.0,0.0,0.0,0.0,58.0,5.0,0.0,0.0,0.0,0.0,0.0,57.0,0.0,0.0,0.0,0.0,0.0,0.0,50.0,0.0,0.0,6.0,0.0,0.0,0.0,47.0,0.0,0.0
1603,MINYAK SAPI CAP WINDMILL GHEEBLEND,400 g,BARANGAN BERBUNGKUS,MINYAK DAN LEMAK,153.0,0.0,0.0,0.0,0.0,160.0,19.0,0.0,0.0,0.0,0.0,0.0,177.0,0.0,0.0,0.0,0.0,0.0,0.0,178.0,0.0,0.0,39.0,0.0,0.0,0.0,142.0,0.0,0.0
1604,ASAM JAWA (TIDAK BERBIJI) ADABI,200 g,BARANGAN BERBUNGKUS,REMPAH RATUS (BERBUNGKUS),216.0,0.0,0.0,0.0,0.0,221.0,35.0,0.0,0.0,0.0,0.0,0.0,249.0,0.0,0.0,0.0,0.0,0.0,0.0,260.0,0.0,0.0,46.0,0.0,0.0,0.0,212.0,0.0,0.0
1605,GARAM HALUS BIASA (PELBAGAI JENAMA),+-350g,BARANGAN BERBUNGKUS,REMPAH RATUS (BERBUNGKUS),117.0,0.0,0.0,0.0,0.0,130.0,8.0,0.0,0.0,0.0,0.0,0.0,138.0,0.0,0.0,0.0,0.0,0.0,0.0,137.0,0.0,0.0,26.0,0.0,0.0,0.0,111.0,0.0,0.0
1606,MENTEGA KACANG HALUS LADY'S CHOICE,500 g,BARANGAN BERBUNGKUS,SAPUAN (SPREADS),109.0,0.0,0.0,0.0,0.0,123.0,14.0,0.0,0.0,0.0,0.0,0.0,138.0,0.0,0.0,0.0,0.0,0.0,0.0,141.0,0.0,0.0,21.0,0.0,0.0,0.0,119.0,0.0,0.0
1607,LEPAAN FARMCOWS,250 g,BARANGAN BERBUNGKUS,SAPUAN (SPREADS),83.0,0.0,0.0,0.0,0.0,83.0,16.0,0.0,0.0,0.0,0.0,0.0,104.0,0.0,0.0,0.0,0.0,0.0,0.0,108.0,0.0,0.0,13.0,0.0,0.0,0.0,91.0,0.0,0.0
1610,SANTAN KELAPA JENAMA M&S,500 ml,BARANGAN BERBUNGKUS,SANTAN (KOTAK),77.0,0.0,0.0,0.0,0.0,81.0,17.0,0.0,0.0,0.0,0.0,0.0,95.0,0.0,0.0,0.0,0.0,0.0,0.0,96.0,0.0,0.0,11.0,0.0,0.0,0.0,82.0,0.0,0.0
1611,SANTAN KELAPA JENAMA KARA,200 ml,BARANGAN BERBUNGKUS,SANTAN (KOTAK),228.0,0.0,0.0,0.0,0.0,207.0,32.0,0.0,0.0,0.0,0.0,0.0,227.0,0.0,0.0,0.0,0.0,0.0,0.0,228.0,0.0,0.0,42.0,0.0,0.0,0.0,194.0,0.0,0.0
1612,SANTAN KELAPA JENAMA HARMUNI,200 ml,BARANGAN BERBUNGKUS,SANTAN (KOTAK),34.0,0.0,0.0,0.0,0.0,48.0,7.0,0.0,0.0,0.0,0.0,0.0,58.0,0.0,0.0,0.0,0.0,0.0,0.0,55.0,0.0,0.0,2.0,0.0,0.0,0.0,53.0,0.0,0.0
1613,ESEN STAR BRAND 'PELBAGAI PERISA',25 ml,BARANGAN BERBUNGKUS,ESEN DAN RAGI,209.0,0.0,0.0,0.0,0.0,215.0,14.0,0.0,0.0,0.0,0.0,0.0,231.0,0.0,0.0,0.0,0.0,0.0,0.0,230.0,0.0,0.0,39.0,0.0,0.0,0.0,188.0,0.0,0.0
1615,MENTEGA ANCHOR (SALTED),227g,BARANGAN BERBUNGKUS,MENTEGA,81.0,0.0,0.0,0.0,0.0,90.0,13.0,0.0,0.0,0.0,0.0,0.0,106.0,0.0,0.0,0.0,0.0,0.0,0.0,108.0,0.0,0.0,9.0,0.0,0.0,0.0,100.0,0.0,0.0
1616,MAURIPAN YIS SEGERA,11g,BARANGAN BERBUNGKUS,ESEN DAN RAGI,177.0,0.0,0.0,0.0,0.0,155.0,31.0,0.0,0.0,0.0,0.0,0.0,185.0,0.0,0.0,0.0,0.0,0.0,0.0,182.0,0.0,0.0,49.0,0.0,0.0,0.0,142.0,0.0,0.0
1618,SUSU ISIAN PEKAT MANIS CAP F & N,500 g,BARANGAN BERBUNGKUS,KRIMER DAN SUSU TEPUNG,4.0,0.0,0.0,0.0,0.0,3.0,0.0,0.0,0.0,0.0,0.0,0.0,3.0,0.0,0.0,0.0,0.0,0.0,0.0,3.0,0.0,0.0,0.0,0.0,0.0,0.0,3.0,0.0,0.0
1619,SUSU TEPUNG SEGERA DUTCHLADY (BIASA ),600 g,BARANGAN BERBUNGKUS,KRIMER DAN SUSU TEPUNG,52.0,0.0,0.0,0.0,0.0,46.0,4.0,0.0,0.0,0.0,0.0,0.0,50.0,0.0,0.0,0.0,0.0,0.0,0.0,49.0,0.0,0.0,21.0,0.0,0.0,0.0,23.0,0.0,0.0
1628,NESTLE CERELAC GANDUM DAN MADU - KOTAK,225g,SUSU DAN BARANGAN BAYI,MAKANAN BAYI,158.0,0.0,0.0,0.0,0.0,167.0,26.0,0.0,0.0,0.0,0.0,0.0,199.0,0.0,0.0,0.0,0.0,0.0,0.0,196.0,0.0,0.0,31.0,0.0,0.0,0.0,163.0,0.0,0.0
1629,NESTLE CERELAC BERAS MERAH & SUSU - TIN,350 g,SUSU DAN BARANGAN BAYI,MAKANAN BAYI,170.0,0.0,0.0,0.0,0.0,190.0,22.0,0.0,0.0,0.0,0.0,0.0,212.0,0.0,0.0,0.0,0.0,0.0,0.0,209.0,0.0,0.0,40.0,0.0,0.0,0.0,170.0,0.0,0.0
1630,BERUS GIGI COLGATE (TWISTER - SOFT),1 batang,PRODUK KEBERSIHAN,PENJAGAAN DIRI,90.0,0.0,0.0,0.0,0.0,0.0,0.0,0.0,0.0,0.0,0.0,0.0,0.0,0.0,0.0,0.0,0.0,0.0,0.0,0.0,0.0,0.0,22.0,0.0,0.0,0.0,70.0,0.0,0.0
1635,NESTLE COFFEE-MATE,450 g,MINUMAN,BAHAN-BAHAN MINUMAN,126.0,0.0,0.0,0.0,0.0,0.0,0.0,0.0,0.0,0.0,0.0,0.0,0.0,0.0,0.0,0.0,0.0,0.0,0.0,0.0,0.0,0.0,21.0,0.0,0.0,0.0,143.0,0.0,0.0
1636,MILO (PAKET),400 g,MINUMAN,BAHAN-BAHAN MINUMAN,231.0,0.0,0.0,0.0,0.0,0.0,0.0,1.0,0.0,0.0,0.0,0.0,0.0,0.0,0.0,0.0,0.0,0.0,0.0,0.0,0.0,0.0,51.0,0.0,0.0,0.0,212.0,0.0,0.0
1637,MILO (PAKET),1kg,MINUMAN,BAHAN-BAHAN MINUMAN,107.0,0.0,0.0,0.0,0.0,0.0,0.0,0.0,0.0,0.0,0.0,0.0,0.0,0.0,0.0,0.0,0.0,0.0,0.0,0.0,0.0,0.0,24.0,0.0,0.0,0.0,56.0,0.0,0.0
1638,MILO 3 IN 1 (PAKET) - ORIGINAL,30x33g,MINUMAN,BAHAN-BAHAN MINUMAN,28.0,0.0,0.0,0.0,0.0,0.0,0.0,0.0,0.0,0.0,0.0,0.0,0.0,0.0,0.0,0.0,0.0,0.0,0.0,0.0,0.0,0.0,1.0,0.0,0.0,0.0,23.0,0.0,0.0
1645,SERBUK KOPI CAP KAPAL API (KASAR) (BERBUNGKUS),180 g,MINUMAN,BAHAN-BAHAN MINUMAN,60.0,0.0,0.0,0.0,0.0,0.0,0.0,0.0,0.0,0.0,0.0,0.0,0.0,0.0,0.0,0.0,0.0,0.0,0.0,0.0,0.0,0.0,13.0,0.0,0.0,0.0,42.0,0.0,0.0
1646,SERBUK KOPI HANG TUAH ROBUSTA,200 g,MINUMAN,BAHAN-BAHAN MINUMAN,30.0,0.0,0.0,0.0,0.0,0.0,0.0,0.0,0.0,0.0,0.0,0.0,0.0,0.0,0.0,0.0,0.0,0.0,0.0,0.0,0.0,0.0,2.0,0.0,0.0,0.0,28.0,0.0,0.0
1647,TEH LIPTON (SERBUK),400 g,MINUMAN,BAHAN-BAHAN MINUMAN,135.0,0.0,0.0,0.0,0.0,0.0,0.0,0.0,0.0,0.0,0.0,0.0,0.0,0.0,0.0,0.0,0.0,0.0,0.0,0.0,0.0,0.0,29.0,0.0,0.0,0.0,144.0,0.0,0.0
1650,TEH LIPTON (UNCANG),100 beg,MINUMAN,BAHAN-BAHAN MINUMAN,136.0,0.0,0.0,0.0,0.0,0.0,0.0,0.0,0.0,0.0,0.0,0.0,0.0,0.0,0.0,0.0,0.0,0.0,0.0,0.0,0.0,0.0,17.0,0.0,0.0,0.0,134.0,0.0,0.0
1651,YEO'S SOYA (KOTAK),250 ml,MINUMAN,TERSEDIA MINUM,113.0,0.0,0.0,0.0,0.0,0.0,0.0,0.0,0.0,0.0,0.0,0.0,0.0,0.0,0.0,0.0,0.0,0.0,0.0,0.0,0.0,0.0,17.0,0.0,0.0,0.0,117.0,0.0,0.0
1804,KEPAK AYAM (CHICKEN WING) (1KG),1kg,BARANGAN SEGAR,AYAM,68.0,3.0,4.0,4.0,4.0,66.0,15.0,3.0,4.0,4.0,4.0,4.0,77.0,3.0,4.0,3.0,3.0,3.0,2.0,77.0,2.0,4.0,10.0,4.0,2.0,3.0,70.0,3.0,3.0
1818,KACANG BOTOL,1kg,BARANGAN SEGAR,SAYUR-SAYURAN,41.0,1.0,3.0,3.0,3.0,29.0,7.0,3.0,3.0,3.0,3.0,3.0,41.0,2.0,2.0,2.0,3.0,2.0,3.0,35.0,3.0,3.0,4.0,3.0,2.0,2.0,30.0,3.0,1.0
1819,LENGKUAS,1kg,BARANGAN SEGAR,SAYUR-SAYURAN,123.0,3.0,3.0,3.0,3.0,108.0,33.0,4.0,4.0,4.0,4.0,4.0,126.0,4.0,4.0,4.0,4.0,4.0,4.0,132.0,4.0,4.0,34.0,4.0,4.0,4.0,105.0,4.0,3.0
1820,TELUR MASIN,1 biji,BARANGAN SEGAR,TELUR,97.0,0.0,1.0,1.0,1.0,80.0,21.0,1.0,1.0,1.0,1.0,1.0,102.0,1.0,0.0,1.0,1.0,1.0,1.0,102.0,1.0,1.0,27.0,1.0,1.0,1.0,74.0,1.0,1.0
1821,TELUR MASIN,4 Biji,BARANGAN SEGAR,TELUR,72.0,3.0,3.0,3.0,3.0,90.0,16.0,3.0,3.0,2.0,2.0,3.0,109.0,3.0,3.0,3.0,3.0,3.0,3.0,116.0,3.0,3.0,17.0,3.0,3.0,3.0,103.0,3.0,3.0
1822,BERAS SUPER SPECIAL TEMPATAN SABAH RICE VAGAS TOKOU,10 kg,BARANGAN BERBUNGKUS,BERAS,1.0,0.0,0.0,0.0,0.0,1.0,0.0,0.0,0.0,0.0,0.0,0.0,1.0,0.0,0.0,0.0,0.0,0.0,0.0,1.0,0.0,0.0,0.0,0.0,0.0,0.0,1.0,0.0,0.0
1823,BERAS TQR SABAH CAP TKC 5%,10 kg,BARANGAN BERBUNGKUS,BERAS,2.0,0.0,0.0,0.0,0.0,3.0,0.0,0.0,0.0,0.0,0.0,0.0,3.0,0.0,0.0,0.0,0.0,0.0,0.0,3.0,0.0,0.0,0.0,0.0,0.0,0.0,3.0,0.0,0.0
1824,BERAS SUPER HUMA CAP KELISA EMAS (SABAH),10 kg,BARANGAN BERBUNGKUS,BERAS,1.0,0.0,0.0,0.0,0.0,2.0,0.0,0.0,0.0,0.0,0.0,0.0,2.0,0.0,0.0,0.0,0.0,0.0,0.0,3.0,0.0,0.0,0.0,0.0,0.0,0.0,3.0,0.0,0.0
1825,BERAS SUPER CAP ANGGUR SAZARICE 5% (IMPORT THAILAND),10 kg,BARANGAN BERBUNGKUS,BERAS,16.0,0.0,0.0,0.0,0.0,16.0,0.0,0.0,0.0,0.0,0.0,0.0,16.0,0.0,0.0,0.0,0.0,0.0,0.0,15.0,0.0,0.0,0.0,0.0,0.0,0.0,16.0,0.0,0.0
1826,BERAS SUPER CAP RODA SAZARICE 5% (IMPORT THAILAND),10 kg,BARANGAN BERBUNGKUS,BERAS,15.0,0.0,0.0,0.0,0.0,15.0,0.0,0.0,0.0,0.0,0.0,0.0,16.0,0.0,0.0,0.0,0.0,0.0,0.0,15.0,0.0,0.0,0.0,0.0,0.0,0.0,16.0,0.0,0.0
1827,"TEPUNG GANDUM NGP (BERBUNGKUS, CAP MUHIBAH)",1kg,BARANGAN BERBUNGKUS,TEPUNG,15.0,0.0,0.0,0.0,0.0,14.0,0.0,0.0,0.0,0.0,0.0,0.0,13.0,0.0,0.0,0.0,0.0,0.0,0.0,15.0,0.0,0.0,0.0,0.0,0.0,0.0,14.0,0.0,0.0
1828,KICAP SOYA PEKAT MANIS CAP AYAM,330 ml,BARANGAN BERBUNGKUS,KICAP DAN SOS,13.0,0.0,0.0,0.0,0.0,14.0,0.0,0.0,0.0,0.0,0.0,0.0,14.0,0.0,0.0,0.0,0.0,0.0,0.0,14.0,0.0,0.0,0.0,0.0,0.0,0.0,15.0,0.0,0.0
1829,BUTTERLITE (LEPA SUSU ISTIMEWA),250 g,BARANGAN BERBUNGKUS,SAPUAN (SPREADS),7.0,0.0,0.0,0.0,0.0,8.0,0.0,0.0,0.0,0.0,0.0,0.0,9.0,0.0,0.0,0.0,0.0,0.0,0.0,8.0,0.0,0.0,0.0,0.0,0.0,0.0,8.0,0.0,0.0
1832,BERAS CAP GOLDEN SARAWAK (SST5%),10 kg,BARANGAN BERBUNGKUS,BERAS,2.0,0.0,0.0,0.0,0.0,1.0,0.0,0.0,0.0,0.0,0.0,0.0,2.0,0.0,0.0,0.0,0.0,0.0,0.0,1.0,0.0,0.0,0.0,0.0,0.0,0.0,1.0,0.0,0.0
1833,BERAS PREMIUM CAP UNCLE TAN,10 kg,BARANGAN BERBUNGKUS,BERAS,23.0,1.0,1.0,1.0,1.0,23.0,1.0,1.0,1.0,1.0,1.0,1.0,21.0,1.0,1.0,1.0,1.0,1.0,1.0,21.0,1.0,1.0,1.0,1.0,1.0,0.0,17.0,0.0,0.0
1837,KICAP TONG NAM (DARK SOY SAUCE),330 ml,BARANGAN BERBUNGKUS,KICAP DAN SOS,15.0,0.0,0.0,0.0,0.0,16.0,0.0,0.0,0.0,0.0,0.0,0.0,15.0,0.0,0.0,0.0,0.0,0.0,0.0,14.0,0.0,0.0,0.0,0.0,0.0,0.0,15.0,0.0,0.0
1838,SERBUK KARI IKAN ALAGAPPAS,200 g,BARANGAN BERBUNGKUS,REMPAH RATUS (BERBUNGKUS),7.0,0.0,0.0,0.0,0.0,7.0,0.0,0.0,0.0,0.0,0.0,0.0,7.0,0.0,0.0,0.0,0.0,0.0,0.0,8.0,0.0,0.0,0.0,0.0,0.0,0.0,9.0,0.0,0.0
1839,SERBUK KARI DAGING ALAGAPPAS,200 g,BARANGAN BERBUNGKUS,REMPAH RATUS (BERBUNGKUS),6.0,0.0,0.0,0.0,0.0,8.0,0.0,0.0,0.0,0.0,0.0,0.0,8.0,0.0,0.0,0.0,0.0,0.0,0.0,7.0,0.0,0.0,0.0,0.0,0.0,0.0,8.0,0.0,0.0
1849,TEPUNG NAIK SENDIRI CAP 'BLUE KEY',1kg,BARANGAN BERBUNGKUS,TEPUNG,145.0,0.0,0.0,0.0,0.0,152.0,29.0,0.0,0.0,0.0,0.0,0.0,178.0,0.0,0.0,0.0,0.0,0.0,0.0,185.0,0.0,0.0,39.0,0.0,0.0,0.0,143.0,0.0,0.0
1851,TENOM COFFEE WANG EMAS (SERBUK),180 g,MINUMAN,BAHAN-BAHAN MINUMAN,6.0,0.0,0.0,0.0,0.0,0.0,0.0,0.0,0.0,0.0,0.0,0.0,0.0,0.0,0.0,0.0,0.0,0.0,0.0,0.0,0.0,0.0,0.0,0.0,0.0,0.0,6.0,0.0,0.0
1854,KORDIAL F&N SUN VALLEY (GRENADINE),2 liter,MINUMAN,BAHAN-BAHAN MINUMAN,33.0,0.0,0.0,0.0,0.0,0.0,0.0,0.0,0.0,0.0,0.0,0.0,0.0,0.0,0.0,0.0,0.0,0.0,0.0,0.0,0.0,0.0,0.0,0.0,0.0,0.0,39.0,0.0,0.0
1856,SERBUK KOPIMAS COFFEE (BOLD TRADITIONS),200 g,MINUMAN,BAHAN-BAHAN MINUMAN,1.0,0.0,0.0,0.0,0.0,0.0,0.0,0.0,0.0,0.0,0.0,0.0,0.0,0.0,0.0,0.0,0.0,0.0,0.0,0.0,0.0,0.0,0.0,0.0,0.0,0.0,1.0,0.0,0.0
1870,"TEPUNG GANDUM NGP (BERBUNGKUS, CAP  FAIZA)",1kg,BARANGAN BERBUNGKUS,TEPUNG,78.0,0.0,0.0,0.0,0.0,91.0,16.0,0.0,0.0,0.0,0.0,0.0,110.0,0.0,0.0,0.0,0.0,0.0,0.0,109.0,0.0,0.0,20.0,0.0,0.0,0.0,86.0,0.0,0.0
1871,KRIMER SEJAT CAIR SAJI,390g,BARANGAN BERBUNGKUS,KRIMER DAN SUSU TEPUNG,133.0,0.0,0.0,0.0,0.0,123.0,28.0,0.0,0.0,0.0,0.0,0.0,164.0,0.0,0.0,0.0,0.0,0.0,0.0,153.0,0.0,0.0,25.0,0.0,0.0,0.0,131.0,0.0,0.0
1872,MAYONIS SEBENAR LADY'S CHOICE,220ml,BARANGAN BERBUNGKUS,SAPUAN (SPREADS),178.0,0.0,0.0,0.0,0.0,176.0,24.0,0.0,0.0,0.0,0.0,0.0,204.0,0.0,0.0,0.0,0.0,0.0,0.0,201.0,0.0,0.0,32.0,0.0,0.0,0.0,172.0,0.0,0.0
1873,KRIMER MANIS CAP TEAPOT,500 g,BARANGAN BERBUNGKUS,KRIMER DAN SUSU TEPUNG,21.0,0.0,0.0,0.0,0.0,23.0,0.0,0.0,0.0,0.0,0.0,0.0,24.0,0.0,0.0,0.0,0.0,0.0,0.0,25.0,0.0,0.0,2.0,0.0,0.0,0.0,24.0,0.0,0.0
1876,PELEMBUT PAKAIAN - DOWNY (PREMIUM PARFUM PASSION),800ml,PRODUK KEBERSIHAN,PENJAGAAN RUMAH,138.0,0.0,0.0,0.0,0.0,0.0,0.0,0.0,0.0,0.0,0.0,0.0,0.0,0.0,0.0,0.0,0.0,0.0,0.0,0.0,0.0,0.0,21.0,0.0,0.0,0.0,138.0,0.0,0.0
1879,SEVEN UP LEMON & LIME (TIN),320ml,MINUMAN,TERSEDIA MINUM,62.0,0.0,0.0,0.0,0.0,0.0,0.0,0.0,0.0,0.0,0.0,0.0,0.0,0.0,0.0,0.0,0.0,0.0,0.0,0.0,0.0,0.0,5.0,0.0,0.0,0.0,91.0,0.0,0.0
1881,SERBUK CABAI ALAGAPPAS,230g,BARANGAN BERBUNGKUS,REMPAH RATUS (BERBUNGKUS),13.0,0.0,0.0,0.0,0.0,15.0,0.0,0.0,0.0,0.0,0.0,0.0,14.0,0.0,0.0,0.0,0.0,0.0,0.0,15.0,0.0,0.0,2.0,0.0,0.0,0.0,13.0,0.0,0.0
1882,TUNA CAP AYAM (TUNA MAYONNAISE),160 g,BARANGAN BERBUNGKUS,IKAN DALAM TIN,191.0,0.0,0.0,0.0,0.0,195.0,28.0,0.0,0.0,0.0,0.0,0.0,211.0,0.0,0.0,0.0,0.0,0.0,0.0,217.0,0.0,0.0,40.0,0.0,0.0,0.0,177.0,0.0,0.0
1899,CILI KERING KERINTING (BERTANGKAI/TIDAK BERTANGKAI),1kg,BARANGAN KERING,CILI KERING,128.0,3.0,3.0,3.0,3.0,106.0,28.0,3.0,3.0,3.0,3.0,3.0,129.0,3.0,3.0,3.0,3.0,3.0,4.0,132.0,4.0,4.0,35.0,4.0,4.0,4.0,97.0,3.0,3.0
1900,CILI KERING LEPER (BERTANGKAI/TIDAK BERTANGKAI),1kg,BARANGAN KERING,CILI KERING,33.0,2.0,2.0,2.0,2.0,35.0,2.0,2.0,2.0,2.0,2.0,2.0,32.0,2.0,2.0,2.0,2.0,2.0,2.0,29.0,1.0,1.0,5.0,1.0,1.0,1.0,28.0,1.0,2.0
1904,DUMEX DUGRO 3 (1-3 TAHUN) PERISA ASLI (850G),850g,SUSU DAN BARANGAN BAYI,SUSU BAYI,192.0,0.0,0.0,0.0,0.0,207.0,17.0,0.0,0.0,0.0,0.0,0.0,216.0,1.0,0.0,0.0,0.0,0.0,0.0,214.0,0.0,0.0,41.0,0.0,0.0,0.0,161.0,0.0,0.0
1907,DAGING KAMBING BEBIRI IMPORT BERTULANG (LAMB) (AUSTRALIA - KOTAK) (1KG),1kg,BARANGAN SEGAR,DAGING,7.0,0.0,0.0,0.0,0.0,9.0,1.0,1.0,1.0,1.0,1.0,1.0,10.0,1.0,1.0,1.0,1.0,1.0,1.0,8.0,1.0,1.0,1.0,1.0,1.0,1.0,8.0,1.0,1.0
1908,DAGING KAMBING BEBIRI IMPORT BERTULANG (LAMB) (NEW ZEALAND - KOTAK),1kg,BARANGAN SEGAR,DAGING,3.0,0.0,0.0,0.0,0.0,3.0,0.0,0.0,0.0,0.0,0.0,0.0,4.0,0.0,0.0,0.0,0.0,0.0,0.0,5.0,0.0,0.0,0.0,0.0,0.0,0.0,3.0,0.0,0.0
1909,DAGING KAMBING BEBIRI IMPORT TANPA TULANG (LAMB) (TIDAK TERMASUK PAHA - AUSTRALIA),1kg,BARANGAN SEGAR,DAGING,1.0,0.0,0.0,0.0,0.0,1.0,0.0,0.0,0.0,0.0,0.0,0.0,1.0,0.0,0.0,0.0,0.0,0.0,0.0,1.0,0.0,0.0,0.0,0.0,0.0,0.0,1.0,0.0,0.0
1910,DAGING KAMBING BEBIRI IMPORT TANPA TULANG (LAMB) (TIDAK TERMASUK PAHA - NEW ZEALAND),1kg,BARANGAN SEGAR,DAGING,1.0,0.0,0.0,0.0,0.0,1.0,0.0,0.0,0.0,0.0,0.0,0.0,1.0,0.0,0.0,0.0,0.0,0.0,0.0,1.0,0.0,0.0,0.0,0.0,0.0,0.0,0.0,0.0,0.0
1911,DAGING PAHA KAMBING BEBIRI IMPORT BERTULANG (LAMB) (AUSTRALIA),1kg,BARANGAN SEGAR,DAGING,1.0,0.0,0.0,0.0,0.0,1.0,0.0,0.0,0.0,0.0,0.0,0.0,1.0,0.0,0.0,0.0,0.0,0.0,0.0,0.0,0.0,0.0,0.0,0.0,0.0,0.0,0.0,0.0,0.0
1912,DAGING PAHA KAMBING BEBIRI IMPORT BERTULANG (LAMB) (NEW ZEALAND),1kg,BARANGAN SEGAR,DAGING,0.0,0.0,0.0,0.0,0.0,1.0,0.0,0.0,0.0,0.0,0.0,0.0,0.0,0.0,0.0,0.0,0.0,0.0,0.0,0.0,0.0,0.0,0.0,0.0,0.0,0.0,0.0,0.0,0.0
1914,DAGING KERBAU IMPORT (INDIA) (BLOCK),1kg,BARANGAN SEGAR,DAGING,15.0,1.0,1.0,1.0,1.0,13.0,1.0,0.0,0.0,0.0,0.0,0.0,15.0,0.0,0.0,0.0,1.0,1.0,1.0,15.0,1.0,1.0,1.0,1.0,1.0,1.0,17.0,1.0,1.0
1915,IKAN JENAHAK (KEPINGAN),1kg,BARANGAN SEGAR,BAHAN LAUT,7.0,1.0,1.0,2.0,1.0,8.0,2.0,1.0,1.0,1.0,1.0,1.0,7.0,0.0,1.0,1.0,1.0,1.0,1.0,8.0,1.0,1.0,5.0,0.0,0.0,1.0,5.0,0.0,0.0
1916,IKAN DEMUDUK/CUPAK/CERMIN (b	$ 3 EKOR SEKILOGRAM),1kg,BARANGAN SEGAR,BAHAN LAUT,9.0,0.0,0.0,0.0,0.0,13.0,0.0,0.0,0.0,0.0,0.0,0.0,13.0,0.0,0.0,0.0,0.0,0.0,0.0,15.0,0.0,0.0,5.0,0.0,0.0,0.0,8.0,0.0,0.0
1917,IKAN PARANG (KEPINGAN),1kg,BARANGAN SEGAR,BAHAN LAUT,1.0,1.0,1.0,1.0,1.0,2.0,2.0,1.0,1.0,1.0,1.0,0.0,0.0,1.0,1.0,1.0,1.0,2.0,1.0,3.0,2.0,2.0,2.0,1.0,0.0,0.0,1.0,0.0,0.0
1918,IKAN TERUBOK (b	$ 4 EKOR SEKILOGRAM),1kg,BARANGAN SEGAR,BAHAN LAUT,2.0,0.0,0.0,0.0,0.0,1.0,0.0,0.0,0.0,0.0,0.0,1.0,1.0,1.0,1.0,1.0,1.0,0.0,0.0,0.0,0.0,1.0,1.0,1.0,0.0,0.0,3.0,0.0,0.0
1919,UDANG PUTIH BESAR (ANTARA 20 HINGGA 30 EKOR SEKILOGRAM),1kg,BARANGAN SEGAR,BAHAN LAUT,0.0,0.0,0.0,0.0,0.0,0.0,0.0,0.0,0.0,0.0,0.0,0.0,0.0,0.0,0.0,0.0,0.0,0.0,0.0,0.0,0.0,0.0,0.0,0.0,0.0,0.0,1.0,0.0,0.0
1920,KERANG (SAIZ SEDERHANA),1kg,BARANGAN SEGAR,BAHAN LAUT,32.0,2.0,2.0,2.0,2.0,21.0,7.0,2.0,2.0,3.0,3.0,3.0,31.0,2.0,2.0,3.0,3.0,2.0,3.0,27.0,2.0,3.0,9.0,1.0,1.0,1.0,18.0,2.0,2.0
1921,IKAN TILAPIA MERAH (ANTARA 2 HINGGA 5 EKOR SEKILOGRAM),1kg,BARANGAN SEGAR,IKAN DARAT,43.0,1.0,1.0,1.0,1.0,32.0,9.0,1.0,2.0,2.0,2.0,1.0,47.0,0.0,1.0,1.0,1.0,1.0,1.0,44.0,1.0,1.0,7.0,1.0,1.0,2.0,42.0,2.0,1.0
1922,SADERI,1kg,BARANGAN SEGAR,SAYUR-SAYURAN,85.0,2.0,4.0,4.0,4.0,74.0,19.0,4.0,4.0,3.0,4.0,4.0,86.0,4.0,4.0,4.0,4.0,4.0,4.0,90.0,4.0,4.0,29.0,4.0,3.0,3.0,62.0,2.0,2.0
1923,TERUNG BULAT,1kg,BARANGAN SEGAR,SAYUR-SAYURAN,66.0,1.0,1.0,1.0,1.0,60.0,10.0,1.0,1.0,0.0,0.0,0.0,68.0,0.0,1.0,1.0,1.0,1.0,1.0,69.0,2.0,2.0,19.0,3.0,3.0,3.0,51.0,3.0,2.0
1924,SERBUK KUNYIT ALAGAPPAS,230g,BARANGAN BERBUNGKUS,REMPAH RATUS (BERBUNGKUS),5.0,0.0,0.0,0.0,0.0,5.0,0.0,0.0,0.0,0.0,0.0,0.0,5.0,0.0,0.0,0.0,0.0,0.0,0.0,4.0,0.0,0.0,1.0,0.0,0.0,0.0,4.0,0.0,0.0
1925,CILI API/PADI MERAH,1kg,BARANGAN SEGAR,SAYUR-SAYURAN,0.0,0.0,0.0,0.0,0.0,0.0,0.0,0.0,0.0,0.0,0.0,0.0,1.0,0.0,0.0,0.0,0.0,1.0,1.0,1.0,1.0,1.0,1.0,0.0,1.0,1.0,0.0,0.0,0.0
1926,CILI AKAR HIJAU,1kg,BARANGAN SEGAR,SAYUR-SAYURAN,126.0,3.0,3.0,3.0,3.0,99.0,29.0,3.0,3.0,3.0,3.0,3.0,131.0,3.0,3.0,3.0,3.0,3.0,3.0,129.0,3.0,3.0,40.0,3.0,3.0,3.0,100.0,3.0,3.0
1927,CILI AKAR MERAH,1kg,BARANGAN SEGAR,SAYUR-SAYURAN,87.0,2.0,2.0,2.0,2.0,83.0,9.0,2.0,2.0,2.0,2.0,2.0,92.0,3.0,3.0,3.0,3.0,3.0,3.0,97.0,3.0,3.0,30.0,3.0,3.0,3.0,72.0,2.0,3.0
1928,LIMAU KASTURI,1kg,BARANGAN SEGAR,SAYUR-SAYURAN,134.0,3.0,3.0,3.0,3.0,115.0,31.0,2.0,3.0,3.0,3.0,3.0,143.0,3.0,3.0,3.0,3.0,3.0,3.0,145.0,3.0,3.0,37.0,3.0,3.0,3.0,103.0,3.0,2.0
1929,SANTAN KELAPA SEGAR (PEKAT),1kg,BARANGAN SEGAR,KELAPA,4.0,2.0,2.0,2.0,2.0,4.0,2.0,2.0,2.0,2.0,2.0,2.0,4.0,2.0,2.0,2.0,2.0,2.0,2.0,4.0,2.0,2.0,2.0,2.0,2.0,2.0,4.0,2.0,2.0
1930,TELUR AYAM KAMPUNG,10 biji,BARANGAN SEGAR,TELUR,45.0,0.0,0.0,0.0,0.0,36.0,15.0,0.0,0.0,0.0,0.0,0.0,48.0,0.0,0.0,0.0,0.0,0.0,0.0,47.0,0.0,0.0,7.0,0.0,0.0,0.0,45.0,1.0,0.0
1931,BAWANG BESAR IMPORT (PAKISTAN),1kg,BARANGAN KERING,BAWANG,41.0,0.0,0.0,0.0,0.0,30.0,5.0,0.0,0.0,0.0,0.0,0.0,33.0,0.0,0.0,0.0,0.0,0.0,0.0,30.0,0.0,0.0,17.0,0.0,0.0,0.0,11.0,0.0,0.0
1937,MINYAK MASAK TULEN CAP SAJI,1kg,BARANGAN BERBUNGKUS,MINYAK DAN LEMAK,44.0,0.0,0.0,0.0,0.0,35.0,11.0,0.0,0.0,0.0,0.0,0.0,36.0,0.0,0.0,0.0,0.0,0.0,0.0,35.0,0.0,0.0,6.0,0.0,0.0,0.0,29.0,0.0,0.0
1938,MINYAK MASAK TULEN CAP SAJI,2 kg,BARANGAN BERBUNGKUS,MINYAK DAN LEMAK,76.0,0.0,0.0,0.0,0.0,67.0,12.0,0.0,0.0,0.0,0.0,0.0,58.0,0.0,0.0,0.0,0.0,0.0,0.0,65.0,0.0,0.0,13.0,0.0,0.0,0.0,46.0,0.0,0.0
1939,MINYAK MASAK TULEN CAP SAJI,5 kg,BARANGAN BERBUNGKUS,MINYAK DAN LEMAK,107.0,0.0,0.0,0.0,0.0,98.0,14.0,0.0,0.0,0.0,0.0,0.0,96.0,0.0,0.0,0.0,0.0,0.0,0.0,110.0,0.0,0.0,22.0,0.0,0.0,0.0,83.0,0.0,0.0
1940,MINYAK MASAK TULEN CAP ALIF,1kg,BARANGAN BERBUNGKUS,MINYAK DAN LEMAK,9.0,0.0,0.0,0.0,0.0,4.0,4.0,0.0,0.0,0.0,0.0,0.0,9.0,0.0,0.0,0.0,0.0,0.0,0.0,9.0,0.0,0.0,0.0,0.0,0.0,0.0,6.0,0.0,0.0
1941,MINYAK MASAK TULEN CAP ALIF,2 kg,BARANGAN BERBUNGKUS,MINYAK DAN LEMAK,19.0,0.0,0.0,0.0,0.0,14.0,3.0,0.0,0.0,0.0,0.0,0.0,16.0,0.0,0.0,0.0,0.0,0.0,0.0,15.0,0.0,0.0,1.0,0.0,0.0,0.0,12.0,0.0,0.0
1942,MINYAK MASAK TULEN CAP ALIF,5 kg,BARANGAN BERBUNGKUS,MINYAK DAN LEMAK,29.0,0.0,0.0,0.0,0.0,41.0,9.0,0.0,0.0,0.0,0.0,0.0,38.0,0.0,0.0,0.0,0.0,0.0,0.0,33.0,0.0,0.0,4.0,0.0,0.0,0.0,33.0,0.0,0.0
1943,KACANG MERAH (IMPORT),1kg,BARANGAN KERING,KACANG,83.0,2.0,2.0,2.0,2.0,76.0,9.0,2.0,2.0,2.0,2.0,2.0,83.0,2.0,2.0,2.0,2.0,2.0,3.0,86.0,2.0,2.0,20.0,2.0,2.0,2.0,72.0,2.0,2.0
1944,KACANG SOYA (IMPORT),1kg,BARANGAN KERING,KACANG,55.0,3.0,3.0,3.0,3.0,48.0,11.0,2.0,3.0,3.0,3.0,3.0,55.0,3.0,3.0,3.0,3.0,3.0,3.0,55.0,3.0,3.0,12.0,3.0,3.0,3.0,47.0,3.0,3.0
1945,TAUHU (JENIS KERAS),sekeping,BARANGAN SEGAR,TAUHU DAN TEMPE,93.0,2.0,2.0,2.0,2.0,70.0,27.0,2.0,2.0,2.0,2.0,2.0,93.0,2.0,2.0,2.0,2.0,2.0,2.0,97.0,2.0,2.0,22.0,2.0,2.0,2.0,78.0,3.0,3.0
1946,TEMPE (BUNGKUSAN PLASTIK),sekeping,BARANGAN SEGAR,TAUHU DAN TEMPE,100.0,3.0,3.0,4.0,4.0,80.0,31.0,4.0,3.0,4.0,4.0,3.0,103.0,3.0,3.0,4.0,3.0,3.0,3.0,105.0,4.0,3.0,22.0,4.0,4.0,4.0,87.0,4.0,3.0
1947,SERBUK PENAIK ROYAL (TIN),113g,BARANGAN BERBUNGKUS,ESEN DAN RAGI,86.0,0.0,0.0,0.0,0.0,105.0,17.0,0.0,0.0,0.0,0.0,0.0,120.0,0.0,0.0,0.0,0.0,0.0,0.0,118.0,0.0,0.0,7.0,0.0,0.0,0.0,113.0,0.0,0.0
1948,RAGI BULAT/RAGI TAPAI,1 biji,BARANGAN BERBUNGKUS,ESEN DAN RAGI,11.0,0.0,0.0,0.0,0.0,9.0,2.0,0.0,0.0,0.0,0.0,0.0,10.0,0.0,0.0,0.0,0.0,0.0,0.0,12.0,0.0,0.0,1.0,0.0,0.0,0.0,11.0,0.0,0.0
1950,BUNGA RAYA YIS SEGERA,11g,BARANGAN BERBUNGKUS,ESEN DAN RAGI,4.0,0.0,0.0,0.0,0.0,4.0,0.0,0.0,0.0,0.0,0.0,0.0,4.0,0.0,0.0,0.0,0.0,0.0,0.0,5.0,0.0,0.0,0.0,0.0,0.0,0.0,6.0,0.0,0.0
1951,BERAS SUPER CAP 3A BOY (IMPORT),10 kg,BARANGAN BERBUNGKUS,BERAS,31.0,1.0,1.0,1.0,1.0,30.0,1.0,1.0,1.0,1.0,1.0,1.0,32.0,1.0,1.0,1.0,1.0,1.0,1.0,30.0,1.0,1.0,1.0,1.0,1.0,0.0,30.0,0.0,0.0
1952,KRIMER SEJAT CAP F&N,390g,BARANGAN BERBUNGKUS,KRIMER DAN SUSU TEPUNG,147.0,0.0,0.0,0.0,0.0,156.0,23.0,0.0,0.0,0.0,0.0,0.0,180.0,0.0,0.0,0.0,0.0,0.0,0.0,181.0,0.0,0.0,29.0,0.0,0.0,0.0,156.0,0.0,0.0
1953,KRIMER MANIS PEKAT CAP SAJI,500 g,BARANGAN BERBUNGKUS,KRIMER DAN SUSU TEPUNG,145.0,0.0,0.0,0.0,0.0,142.0,32.0,0.0,0.0,0.0,0.0,0.0,172.0,0.0,0.0,0.0,0.0,0.0,0.0,172.0,0.0,0.0,26.0,0.0,0.0,0.0,150.0,0.0,0.0
1955,YOGURT MARIGOLD (LOW FAT) (STRAWBERRY),130g,MINUMAN,TERSEDIA MINUM,72.0,0.0,0.0,0.0,0.0,0.0,0.0,0.0,0.0,0.0,0.0,0.0,0.0,0.0,0.0,0.0,0.0,0.0,0.0,0.0,0.0,0.0,17.0,0.0,0.0,0.0,72.0,0.0,0.0
1958,NANKID OPTIPRO LANGKAH 3 RUMUSAN UNTUK KANAK-KANAK,600 g,SUSU DAN BARANGAN BAYI,SUSU BAYI,3.0,0.0,0.0,0.0,0.0,3.0,0.0,0.0,0.0,0.0,0.0,0.0,4.0,0.0,0.0,0.0,0.0,0.0,0.0,4.0,0.0,0.0,2.0,0.0,0.0,0.0,1.0,0.0,0.0
1960,SUSU SEGAR KURMA FARM FRESH,700 g,MINUMAN,TERSEDIA MINUM,26.0,0.0,0.0,0.0,0.0,0.0,0.0,0.0,0.0,0.0,0.0,0.0,0.0,0.0,0.0,0.0,0.0,0.0,0.0,0.0,0.0,0.0,6.0,0.0,0.0,0.0,36.0,0.0,0.0
1961,ANMUM ESSENTIAL LANGKAH 4 PERISA ASLI (TANPA GULA TAMBAHAN) - TIN,1.5kg,SUSU DAN BARANGAN BAYI,SUSU BAYI,1.0,0.0,0.0,0.0,0.0,1.0,0.0,0.0,0.0,0.0,0.0,0.0,1.0,0.0,0.0,0.0,0.0,0.0,0.0,0.0,0.0,0.0,0.0,0.0,0.0,0.0,0.0,0.0,0.0
1963,REFILL ANMUM ESSENTIAL LANGKAH 4 PERISA ASLI (TANPA GULA TAMBAHAN) - KOTAK,550 g,SUSU DAN BARANGAN BAYI,SUSU BAYI,72.0,0.0,0.0,0.0,0.0,72.0,1.0,0.0,0.0,0.0,0.0,0.0,71.0,0.0,0.0,0.0,0.0,0.0,0.0,62.0,0.0,0.0,23.0,0.0,0.0,0.0,41.0,0.0,0.0
1964,QUAKER OATS INSTANT OATMEALS,1kg,MINUMAN,BAHAN-BAHAN MINUMAN,5.0,0.0,0.0,0.0,0.0,0.0,0.0,0.0,0.0,0.0,0.0,0.0,0.0,0.0,0.0,0.0,0.0,0.0,0.0,0.0,0.0,0.0,0.0,0.0,0.0,0.0,8.0,0.0,0.0
1965,PEDIASURE (VANILA),600 g,SUSU DAN BARANGAN BAYI,SUSU BAYI,58.0,0.0,0.0,0.0,0.0,71.0,9.0,0.0,0.0,0.0,0.0,0.0,79.0,0.0,0.0,0.0,0.0,0.0,0.0,81.0,0.0,0.0,13.0,0.0,0.0,0.0,69.0,0.0,0.0
1966,MILNA BISKUT RUSK (ASLI),130g,SUSU DAN BARANGAN BAYI,MAKANAN BAYI,69.0,0.0,0.0,0.0,0.0,60.0,9.0,0.0,0.0,0.0,0.0,0.0,64.0,0.0,0.0,0.0,0.0,0.0,0.0,65.0,0.0,0.0,17.0,0.0,0.0,0.0,50.0,0.0,0.0
1972,MAMYPOKO EXTRA DRY,M54,SUSU DAN BARANGAN BAYI,LAMPIN PAKAI BUANG,13.0,0.0,0.0,0.0,0.0,34.0,7.0,0.0,0.0,0.0,0.0,0.0,42.0,0.0,0.0,0.0,0.0,0.0,0.0,43.0,0.0,0.0,0.0,0.0,0.0,0.0,41.0,0.0,0.0
1976,MAGGI MI SEGERA PERISA KARI,5 X 79g,BARANGAN BERBUNGKUS,MI SEGERA,268.0,0.0,0.0,0.0,0.0,275.0,38.0,0.0,0.0,0.0,0.0,0.0,303.0,0.0,0.0,0.0,0.0,0.0,0.0,294.0,0.0,0.0,60.0,0.0,0.0,0.0,233.0,0.0,0.0
1977,CINTAN MI SEGERA PERISA AYAM,5 X 75g,BARANGAN BERBUNGKUS,MI SEGERA,43.0,0.0,0.0,0.0,0.0,32.0,12.0,0.0,0.0,0.0,0.0,0.0,43.0,0.0,0.0,0.0,0.0,0.0,0.0,44.0,0.0,0.0,8.0,0.0,0.0,0.0,34.0,0.0,0.0
1978,MI SEDAP MI GORENG PERISA ASLI,5 X 90g,BARANGAN BERBUNGKUS,MI SEGERA,251.0,0.0,0.0,0.0,0.0,248.0,35.0,0.0,0.0,0.0,0.0,0.0,279.0,0.0,0.0,0.0,0.0,0.0,0.0,281.0,0.0,0.0,54.0,0.0,0.0,0.0,228.0,0.0,0.0
1980,SABUN MANDIAN DETTOL ANTIBACTERIAL (FRESH),500 ml,PRODUK KEBERSIHAN,PENJAGAAN DIRI,84.0,0.0,0.0,0.0,0.0,0.0,0.0,0.0,0.0,0.0,0.0,0.0,0.0,0.0,0.0,0.0,0.0,0.0,0.0,0.0,0.0,0.0,17.0,0.0,0.0,0.0,75.0,0.0,0.0
1981,SABUN MANDIAN LUX (MAGICAL SPELL),220 ml,PRODUK KEBERSIHAN,PENJAGAAN DIRI,1.0,0.0,0.0,0.0,0.0,0.0,0.0,0.0,0.0,0.0,0.0,0.0,0.0,0.0,0.0,0.0,0.0,0.0,0.0,0.0,0.0,0.0,0.0,0.0,0.0,0.0,0.0,0.0,0.0
1984,SYAMPU HEAD & SHOULDERS (SMOOTH & SILKY),330 ml,PRODUK KEBERSIHAN,PENJAGAAN DIRI,63.0,0.0,0.0,0.0,0.0,0.0,0.0,0.0,0.0,0.0,0.0,0.0,0.0,0.0,0.0,0.0,0.0,0.0,0.0,0.0,0.0,0.0,20.0,0.0,0.0,0.0,47.0,0.0,0.0
1985,TUALA WANITA KOTEX SOFT & SMOOTH (MAXI - NON WING),10 PAD,PRODUK KEBERSIHAN,PENJAGAAN DIRI,85.0,0.0,0.0,0.0,0.0,0.0,0.0,0.0,0.0,0.0,0.0,0.0,0.0,0.0,0.0,0.0,0.0,0.0,0.0,0.0,0.0,0.0,27.0,0.0,0.0,0.0,67.0,0.0,0.0
1986,TUALA WANITA LIBRESSE (MAXI - NON WING),10 PAD,PRODUK KEBERSIHAN,PENJAGAAN DIRI,138.0,0.0,0.0,0.0,0.0,0.0,0.0,1.0,0.0,0.0,0.0,0.0,0.0,0.0,0.0,0.0,0.0,0.0,0.0,0.0,0.0,0.0,26.0,0.0,0.0,0.0,130.0,0.0,0.0
1987,DEODORAN NIVEA MAN (BLACK & WHITE INVISIBLE - ORIGINAL),150 ml,PRODUK KEBERSIHAN,PENJAGAAN DIRI,50.0,0.0,0.0,0.0,0.0,0.0,0.0,0.0,0.0,0.0,0.0,0.0,0.0,0.0,0.0,0.0,0.0,0.0,0.0,0.0,0.0,0.0,14.0,0.0,0.0,0.0,48.0,0.0,0.0
1988,DEODORAN NIVEA (EXTRA BRIGHTENING),150 ml,PRODUK KEBERSIHAN,PENJAGAAN DIRI,50.0,0.0,0.0,0.0,0.0,0.0,0.0,0.0,0.0,0.0,0.0,0.0,0.0,0.0,0.0,0.0,0.0,0.0,0.0,0.0,0.0,0.0,14.0,0.0,0.0,0.0,42.0,0.0,0.0
1989,DEODORAN REXONA MEN (SPORT DEFENSE),50 ml,PRODUK KEBERSIHAN,PENJAGAAN DIRI,11.0,0.0,0.0,0.0,0.0,0.0,0.0,0.0,0.0,0.0,0.0,0.0,0.0,0.0,0.0,0.0,0.0,0.0,0.0,0.0,0.0,0.0,4.0,0.0,0.0,0.0,8.0,0.0,0.0
1990,DEODORAN REXONA (POWDER DRY BRIGHTENING),50 ml,PRODUK KEBERSIHAN,PENJAGAAN DIRI,11.0,0.0,0.0,0.0,0.0,0.0,0.0,0.0,0.0,0.0,0.0,0.0,0.0,0.0,0.0,0.0,0.0,0.0,0.0,0.0,0.0,0.0,3.0,0.0,0.0,0.0,12.0,0.0,0.0
1991,SABUN SERBUK BREEZE (POWER CLEAN),750 g,PRODUK KEBERSIHAN,PENJAGAAN RUMAH,161.0,0.0,0.0,0.0,0.0,0.0,0.0,0.0,0.0,0.0,0.0,0.0,0.0,0.0,0.0,0.0,0.0,0.0,0.0,0.0,0.0,0.0,40.0,0.0,0.0,0.0,121.0,0.0,0.0
1992,SABUN SERBUK ATTACK (AROMA FRESH + COLOUR),800 g,PRODUK KEBERSIHAN,PENJAGAAN RUMAH,76.0,0.0,0.0,0.0,0.0,0.0,0.0,0.0,0.0,0.0,0.0,0.0,0.0,0.0,0.0,0.0,0.0,0.0,0.0,0.0,0.0,0.0,31.0,0.0,0.0,0.0,57.0,0.0,0.0
1993,SABUN SERBUK TOP (SUPER COLOUR),750 g,PRODUK KEBERSIHAN,PENJAGAAN RUMAH,153.0,0.0,0.0,0.0,0.0,0.0,0.0,0.0,0.0,0.0,0.0,0.0,0.0,0.0,0.0,0.0,0.0,0.0,0.0,0.0,0.0,0.0,42.0,0.0,0.0,0.0,116.0,0.0,0.0
1996,PELEMBUT PAKAIAN - SOFTLAN (FLORAL FANTASY),1 liter,PRODUK KEBERSIHAN,PENJAGAAN RUMAH,38.0,0.0,0.0,0.0,0.0,0.0,0.0,0.0,0.0,0.0,0.0,0.0,0.0,0.0,0.0,0.0,0.0,0.0,0.0,0.0,0.0,0.0,14.0,0.0,0.0,0.0,25.0,0.0,0.0
1998,PENCUCI PELBAGAI GUNA DETTOL (LAVENDER),2.5 liter,PRODUK KEBERSIHAN,PENJAGAAN RUMAH,7.0,0.0,0.0,0.0,0.0,0.0,0.0,0.0,0.0,0.0,0.0,0.0,0.0,0.0,0.0,0.0,0.0,0.0,0.0,0.0,0.0,0.0,1.0,0.0,0.0,0.0,7.0,0.0,0.0
1999,PENCUCI PELBAGAI GUNA MR MUSCLE (LAVENDER),2 liter,PRODUK KEBERSIHAN,PENJAGAAN RUMAH,124.0,0.0,0.0,0.0,0.0,0.0,0.0,1.0,0.0,0.0,0.0,0.0,0.0,0.0,0.0,0.0,0.0,0.0,0.0,0.0,0.0,0.0,28.0,0.0,0.0,0.0,128.0,0.0,0.0
2000,PENCUCI PELBAGAI GUNA AJAX FABULOSO (LAVENDER),2 liter,PRODUK KEBERSIHAN,PENJAGAAN RUMAH,191.0,0.0,0.0,0.0,0.0,0.0,0.0,0.0,0.0,0.0,0.0,0.0,0.0,0.0,0.0,0.0,0.0,0.0,0.0,0.0,0.0,0.0,41.0,0.0,0.0,0.0,180.0,0.0,0.0
2001,DUMEX DUPRO 2 (RUMUSAN SUSULAN),850g,SUSU DAN BARANGAN BAYI,SUSU BAYI,178.0,0.0,0.0,0.0,0.0,189.0,17.0,0.0,0.0,0.0,0.0,0.0,215.0,0.0,0.0,0.0,0.0,0.0,0.0,217.0,0.0,0.0,45.0,0.0,0.0,0.0,167.0,0.0,0.0
2002,PELUNTUR CLOROX (ORIGINAL),1 liter,PRODUK KEBERSIHAN,PENJAGAAN RUMAH,97.0,0.0,0.0,0.0,0.0,0.0,0.0,0.0,0.0,0.0,0.0,0.0,0.0,0.0,0.0,0.0,0.0,0.0,0.0,0.0,0.0,0.0,16.0,0.0,0.0,0.0,105.0,0.0,0.0
2003,BIHUN KERING IMPORT (PELBAGAI JENAMA),400 g,BARANGAN BERBUNGKUS,BIHUN,17.0,0.0,0.0,0.0,0.0,18.0,0.0,0.0,0.0,0.0,0.0,0.0,17.0,0.0,0.0,0.0,0.0,0.0,0.0,13.0,0.0,0.0,0.0,0.0,0.0,0.0,15.0,0.0,0.0
2004,BERAS SUPER SPECIAL CAP FAMILI 5%,10 kg,BARANGAN BERBUNGKUS,BERAS,1.0,0.0,0.0,0.0,0.0,1.0,0.0,0.0,0.0,0.0,0.0,0.0,1.0,0.0,0.0,0.0,0.0,0.0,0.0,1.0,0.0,0.0,0.0,0.0,0.0,0.0,1.0,0.0,0.0
2009,DUTCH LADY 123 (BIASA),850g,SUSU DAN BARANGAN BAYI,SUSU BAYI,202.0,0.0,0.0,0.0,0.0,210.0,20.0,0.0,0.0,0.0,0.0,0.0,225.0,0.0,0.0,0.0,0.0,0.0,0.0,228.0,0.0,0.0,43.0,0.0,0.0,0.0,176.0,0.0,0.0
2010,DUTCH LADY 456 (BIASA),850g,SUSU DAN BARANGAN BAYI,SUSU BAYI,206.0,0.0,0.0,0.0,0.0,220.0,21.0,0.0,0.0,0.0,0.0,0.0,238.0,0.0,0.0,0.0,0.0,0.0,0.0,240.0,0.0,0.0,41.0,0.0,0.0,0.0,184.0,0.0,0.0
2011,KIUB SUP TOM YAM (MAGGI),6 X 10g,BARANGAN BERBUNGKUS,REMPAH RATUS (BERBUNGKUS),171.0,0.0,0.0,0.0,0.0,175.0,34.0,0.0,0.0,0.0,0.0,0.0,210.0,0.0,0.0,0.0,0.0,0.0,0.0,209.0,0.0,0.0,41.0,0.0,0.0,0.0,165.0,0.0,0.0
2012,KICAP TAMIN (DARK SOY SAUCE),350ml,BARANGAN BERBUNGKUS,KICAP DAN SOS,30.0,0.0,0.0,0.0,0.0,32.0,4.0,0.0,0.0,0.0,0.0,0.0,36.0,0.0,0.0,0.0,0.0,0.0,0.0,35.0,0.0,0.0,2.0,0.0,0.0,0.0,32.0,0.0,0.0
2014,ENFAGROW A+ MIND PRO LANGKAH 3 VANILA (KOTAK),500 g,SUSU DAN BARANGAN BAYI,SUSU BAYI,50.0,0.0,0.0,0.0,0.0,68.0,8.0,0.0,0.0,0.0,0.0,0.0,78.0,0.0,0.0,0.0,0.0,0.0,0.0,80.0,0.0,0.0,10.0,0.0,0.0,0.0,72.0,0.0,0.0
2017,DYNAMO POWER GEL (PERFECT CLEAN),2.6kg,PRODUK KEBERSIHAN,PENJAGAAN RUMAH,6.0,0.0,0.0,0.0,0.0,0.0,0.0,0.0,0.0,0.0,0.0,0.0,0.0,0.0,0.0,0.0,0.0,0.0,0.0,0.0,0.0,0.0,1.0,0.0,0.0,0.0,4.0,0.0,0.0
2018,SABUN PENCUCI SUNLIGHT (LEMON),900ml,PRODUK KEBERSIHAN,PENJAGAAN RUMAH,84.0,0.0,0.0,0.0,0.0,0.0,0.0,0.0,0.0,0.0,0.0,0.0,0.0,0.0,0.0,0.0,0.0,0.0,0.0,0.0,0.0,0.0,27.0,0.0,0.0,0.0,46.0,0.0,0.0
2019,NESCAFE 3 IN 1 ORIGINAL (AROMATIC & BALANCED),25 x 18g,MINUMAN,BAHAN-BAHAN MINUMAN,192.0,0.0,0.0,0.0,0.0,0.0,0.0,1.0,0.0,0.0,0.0,0.0,0.0,0.0,0.0,0.0,0.0,0.0,0.0,0.0,0.0,0.0,40.0,0.0,0.0,0.0,161.0,0.0,0.0
2020,YOGURT LACTEL (FAT FREE) (STRAWBERRY),130g,MINUMAN,TERSEDIA MINUM,31.0,0.0,0.0,0.0,0.0,0.0,0.0,1.0,0.0,0.0,0.0,0.0,0.0,0.0,0.0,0.0,0.0,0.0,0.0,0.0,0.0,0.0,6.0,0.0,0.0,0.0,58.0,0.0,0.0
