item_code,item,unit,item_group,item_category,2023-10-01,2023-10-02,2023-10-03,2023-10-04,2023-10-05,2023-10-06,2023-10-07,2023-10-08,2023-10-09,2023-10-10,2023-10-11,2023-10-12,2023-10-13,2023-10-14,2023-10-15,2023-10-16,2023-10-17,2023-10-18,2023-10-19,2023-10-20,2023-10-22,2023-10-23,2023-10-24,2023-10-25,2023-10-26,2023-10-27,2023-10-28,2023-10-29,2023-10-30,2023-10-31
1,AYAM BERSIH - STANDARD,1kg,BARANGAN SEGAR,AYAM,9.4,9.03047619047619,9.4,9.4,9.4,,,9.4,9.02975,9.4,9.4,9.4,9.4,9.4,9.4,9.11093023255814,9.4,9.4,9.4,9.4,9.4,9.246222222222222,9.4,9.4,9.4,9.4,9.4,9.4,9.201951219512196,8.59
2,AYAM BERSIH - SUPER,1kg,BARANGAN SEGAR,AYAM,,11.581666666666669,,,,,,,11.581666666666669,,,,,,,11.284285714285716,,,,,,11.34142857142857,,,,,,,11.198333333333332,
9,DAGING KAMBING BEBIRI IMPORT BERTULANG (MUTTON) (AUSTRALIA - KOTAK),1kg,BARANGAN SEGAR,DAGING,,,,,,,,,35.0,,,,,,,35.0,,,,,,35.0,,,,,,,,
14,DAGING KERBAU IMPORT (INDIA) * (TOP SIDE),1kg,BARANGAN SEGAR,DAGING,,23.0,,,,,,,23.0,,,,,,,23.4725,,,,,,23.4725,,,,,,,23.96666666666667,
16,BETIK BIASA,1kg,BARANGAN SEGAR,BUAH-BUAHAN,,5.5,,,,,,,4.84875,3.8,3.8,3.8,,,,5.042857142857143,3.8,3.8,3.8,3.8,,4.75,,,,,,,5.0,
18,PISANG BERANGAN,1kg,BARANGAN SEGAR,BUAH-BUAHAN,7.25,6.892666666666667,7.25,7.25,7.25,7.25,7.25,7.125,6.61,,,,7.25,7.25,7.25,6.61875,7.25,6.19,6.19,6.19,,6.617857142857143,,,,,,,6.684375,
19,PISANG EMAS,1kg,BARANGAN SEGAR,BUAH-BUAHAN,,7.0,,,,,,,,,,,,,,,,,,,,,,,,,,,,
20,TEMBIKAI MERAH BERBIJI,1kg,BARANGAN SEGAR,BUAH-BUAHAN,,4.166666666666667,,,,,,,4.5,,,,,,,3.9966666666666666,,,,,,3.9966666666666666,,,,,,,4.33,
21,TEMBIKAI MERAH TANPA BIJI,1kg,BARANGAN SEGAR,BUAH-BUAHAN,2.69,3.7870588235294114,2.99,2.99,2.99,2.99,2.99,2.99,3.8142105263157893,2.99,2.99,2.99,2.99,2.99,2.99,3.8247368421052634,2.99,2.49,2.49,2.49,,3.775333333333333,,2.99,,,,,3.9026666666666667,
22,DRAGON FRUIT MERAH,1kg,BARANGAN SEGAR,BUAH-BUAHAN,10.99,12.660000000000002,10.99,10.99,10.99,7.99,7.99,10.99,11.745000000000001,10.99,10.99,10.99,10.99,10.99,10.99,12.17,10.99,10.99,10.99,10.99,10.99,14.495000000000001,10.99,10.99,10.99,8.39,8.39,8.39,8.893333333333333,10.99
24,TEMBIKAI SUSU,1kg,BARANGAN SEGAR,BUAH-BUAHAN,,5.0,,,,,,,5.5,,,,,,,5.125,,,,,,5.625,,,,,,,5.333333333333333,
25,NENAS BIASA (JOSAPINE/MORRIS/SARAWAK),1 biji,BARANGAN SEGAR,BUAH-BUAHAN,4.69,4.376666666666667,4.69,4.69,4.69,4.69,4.69,4.69,4.36,4.69,4.69,4.69,4.49,4.49,4.69,4.3485,4.69,4.69,4.69,4.69,4.69,4.404444444444445,4.69,4.69,4.69,4.09,4.09,4.09,4.49235294117647,4.09
27,ANGGUR MERAH BERBIJI,1kg,BARANGAN SEGAR,BUAH-BUAHAN,,14.743333333333332,,,,,,,15.068999999999999,,,,,,,15.41,,,,,,15.46125,,17.99,,,,,15.498571428571427,
31,LAI KUNING (SAIZ M),1 biji,BARANGAN SEGAR,BUAH-BUAHAN,,2.6,,,,,,,2.6,,,,,,,2.6,,,,,,2.6,,,,,,,2.6,
38,JAMBU BATU BERBIJI,1kg,BARANGAN SEGAR,BUAH-BUAHAN,5.69,6.844545454545454,5.69,5.69,5.69,5.69,5.69,5.69,6.887777777777778,,,,,,,7.040833333333334,5.69,4.29,4.29,4.29,5.69,6.899166666666666,5.69,5.69,4.09,4.09,4.09,4.09,6.954444444444444,4.09
39,JAMBU BATU TANPA BIJI,1kg,BARANGAN SEGAR,BUAH-BUAHAN,,,,,,,,,,,,,,,,6.0,,,,,,6.0,,,,,,,6.0,
43,IKAN BAWAL HITAM (ANTARA 2 HINGGA 5 EKOR SEKILOGRAM),1kg,BARANGAN SEGAR,BAHAN LAUT,,26.992142857142856,,,,,,,26.618125,,,,,,,26.327222222222222,,,,,,26.315263157894737,,,,,,,26.09,
47,IKAN CENCARU (ANTARA 4 HINGGA 6 EKOR SEKILOGRAM),1kg,BARANGAN SEGAR,BAHAN LAUT,,11.282608695652174,,,,,,,11.276333333333334,,,,,,,10.81074074074074,,,,,,10.781515151515151,,,,,,,11.166666666666666,
49,IKAN GELAMA (ANTARA 5 HINGGA 10 EKOR SEKILOGRAM),1kg,BARANGAN SEGAR,BAHAN LAUT,,12.0,,,,,,,11.0,,,,,,,11.75,,,,,,11.58,,,,,,,12.316666666666668,
51,IKAN JENAHAK (b	% 1 KILOGRAM SEEKOR),1kg,BARANGAN SEGAR,BAHAN LAUT,,33.45,,,,,,,33.96333333333333,,,,,,,33.96333333333333,,,,,,33.945,,,,,,,32.95,
52,KEPALA IKAN JENAHAK,1kg,BARANGAN SEGAR,BAHAN LAUT,,30.0,,,,,,,,,,,,,,30.0,,,,,,30.0,,,,,,,30.0,
55,IKAN KEMBUNG KECIL/PELALING (ANTARA 10 HINGGA 18 EKOR SEKILOGRAM),1kg,BARANGAN SEGAR,BAHAN LAUT,,16.159333333333333,,,,,,,14.618125,,,,,,,15.706428571428571,,,,,,14.99909090909091,,,,,,,16.20642857142857,
60,IKAN MERAH (b	% 1 KILOGRAM SEEKOR),1kg,BARANGAN SEGAR,BAHAN LAUT,,36.58,,,,,,,38.31666666666667,,,,,,,39.41428571428571,,,,,,39.12375,,,,,,,37.11125,
64,KEPALA IKAN MERAH,1kg,BARANGAN SEGAR,BAHAN LAUT,,36.45,,,,,,,36.45,,,,,,,36.45,,,,,,35.0,,,,,,,29.95,
65,IKAN KERAPU (ANTARA 2 HINGGA 5 EKOR SEKILOGRAM),1kg,BARANGAN SEGAR,BAHAN LAUT,,25.0,,,,,,,25.0,,,,,,,24.99,,,,,,,,,,,,,,
66,IKAN PARANG (ANTARA 1 HINGGA 3 EKOR SEKILOGRAM),1kg,BARANGAN SEGAR,BAHAN LAUT,,,,,,,,,18.9,,,,,,,18.9,,,,,,18.9,,,,,,,18.9,
68,IKAN PARI (KEPINGAN),1kg,BARANGAN SEGAR,BAHAN LAUT,,33.333333333333336,,,,,,,33.5,,,,,,,33.666666666666664,,,,,,35.0,,,,,,,32.225,
69,IKAN SELAR KUNING (b	% 11 EKOR SEKILOGRAM),1kg,BARANGAN SEGAR,BAHAN LAUT,,12.666666666666666,,,,,,,13.100000000000001,,,,,,,12.211111111111112,,,,,,12.988888888888889,,,,,,,13.0,
70,IKAN SELAR PELATA (≤ 7 EKOR SEKILOGRAM),1kg,BARANGAN SEGAR,BAHAN LAUT,,19.77722222222222,,,,,,,19.526666666666664,,,,,,,18.16208333333333,,,,,,17.327222222222222,,,,,,,18.271666666666665,
71,IKAN SELAYANG/SARDIN  (≥ 13 EKOR SEKILOGRAM),1kg,BARANGAN SEGAR,BAHAN LAUT,,12.18470588235294,14.99,14.99,14.99,12.99,12.99,11.495000000000001,11.510555555555555,12.99,12.99,14.99,14.99,14.99,14.99,12.125142857142857,,14.99,14.99,14.99,,11.93878787878788,8.99,8.99,8.99,8.99,,,11.61225806451613,14.99
73,IKAN SENANGIN (ANTARA 2 HINGGA 8 EKOR SEKILOGRAM),1kg,BARANGAN SEGAR,BAHAN LAUT,,28.5,,,,,,,26.95,,,,,,,26.95,,,,,,28.5,,,,,,,27.33,
78,IKAN TAMBAN BELURU (ANTARA 10 HINGGA 19 EKOR SEKILOGRAM),1kg,BARANGAN SEGAR,BAHAN LAUT,,9.5,,,,,,,7.9,,,,,,,7.95,,,,,,9.5,,,,,,,9.45,
79,IKAN TENGGIRI PAPAN (ANTARA 1 HINGGA 2 EKOR SEKILOGRAM),1kg,BARANGAN SEGAR,BAHAN LAUT,,,,,,,,,32.9,,,,,,,32.9,,,,,,,,,,,,,,
82,IKAN TENGGIRI BATANG (ANTARA 1 HINGGA 2 EKOR SEKILOGRAM),1kg,BARANGAN SEGAR,BAHAN LAUT,,38.25,,,,,,,36.666666666666664,,,,,,,37.165,,,,,,37.83166666666667,,,,,,,38.166666666666664,
83,IKAN TONGKOL/AYA/KAYU HITAM (ANTARA 1 HINGGA 2 EKOR SEKILOGRAM),1kg,BARANGAN SEGAR,BAHAN LAUT,,13.526896551724137,15.99,15.99,15.99,13.99,13.99,12.495000000000001,12.97896551724138,13.99,13.99,,,,,13.116896551724137,,15.99,15.99,15.99,,13.036666666666667,,,,,,,13.156785714285714,15.99
88,IKAN KELI (ANTARA 2 HINGGA 5 EKOR SEKILOGRAM),1kg,BARANGAN SEGAR,IKAN DARAT,9.99,11.491538461538461,9.99,9.99,9.99,9.99,9.99,9.99,11.568461538461538,9.99,9.99,9.99,9.99,9.99,9.99,11.782499999999999,9.99,9.99,9.99,9.99,9.99,11.957500000000001,9.99,9.99,9.99,9.99,9.99,9.99,11.606923076923076,9.99
89,IKAN TILAPIA HITAM (ANTARA 2 HINGGA 5 EKOR SEKILOGRAM),1kg,BARANGAN SEGAR,IKAN DARAT,,10.5,,,,,,,9.0,,,,,,,8.0,,,,,,12.0,,,,,,,12.0,
92,CILI HIJAU,1kg,BARANGAN SEGAR,SAYUR-SAYURAN,12.29,13.749722222222223,12.29,12.29,12.29,12.29,12.29,13.645,13.791142857142857,12.29,12.29,12.29,12.29,12.29,12.29,13.316046511627908,12.29,12.29,12.59,12.19,,13.306666666666667,12.59,12.59,12.59,12.59,12.59,12.59,13.243571428571428,11.89
93,CILI MERAH - KULAI,1kg,BARANGAN SEGAR,SAYUR-SAYURAN,,16.05526315789474,,,,,,,16.15142857142857,,,,,,,16.265714285714285,,,,,,16.46388888888889,,,,,,,16.43921052631579,
94,CILI MERAH - MINYAK,1kg,BARANGAN SEGAR,SAYUR-SAYURAN,14.49,15.57125,,,14.49,14.49,14.49,16.245,15.6934375,14.49,14.49,14.49,14.49,14.49,14.49,15.530857142857144,14.49,14.49,14.49,14.49,12.19,15.351212121212122,12.19,12.19,12.19,14.09,14.09,14.09,15.566363636363638,14.09
95,HALIA BASAH (TUA),1kg,BARANGAN SEGAR,SAYUR-SAYURAN,15.49,15.12412213740458,15.49,15.49,15.49,15.49,15.49,14.745000000000001,15.114736842105263,15.49,15.49,15.49,15.49,,,15.111145038167939,15.49,15.49,14.96,14.96,14.96,14.989461538461539,14.96,14.96,14.96,14.96,14.96,14.96,14.97145038167939,12.59
96,KACANG BENDI,1kg,BARANGAN SEGAR,SAYUR-SAYURAN,,9.325254237288137,,,,,,10.0,9.34625,,,,,,,9.271269841269842,,,,,,9.233548387096775,,,,,,,9.196451612903227,
97,KACANG BUNCIS,1kg,BARANGAN SEGAR,SAYUR-SAYURAN,,12.2178,,,,,,14.0,12.011800000000001,,,,,,,12.055576923076924,,,,,,11.699787234042553,,,,,,,11.645625,
98,KACANG PANJANG,1kg,BARANGAN SEGAR,SAYUR-SAYURAN,,8.77921568627451,,,,,,,8.662307692307692,,,,,,,8.691666666666666,,,,,,8.65576923076923,,,,,,,8.753653846153846,
101,KELAPA BIJI,1 biji,BARANGAN SEGAR,KELAPA,,2.5142857142857142,,,,,,,2.5200000000000005,,,,,,,2.495,,,,,,2.494736842105263,,,,,,,2.542857142857143,
102,KELAPA PARUT,1kg,BARANGAN SEGAR,KELAPA,,10.0,,,,,,,10.0,,,,,,,10.0,,,,,,10.0,,,,,,,10.0,
103,SANTAN KELAPA SEGAR (BIASA),1kg,BARANGAN SEGAR,KELAPA,,8.1,,,,,,,8.1,,,,,,,8.1,,,,,,8.1,,,,,,,8.1,
104,KUBIS BULAT IMPORT (CHINA),1kg,BARANGAN SEGAR,SAYUR-SAYURAN,,4.3325000000000005,,,,,,5.0,4.2407692307692315,,,,,,,4.243333333333333,,,,,,4.21225,,,,,,,4.2097435897435895,
105,KUBIS BULAT (TEMPATAN),1kg,BARANGAN SEGAR,SAYUR-SAYURAN,2.99,4.8885,,,2.99,2.39,2.39,2.99,4.766818181818182,2.99,2.99,2.99,2.99,2.99,2.99,4.793636363636364,2.99,2.99,2.99,,2.99,4.89,2.29,2.29,2.29,2.29,2.29,2.29,4.785,2.29
108,KUNYIT HIDUP,1kg,BARANGAN SEGAR,SAYUR-SAYURAN,7.39,9.520645161290322,,,7.39,7.39,7.39,9.695,9.56406779661017,7.39,7.39,7.39,7.39,7.39,7.39,9.512380952380951,7.39,7.39,6.89,6.89,6.89,9.559999999999999,6.89,6.89,6.89,6.89,6.89,6.89,9.59639344262295,6.89
109,LOBAK MERAH,1kg,BARANGAN SEGAR,SAYUR-SAYURAN,3.29,5.275972222222222,3.29,3.29,3.29,3.29,3.29,3.645,5.200972222222223,3.29,3.29,3.29,3.29,3.29,3.29,5.227361111111112,3.29,3.29,2.69,2.69,2.69,5.082368421052632,,2.69,2.69,2.69,2.69,2.69,5.116363636363637,2.69
112,TERUNG PANJANG,1kg,BARANGAN SEGAR,SAYUR-SAYURAN,8.59,8.097843137254902,8.59,,8.59,8.59,8.59,8.295,7.906170212765958,8.59,8.59,8.59,8.59,8.59,8.59,7.90078431372549,8.59,8.59,7.49,7.49,7.49,7.9958,,7.49,7.49,7.49,7.49,7.49,8.140555555555556,8.49
113,TIMUN,1kg,BARANGAN SEGAR,SAYUR-SAYURAN,2.99,4.218148148148148,2.99,3.89,3.89,3.89,3.89,4.0,4.316410256410257,3.89,3.89,3.89,,,3.89,4.280886075949367,3.89,3.89,3.89,3.89,3.89,4.205925925925926,3.89,3.89,3.89,,,,4.378333333333333,3.29
114,TOMATO,1kg,BARANGAN SEGAR,SAYUR-SAYURAN,,7.1695652173913045,5.39,5.39,9.99,5.79,,8.995000000000001,7.019857142857143,9.99,9.99,9.99,9.99,9.99,9.99,7.045555555555556,9.99,9.99,5.59,5.59,5.59,6.8853947368421045,5.59,5.59,5.59,5.59,5.59,5.59,6.809871794871794,5.59
118,TELUR AYAM GRED A (BERAT 65.0 GM HINGGA 69.9 GM SEBIJI),10 biji,BARANGAN SEGAR,TELUR,,4.6000000000000005,,,,,,,4.575,,,,,,,4.575,,,,,,4.575,,,,,,,4.575,
119,TELUR AYAM GRED B (BERAT 60.0 GM HINGGA 64.9 GM),10 biji,BARANGAN SEGAR,TELUR,,4.459090909090909,,,,,,,4.475,,,,,,,4.484210526315789,,,,,,4.445833333333334,,,,,,,4.466666666666667,
120,TELUR AYAM GRED C (BERAT 55.0 GM HINGGA 59.9 GM SEBIJI),10 biji,BARANGAN SEGAR,TELUR,,4.1499999999999995,,,,,,,4.153333333333332,,,,,,,4.1499999999999995,,,,,,4.1499999999999995,,,,,,,4.157142857142857,
124,TELUR PUYUH,15 Biji,BARANGAN SEGAR,TELUR,,4.199166666666667,,,,,,,4.169,,,,,,,4.269,4.4,4.4,4.4,4.4,4.4,4.253636363636364,4.4,4.4,4.4,4.4,4.4,4.4,4.281818181818182,4.4
125,TELUR ITIK,10 biji,BARANGAN SEGAR,TELUR,,,,,,,,,,,,,,,,,,,,,,13.5,,,,,,,13.5,
129,BAWANG BESAR KUNING/HOLLAND,1kg,BARANGAN KERING,BAWANG,5.99,5.871228070175439,5.99,5.99,5.99,5.99,5.99,5.995,5.849318181818182,5.99,5.99,5.99,5.99,5.99,5.99,5.814913294797688,5.99,5.99,5.99,5.99,5.99,5.820397727272726,5.99,5.99,5.99,5.99,5.99,5.99,5.786306818181818,5.99
131,BAWANG KECIL MERAH ROSE IMPORT (INDIA),1kg,BARANGAN KERING,BAWANG,,8.719473684210527,,,,,,,8.742597402597404,,,,,,,8.96525641025641,,,,,,9.229740259740261,,,,,,,9.280140845070422,
132,BAWANG KECIL MERAH IMPORT (THAILAND),1kg,BARANGAN KERING,BAWANG,,13.985714285714286,,,,,,,14.175,,,,,,,14.186666666666667,,,,,,14.3875,,,,,,,14.541176470588235,
148,IKAN BILIS GRED B (KOPEK),1kg,BARANGAN KERING,HASIL LAUT KERING,29.9,27.290625,29.9,29.9,29.9,29.9,29.9,29.9,27.38064516129032,29.9,29.9,29.9,29.9,29.9,29.9,27.41290322580645,29.9,29.9,29.9,29.9,29.9,27.706451612903226,29.9,29.9,29.9,29.9,29.9,29.9,27.814705882352943,29.9
152,KACANG HIJAU (IMPORT),1kg,BARANGAN KERING,KACANG,7.9,8.048518518518518,7.9,7.9,7.9,7.9,7.9,7.95,8.068214285714285,7.9,7.9,7.9,7.9,7.9,7.9,8.063028169014085,7.9,7.9,7.9,7.9,7.9,8.079787234042554,7.9,7.9,7.9,7.9,7.9,7.9,8.084306569343065,7.9
154,SERBUK KUNYIT (TIDAK BERBUNGKUS),100 g,BARANGAN BERBUNGKUS,REMPAH RATUS (TIDAK BERBUNGKUS),,2.5,,,,,,,2.066666666666667,,,,,,,2.066666666666667,,,,,,2.066666666666667,,,,,,,2.066666666666667,
155,SERBUK CILI  (TIDAK BERBUNGKUS),100 g,BARANGAN BERBUNGKUS,REMPAH RATUS (TIDAK BERBUNGKUS),,3.5,,,,,,,3.5,,,,,,,3.5,,,,,,3.5,,,,,,,3.5,
171,KORDIAL SUNQUICK (OREN),840 ml,MINUMAN,BAHAN-BAHAN MINUMAN,,,,,,,,,,,,,,,,,,,,,,14.407894736842104,,,,,,,,
180,TEH BOH (UNCANG),100 beg,MINUMAN,BAHAN-BAHAN MINUMAN,,,,,,,,,,,,,,,,,,,,,,14.134629629629629,,,,,,,,
190,SARDIN CAP AYAM (SOS TOMATO),155 g,BARANGAN BERBUNGKUS,IKAN DALAM TIN,,4.913118279569892,4.9,,,,,4.8,4.915351351351352,,,,,,,4.911587301587302,,,,,,4.921755319148936,,,,,,,4.931497326203209,
191,SARDIN CAP AYAM (SOS TOMATO),425 g,BARANGAN BERBUNGKUS,IKAN DALAM TIN,,9.971098901098902,10.2,,,,,9.5,9.97672131147541,,,,,,,9.972228260869565,,,,,,9.966795580110498,,,,,,,9.966055555555556,
192,SARDIN CAP KING CUP (SOS TOMATO),155 g,BARANGAN BERBUNGKUS,IKAN DALAM TIN,,4.31593220338983,4.7,,,,,,4.316507936507937,,,,,,,4.3133333333333335,,,,,,4.321269841269841,,,,,,,4.308412698412699,
193,SARDIN CAP KING CUP (SOS TOMATO),425 g,BARANGAN BERBUNGKUS,IKAN DALAM TIN,,9.077083333333333,10.0,,,,,,9.088666666666667,,,,,,,9.092666666666668,,,,,,9.092666666666668,,,,,,,9.078289473684212,
195,MACKAREL CAP AYAM (SOS TOMATO),425 g,BARANGAN BERBUNGKUS,IKAN DALAM TIN,,9.991461988304094,10.2,,,,,,9.999657142857144,,,,,,,10.010677966101694,,,,,,10.017383720930233,,,,,,,10.025823529411763,
197,MACKAREL CAP KING CUP (SOS TOMATO),425 g,BARANGAN BERBUNGKUS,IKAN DALAM TIN,,8.8,,,,,,,8.928571428571429,,,,,,,8.816666666666668,,,,,,8.816666666666668,,,,,,,8.816666666666668,
199,TUNA CAP TC BOY (SANDWICH DELITE),150 g,BARANGAN BERBUNGKUS,IKAN DALAM TIN,,,,,,,,,,,,,,,,,,,,,,,,,,,,,6.0,
201,JEM STRAWBERI LADY'S CHOICE,400 g,BARANGAN BERBUNGKUS,SAPUAN (SPREADS),,9.084117647058823,9.2,,,,,,9.09,,,,,,,9.080943396226415,,,,,,9.100769230769231,,,,,,,9.110925925925926,
202,SERI KAYA YEO'S,480 g,BARANGAN BERBUNGKUS,SAPUAN (SPREADS),,7.247999999999999,7.5,,,,,6.9,7.249029126213592,,,,,,,7.24059405940594,,,,,,7.241666666666667,,,,,,,7.228421052631579,
203,MAINLAND CHESDALE CHEDDAR CHEESE SPREAD 12 CHEDDAR,250 g,BARANGAN BERBUNGKUS,SAPUAN (SPREADS),,12.245925925925926,,,,,,,12.304814814814815,,,,,,,12.364444444444443,,,,,,12.32642857142857,,,,,,,12.449333333333334,
205,MARJERIN DAISY,480 g,BARANGAN BERBUNGKUS,SAPUAN (SPREADS),,8.771578947368422,8.0,,,,,,8.785416666666666,,,,,,,8.815851063829788,,,,,,8.852065217391305,,,,,,,8.84494623655914,
206,MARJERIN PLANTA,480 g,BARANGAN BERBUNGKUS,SAPUAN (SPREADS),,12.594086956521739,12.6,,,,,,12.57813559322034,,,,,,,12.577899159663865,,,,,,12.5955,,,,,,,12.569411764705881,
214,KICAP LEMAK MANIS CAP KIPAS UDANG,345ml,BARANGAN BERBUNGKUS,KICAP DAN SOS,,6.059142857142858,6.8,,,,,5.8,6.053107344632769,,,,,,,6.070564971751413,,,,,,6.075314285714286,,,,,,,6.081965317919075,
215,KICAP LEMAK MANIS CAP JALEN,650 ml,BARANGAN BERBUNGKUS,KICAP DAN SOS,,7.129670329670329,,,,,,,7.157894736842105,,,,,,,7.164516129032258,,,,,,7.153823529411765,,,,,,,7.151359223300971,
217,SOS TOMATO MAGGI,325 g,BARANGAN BERBUNGKUS,KICAP DAN SOS,,3.6915923566878983,3.6,,,,,3.8,3.6973913043478257,,,,,,,3.7005063291139244,,,,,,3.704875,,,,,,,3.70925,
218,SOS CILI LIFE,340 g,BARANGAN BERBUNGKUS,KICAP DAN SOS,,3.972982456140351,,,,,,4.5,3.9793805309734513,,,,,,,3.978,,,,,,3.9925225225225227,,,,,,,3.977547169811321,
221,DRINHO SOYA (KOTAK),250 ml,MINUMAN,TERSEDIA MINUM,,,,,,,,,,,,,,,,,,,,,,1.15,,,,,,,,
224,SUSU SEGAR DUTCH LADY,1 liter,MINUMAN,TERSEDIA MINUM,,,,,,,,,,,,,,,,,,,,,,8.67,,,,,,,,
225,SUSU MARIGOLD HL,1 liter,MINUMAN,TERSEDIA MINUM,,,,,,,,,,,,,,,,,,,,,,8.183333333333334,,,,,,,,
226,YEO'S LAICI (KOTAK),250 ml,MINUMAN,TERSEDIA MINUM,,,,,,,,,,,,,,,,,,,,,,1.1844444444444444,,,,,,,,
228,COCA COLA (BOTOL),1.5 liter,MINUMAN,TERSEDIA MINUM,,,,,,,,,,,,,,,,,,,,,,4.019101123595506,,,,,,,,
229,F&N OREN (TIN),325 ml,MINUMAN,TERSEDIA MINUM,,,,,,,,,,,,,,,,,,,,,,1.831914893617021,,,,,,,,
230,F&N OREN (BOTOL),1.5 liter,MINUMAN,TERSEDIA MINUM,,,,,,,,,,,,,,,,,,,,,,3.848225806451613,,,,,,,,
232,MIRINDA OREN (BOTOL),1.5 liter,MINUMAN,TERSEDIA MINUM,,,,,,,,,,,,,,,,,,,,,,4.007083333333333,,,,,,,,
235,JUS OREN PEEL FRESH (MARIGOLD),1 liter,MINUMAN,TERSEDIA MINUM,,,,,,,,,,,,,,,,,,,,,,6.585365853658536,,,,,,,,
236,JUS OREN SUNKIST,1 liter,MINUMAN,TERSEDIA MINUM,,,,,,,,,,,,,,,,,,,,,,5.85,,,,,,,,
239,RED BULL (BOTOL),150 ml,MINUMAN,TERSEDIA MINUM,,,,,,,,,,,,,,,,,,,,,,2.330952380952381,,,,,,,,
240,LIVITA WITH HONEY (BOTOL),150 ml,MINUMAN,TERSEDIA MINUM,,,,,,,,,,,,,,,,,,,,,,2.480645161290323,,,,,,,,
246,MINYAK JAGUNG CAP MAZOLA,1kg,BARANGAN BERBUNGKUS,MINYAK DAN LEMAK,,19.178749999999997,,,,,,,19.13423076923077,,,,,,,19.1796,,,,,,19.166923076923077,,,,,,,19.197692307692307,
254,MINYAK MASAK SEBATIAN CAP HELANG,5 kg,BARANGAN BERBUNGKUS,MINYAK DAN LEMAK,,37.44673913043478,36.65,35.5,35.5,35.5,35.5,35.5,37.511224489795914,35.5,35.5,35.5,35.5,35.5,35.5,37.51,35.5,35.5,35.5,35.5,35.5,37.420434782608694,35.5,35.5,35.5,35.5,35.5,35.5,37.32478260869566,35.5
257,MINYAK MASAK SEBATIAN CAP NEPTUNE,5 kg,BARANGAN BERBUNGKUS,MINYAK DAN LEMAK,,38.333333333333336,,,,,,,38.142307692307696,,,,,,,38.142307692307696,,,,,,37.61153846153846,,,,,,,37.75833333333333,
260,MINYAK MASAK SEBATIAN CAP PISAU,5 kg,BARANGAN BERBUNGKUS,MINYAK DAN LEMAK,37.9,36.534666666666666,38.7,37.9,37.9,37.9,37.9,37.9,36.721555555555554,37.9,37.9,37.9,37.9,37.9,37.9,36.564,37.9,37.9,37.9,37.9,37.9,36.455681818181816,37.9,37.9,37.9,37.9,37.9,37.9,36.37282608695652,37.9
263,MINYAK MASAK TULEN CAP BURUH,5 kg,BARANGAN BERBUNGKUS,MINYAK DAN LEMAK,30.9,30.636578947368424,30.9,30.9,30.9,30.9,30.9,30.9,30.61402597402597,30.9,30.9,30.9,,30.9,30.9,30.629259259259264,30.9,,,,,30.614810126582274,,,,,,,30.593456790123454,
266,MINYAK MASAK TULEN CAP SERI MURNI,5 kg,BARANGAN BERBUNGKUS,MINYAK DAN LEMAK,,30.607812499999998,30.9,,,,,,30.647448979591836,,,,,30.9,30.9,30.667894736842104,30.9,,,,,30.64095744680851,,,,30.9,30.9,30.9,30.68263157894737,30.9
267,MINYAK MASAK TULEN CAP VESAWIT,1kg,BARANGAN BERBUNGKUS,MINYAK DAN LEMAK,,6.9,,,,,,,6.8999999999999995,,,,,,,6.9,,,,,,6.9,,,,,,,6.9,
271,MINYAK SAPI CAP QBB,400 g,BARANGAN BERBUNGKUS,MINYAK DAN LEMAK,37.3,34.28666666666666,37.3,37.3,37.3,37.3,37.3,33.65,34.21290322580645,37.3,37.3,37.3,37.3,37.3,37.3,33.975,37.3,37.3,37.3,37.3,37.3,33.97272727272727,37.3,37.3,37.3,37.3,37.3,37.3,33.945454545454545,37.3
272,ROTI SANDWICH GARDENIA ORIGINAL CLASSIC,400 g,BARANGAN BERBUNGKUS,ROTI,,3.0,,,,,,,3.0,,,,,,,3.0,,,,,,3.0,,,,,,,3.0,
292,UBAT GIGI COLGATE (PUDINA SEGAR),250 g,PRODUK KEBERSIHAN,PENJAGAAN DIRI,,,,,,,,,,,,,,,,,,,,,,13.748571428571427,,,,,,,,
293,UBAT GIGI DARLIE DOUBLE ACTION (PUDINA ASLI),250 g,PRODUK KEBERSIHAN,PENJAGAAN DIRI,,,,,,,,,,,,,,,,,,,,,,13.660266666666667,,,,,,,,
295,UBAT GIGI FRESH & WHITE (PUDINA SEGAR),160 g,PRODUK KEBERSIHAN,PENJAGAAN DIRI,,,,,,,,,,,,,,,,,,,,,,6.208163265306122,,,,,,,,
299,LACTOGEN 1 RUMUSAN BAYI (KOTAK),650g,SUSU DAN BARANGAN BAYI,SUSU BAYI,,29.100434782608694,30.35,,,,,,29.115555555555556,,,,,,,29.14581632653061,,,,,,29.150808080808083,,,,,,,29.128800000000002,
300,LACTOGEN 2 RUMUSAN SUSULAN (KOTAK),650g,SUSU DAN BARANGAN BAYI,SUSU BAYI,,29.231428571428573,30.35,,,,,,29.265849056603777,,,,,,,29.26490566037736,,,,,,29.275648148148147,,,,,,,29.27912280701754,
320,SUSU SEJAT PENUH KRIM CAP IDEAL,390g,BARANGAN BERBUNGKUS,KRIMER DAN SUSU TEPUNG,,5.351666666666667,,,,,,,5.3296,,,,,,,5.3296,,,,,,5.316538461538462,,,,,,,5.343333333333334,
327,SUSU TEPUNG ISIAN KURANG LEMAK 'OMEGA PLUS',1kg,BARANGAN BERBUNGKUS,KRIMER DAN SUSU TEPUNG,,49.562075471698115,,,,,,,49.52480769230769,,,,,,,49.54403846153846,,,,,,49.618541666666665,,,,,,,49.825531914893624,
332,SUSU TEPUNG SEGERA FERNLEAF (INSTANT),550 g,BARANGAN BERBUNGKUS,KRIMER DAN SUSU TEPUNG,,17.692857142857143,,,,,,,17.733333333333334,,,,,,,17.75,,,,,,17.75,,,,,,,17.78235294117647,
334,SUSU ANLENE ACTIFIT 3X PERISA ASLI,600 g,BARANGAN BERBUNGKUS,KRIMER DAN SUSU TEPUNG,,21.122330097087378,21.45,,,,,,21.11435185185185,,,,,,,21.11318181818182,,,,,,21.117129629629627,,,,,,,21.145945945945943,
335,SUSU ANLENE GOLD 5X,600 g,BARANGAN BERBUNGKUS,KRIMER DAN SUSU TEPUNG,,26.215652173913046,26.8,,,,,,26.23220338983051,,,,,,,26.21788617886179,,,,,,26.2099173553719,,,,,,,26.215254237288136,
336,ANMUM MATERNA (BIASA/COKLAT),650g,BARANGAN BERBUNGKUS,KRIMER DAN SUSU TEPUNG,,38.55972972972973,39.6,,,,,,38.58916666666667,,,,,,,38.66416666666667,,,,,,38.70861111111111,,,,,,,38.72459459459459,
343,KULIT KAYU MANIS,100 g,BARANGAN BERBUNGKUS,REMPAH RATUS (TIDAK BERBUNGKUS),,4.559655172413793,,,,,,,4.559655172413793,,,,,,,4.560370370370371,,,,,,4.560370370370371,,,,,,,4.560370370370371,
344,SUSU TEPUNG SEGERA EVERYDAY,550 g,BARANGAN BERBUNGKUS,KRIMER DAN SUSU TEPUNG,,20.53377358490566,18.9,,,,,,20.589795918367347,,,,,,,20.571111111111108,,,,,,20.523809523809526,,,,,,,20.553658536585367,
345,SUSU TEPUNG ISIAN KURANG LEMAK 'OMEGA PLUS',600 g,BARANGAN BERBUNGKUS,KRIMER DAN SUSU TEPUNG,,33.78184931506849,,,,,,,33.74895833333333,,,,,,,33.71654929577465,,,,,,33.740530303030305,,,,,,,33.73143939393939,
346,REMPAH KURMA (TIDAK BERBUNGKUS),100 g,BARANGAN BERBUNGKUS,REMPAH RATUS (TIDAK BERBUNGKUS),,3.5,,,,,,,3.5,,,,,,,3.5,,,,,,3.5,,,,,,,3.5,
350,SERBUK KARI IKAN BABAS,250 g,BARANGAN BERBUNGKUS,REMPAH RATUS (BERBUNGKUS),,5.814193548387097,5.9,,,,,,5.88171875,,,,,,,5.929047619047618,,,,,,6.003957219251337,,,,,,,6.036476683937823,
360,SUP BUNJUT ADABI,8 g,BARANGAN BERBUNGKUS,REMPAH RATUS (BERBUNGKUS),,1.477832512315271,,,,,,1.4,1.4814634146341463,,,,,,,1.4812499999999997,,,,,,1.4812499999999997,,,,,,,1.4820388349514562,
361,SUP PUNJUT MAK SITI,10 g,BARANGAN BERBUNGKUS,REMPAH RATUS (BERBUNGKUS),,1.6800000000000002,,,,,,,1.6888888888888889,,,,,,,1.6888888888888889,,,,,,1.6888888888888889,,,,,,,1.7125,
364,SERBUK CILI BABAS,250 g,BARANGAN BERBUNGKUS,REMPAH RATUS (BERBUNGKUS),,7.625928143712574,,,,,,,7.603684210526316,,,,,,,7.616453488372093,,,,,,7.61625,,,,,,,7.614550898203594,
365,SERBUK KUNYIT CAMPURAN (SEBATIAN) ADABI,250 g,BARANGAN BERBUNGKUS,REMPAH RATUS (BERBUNGKUS),,6.186890756302521,,,,,,,6.1924561403508775,,,,,,,6.199491525423729,,,,,,6.185689655172413,,,,,,,6.203826086956522,
367,SERBUK KUNYIT BABAS,250 g,BARANGAN BERBUNGKUS,REMPAH RATUS (BERBUNGKUS),,5.405802469135803,,,,,,,5.473703703703704,,,,,,,5.529876543209877,,,,,,5.609506172839506,,,,,,,5.655527950310558,
368,KACANG TANAH (IMPORT),1kg,BARANGAN KERING,KACANG,,9.835933333333333,,,,,,,9.88248322147651,,,,,,,9.864172185430464,,,,,,9.857615894039736,,,,,,,9.864429530201342,
388,KRIMER MANIS CAP JUNJUNG,500 g,BARANGAN BERBUNGKUS,KRIMER DAN SUSU TEPUNG,,4.507999999999999,4.5,,,,,,4.530188679245283,,,,,,,4.531481481481482,,,,,,4.535714285714286,,,,,,,4.53090909090909,
716,CILI API/PADI HIJAU,1kg,BARANGAN SEGAR,SAYUR-SAYURAN,,27.10909090909091,,,,,,,26.463636363636365,,,,,,,26.88181818181818,,,,,,27.27,,,,,,,27.311111111111114,
843,ANMUM LACTA (BIASA),650g,BARANGAN BERBUNGKUS,KRIMER DAN SUSU TEPUNG,,38.47277777777778,39.6,,,,,,38.365500000000004,,,,,,,38.38227272727273,,,,,,38.4805,,,,,,,38.53380952380952,
845,SOTONG (≥ 6 EKOR SEKILOGRAM),1kg,BARANGAN SEGAR,BAHAN LAUT,36.99,35.99909090909091,36.99,36.99,36.99,30.99,30.99,34.495,35.31318181818182,30.99,30.99,36.99,36.99,36.99,36.99,35.68608695652174,36.99,36.99,36.99,36.99,,34.299565217391304,,,30.99,30.99,,,34.954166666666666,36.99
847,KETAM RENJONG/BUNGA (ANTARA 5 HINGGA 8 EKOR SEKILOGRAM),1kg,BARANGAN SEGAR,BAHAN LAUT,,35.31666666666667,,,,,,,36.99875,,,,,,,33.857142857142854,,,,,,37.166666666666664,,,,,,,34.666666666666664,
849,UDANG PUTIH KECIL (b	% 61 EKOR SEKILOGRAM),1kg,BARANGAN SEGAR,BAHAN LAUT,,21.166666666666668,,,,,,,20.7375,,,,,,,20.148333333333333,,,,,,20.798000000000002,,,,,,,21.985714285714288,
850,UDANG HARIMAU (ANTARA 20 HINGGA 30 EKOR SEKILOGRAM),1kg,BARANGAN SEGAR,BAHAN LAUT,,34.96666666666667,,,,,,,35.300000000000004,,,,,,,36.975,,,,,,37.666666666666664,,,,,,,34.96666666666667,
861,UBI KENTANG HOLLAND,1kg,BARANGAN KERING,UBI KENTANG,,4.626363636363636,,,,,,,4.620869565217391,,,,,,,4.621818181818182,,,,,,4.576363636363637,,,,,,,4.551578947368421,
863,JINTAN MANIS (KASAR),100 g,BARANGAN BERBUNGKUS,REMPAH RATUS (TIDAK BERBUNGKUS),,2.308181818181818,,,,,,,2.308181818181818,,,,,,,2.3036363636363637,,,,,,2.3036363636363637,,,,,,,2.2847619047619045,
864,BUNGA CENGKIH,100 g,BARANGAN BERBUNGKUS,REMPAH RATUS (TIDAK BERBUNGKUS),,7.38,,,,,,,7.480769230769231,,,,,,,7.54,,,,,,7.54,,,,,,,7.578260869565218,
865,BUNGA LAWANG,100 g,BARANGAN BERBUNGKUS,REMPAH RATUS (TIDAK BERBUNGKUS),,6.266451612903226,,,,,,,6.292,,,,,,,6.292,,,,,,6.292,,,,,,,6.248571428571429,
866,BUAH PELAGA,100 g,BARANGAN BERBUNGKUS,REMPAH RATUS (TIDAK BERBUNGKUS),,13.554666666666666,,,,,,,13.588,,,,,,,13.645,,,,,,13.554666666666666,,,,,,,13.879999999999999,
867,BUAH KERAS,100 g,BARANGAN BERBUNGKUS,REMPAH RATUS (TIDAK BERBUNGKUS),,2.6469230769230765,,,,,,,2.6991666666666667,,,,,,,2.6675,,,,,,2.6675,,,,,,,2.629230769230769,
868,BUAH PALA,100 g,BARANGAN BERBUNGKUS,REMPAH RATUS (TIDAK BERBUNGKUS),,5.0,,,,,,,5.0,,,,,,,5.0,,,,,,5.0,,,,,,,5.0,
869,BIJI SAWI,100 g,BARANGAN BERBUNGKUS,REMPAH RATUS (TIDAK BERBUNGKUS),,1.4692307692307693,,,,,,,1.4692307692307693,,,,,,,1.4692307692307693,,,,,,1.4333333333333333,,,,,,,1.4333333333333333,
870,BIJI KETUMBAR,100 g,BARANGAN BERBUNGKUS,REMPAH RATUS (TIDAK BERBUNGKUS),,1.7806896551724138,,,,,,,1.7806896551724138,,,,,,,1.7806896551724138,,,,,,1.7806896551724138,,,,,,,1.7806896551724138,
871,LADA HITAM,100 g,BARANGAN BERBUNGKUS,REMPAH RATUS (TIDAK BERBUNGKUS),,3.8055555555555554,,,,,,,3.85,,,,,,,3.85,,,,,,3.8365384615384617,,,,,,,3.8795454545454544,
873,LADA PUTIH,100 g,BARANGAN BERBUNGKUS,REMPAH RATUS (TIDAK BERBUNGKUS),,5.710714285714286,,,,,,,5.8100000000000005,,,,,,,5.8100000000000005,,,,,,5.8100000000000005,,,,,,,5.8100000000000005,
883,KRIMER MANIS BERVITAMIN CAP F&N,500 g,BARANGAN BERBUNGKUS,KRIMER DAN SUSU TEPUNG,,4.448301886792453,,,,,,,4.464017857142857,,,,,,,4.451517857142857,,,,,,4.451545454545454,,,,,,,4.442654867256637,
884,KRIMER MANIS CAP GOLD COIN,500 g,BARANGAN BERBUNGKUS,KRIMER DAN SUSU TEPUNG,,3.425057471264368,,,,,,,3.425348837209302,,,,,,,3.425348837209302,,,,,,3.425348837209302,,,,,,,3.4221176470588235,
896,HALBA,100 g,BARANGAN BERBUNGKUS,REMPAH RATUS (TIDAK BERBUNGKUS),,1.5634615384615385,,,,,,,1.5685185185185186,,,,,,,1.5326923076923078,,,,,,1.5326923076923078,,,,,,,1.598076923076923,
904,BERAS SUPER CAP RAMBUTAN 5% (IMPORT),10 kg,BARANGAN BERBUNGKUS,BERAS,,40.845454545454544,,,,,,,40.708333333333336,,,,,,,40.410000000000004,,,,,,40.646153846153844,,,,,,,40.79333333333333,
910,KORDIAL F&N (SIRAP ROS),2 liter,MINUMAN,BAHAN-BAHAN MINUMAN,,,,,,,,,,,,,,,,,,,,,,11.031627906976745,,,,,,,,
917,"TEPUNG GANDUM NGP (BERBUNGKUS, CAP SAUH)",1kg,BARANGAN BERBUNGKUS,TEPUNG,,3.5510344827586207,,,,,,3.8,3.5516326530612248,,,,,,,3.557266666666667,,,,,,3.5516216216216216,,,,,,,3.5516,
918,MINYAK MASAK PAKET (PELBAGAI JENAMA),1kg,BARANGAN BERBUNGKUS,MINYAK DAN LEMAK,2.5,2.5,,2.5,2.5,,,2.5,2.5,2.5,2.5,,,,2.5,2.5,,,2.5,,,2.5,,,,,,2.5,2.5,2.5
919,SUSU TEPUNG PENUH KRIM DUTCHLADY,600 g,BARANGAN BERBUNGKUS,KRIMER DAN SUSU TEPUNG,,21.674333333333333,,,,,,,21.649375,,,,,,,21.64939393939394,,,,,,21.66611111111111,,,,,,,21.675142857142855,
929,NESCAFE CLASSIC (PAKET),200 g,MINUMAN,BAHAN-BAHAN MINUMAN,,,,,,,,,,,,,,,,,,,,,,21.15360294117647,,,,,,,,
957,SOS CILI KIMBALL,340 g,BARANGAN BERBUNGKUS,KICAP DAN SOS,,3.9111038961038957,4.1,,,,,3.8,3.9195454545454544,,,,,,,3.9317105263157894,,,,,,3.93296052631579,,,,,,,3.933398692810457,
1070,SOS CILI MAGGI,340 g,BARANGAN BERBUNGKUS,KICAP DAN SOS,,4.153220338983051,4.1,,,,,,4.152032967032968,,,,,,,4.151208791208791,,,,,,4.15623595505618,,,,,,,4.151967213114753,
1081,MACKAREL CAP KING CUP (SOS TOMATO),155 g,BARANGAN BERBUNGKUS,IKAN DALAM TIN,,4.1899999999999995,,,,,,,4.275,,,,,,,4.291666666666667,,,,,,4.2425,,,,,,,4.2425,
1082,MACKAREL CAP AYAM (SOS TOMATO),155 g,BARANGAN BERBUNGKUS,IKAN DALAM TIN,,4.928375,4.9,,,,,,4.932760736196319,,,,,,,4.932574850299401,,,,,,4.943470588235294,,,,,,,4.942666666666667,
1084,TEH BOH (SERBUK),500 g,MINUMAN,BAHAN-BAHAN MINUMAN,,,,,,,,,,,,,,,,,,,,,,12.33861386138614,,,,,,,,
1086,MINYAK JAGUNG CAP DAISY,1kg,BARANGAN BERBUNGKUS,MINYAK DAN LEMAK,17.5,17.399342105263155,17.35,17.5,17.5,17.5,17.5,17.5,17.432191780821917,17.5,17.5,17.5,17.5,17.5,17.5,17.429605263157892,17.5,17.5,17.5,17.5,17.5,17.413636363636364,17.5,17.5,17.5,17.5,17.5,17.5,17.446875,17.5
1087,MINYAK JAGUNG CAP DAISY,3 kg,BARANGAN BERBUNGKUS,MINYAK DAN LEMAK,,44.89935483870968,46.8,,,,,,45.13483870967742,,,,,,,45.06357142857143,,,,,,45.131428571428565,,,,,,,45.30903225806451,
1088,MINYAK JAGUNG CAP MAZOLA,3 kg,BARANGAN BERBUNGKUS,MINYAK DAN LEMAK,,44.9,,,,,,,44.9,,,,,,,,,,,,,46.0,,,,,,,46.0,
1089,MINYAK JAGUNG CAP VECORN,3 kg,BARANGAN BERBUNGKUS,MINYAK DAN LEMAK,,44.167857142857144,,,,,,,44.167857142857144,,,,,,,44.167857142857144,,,,,,44.16538461538461,,,,,,,44.37916666666666,
1090,MINYAK JAGUNG CAP VECORN,1kg,BARANGAN BERBUNGKUS,MINYAK DAN LEMAK,16.9,17.215416666666666,16.9,16.9,16.9,16.9,16.9,16.9,17.40304347826087,16.9,16.9,16.9,16.9,16.9,16.9,17.381304347826084,16.9,16.9,16.9,16.9,16.9,17.40659090909091,16.9,16.9,16.9,16.9,16.9,16.9,17.255714285714287,16.9
1091,MINYAK MASAK SEBATIAN CAP HELANG,1kg,BARANGAN BERBUNGKUS,MINYAK DAN LEMAK,,8.48448275862069,,,,,,,8.48793103448276,,,,,,,8.424074074074074,,,,,,8.416666666666666,,,,,,,8.401851851851852,
1092,MINYAK MASAK SEBATIAN CAP NEPTUNE,1kg,BARANGAN BERBUNGKUS,MINYAK DAN LEMAK,,8.35,,,,,,,8.35,,,,,,,8.35,,,,,,8.35,,,,,,,8.379999999999999,
1093,MINYAK MASAK SEBATIAN CAP PISAU,1kg,BARANGAN BERBUNGKUS,MINYAK DAN LEMAK,10.4,8.618918918918919,10.4,10.4,10.4,10.4,10.4,10.4,8.633333333333333,10.4,10.4,10.4,10.4,10.4,10.4,8.61025641025641,10.4,10.4,10.4,10.4,10.4,8.628205128205128,10.4,10.4,10.4,10.4,10.4,10.4,8.666666666666666,10.4
1094,MINYAK MASAK TULEN CAP BURUH,1kg,BARANGAN BERBUNGKUS,MINYAK DAN LEMAK,6.9,6.900000000000001,6.9,6.9,6.9,6.9,6.9,6.9,6.8999999999999995,6.9,6.9,6.9,6.9,6.9,6.9,6.9,6.9,6.9,6.9,6.9,6.9,6.9,6.9,6.9,6.9,,,,6.9,
1095,MINYAK MASAK TULEN CAP VESAWIT,5 kg,BARANGAN BERBUNGKUS,MINYAK DAN LEMAK,30.9,30.759666666666664,30.9,30.9,30.9,30.9,30.9,30.9,30.698153846153843,30.9,30.9,30.9,30.9,30.9,30.9,30.679999999999996,,,,,,30.63633333333333,,,,,,,30.64103448275862,
1097,SOS CILI MAGGI,500 g,BARANGAN BERBUNGKUS,KICAP DAN SOS,,5.674702702702702,5.7,,,,,5.5,5.6728571428571435,,,,,,,5.675360824742268,,,,,,5.679025641025642,,,,,,,5.673010204081633,
1100,MINYAK MASAK TULEN CAP SERI MURNI,1kg,BARANGAN BERBUNGKUS,MINYAK DAN LEMAK,,6.9,,,,,,,6.9,,,,,,,6.9,,,,,,6.9,,,,,,,6.9,
1101,MINYAK MASAK TULEN CAP SERI MURNI,2 kg,BARANGAN BERBUNGKUS,MINYAK DAN LEMAK,,13.262688172043012,,,12.9,12.9,12.9,12.9,13.251894736842106,12.9,12.9,12.9,12.9,12.9,12.9,13.254269662921349,12.9,12.9,12.9,12.9,12.9,13.252340425531916,12.9,12.9,12.9,12.9,12.9,12.9,13.252291666666666,12.9
1105,SUSU ANLENE ACTIFIT 3X COKLAT,600 g,BARANGAN BERBUNGKUS,KRIMER DAN SUSU TEPUNG,,21.04597014925373,,,,,,,21.057384615384617,,,,,,,21.05290322580645,,,,,,21.056935483870966,,,,,,,21.06714285714286,
1109,TELUR AYAM GRED A,30 biji,BARANGAN SEGAR,TELUR,,13.950000000000001,,,,,,,13.992142857142857,,,,,,,13.90529411764706,,,,,,13.90529411764706,,,13.5,,,,13.8445,
1110,TELUR AYAM GRED B,30 biji,BARANGAN SEGAR,TELUR,,13.586666666666666,,,,,,,13.519148936170215,,,,,,,13.551063829787235,,,,,,13.401923076923076,,,,,,,13.448936170212766,
1111,TELUR AYAM GRED C,30 biji,BARANGAN SEGAR,TELUR,,12.848571428571429,,,,,,,12.831707317073171,,,,,,,12.75,,,,,,12.72,,,,,,,12.825000000000001,
1114,SOS TIRAM KIMBALL,510 g,BARANGAN BERBUNGKUS,KICAP DAN SOS,,6.504166666666666,,,,,,,6.505514705882353,,,,,,,6.531777777777777,,,,,,6.552556390977443,,,,,,,6.558248175182482,
1115,KICAP LEMAK MASIN CAP KIPAS UDANG,345ml,BARANGAN BERBUNGKUS,KICAP DAN SOS,,5.936451612903226,,,,,,5.7,5.942795698924731,,,,,,,5.953111111111112,,,,,,5.969347826086957,,,,,,,5.9954347826086964,
1116,SOS TIRAM NONA,510 g,BARANGAN BERBUNGKUS,KICAP DAN SOS,,5.8196078431372555,,,,,,,5.830612244897959,,,,,,,5.842857142857143,,,,,,5.833333333333333,,,,,,,5.815094339622641,
1117,SOS TIRAM ADABI,510 g,BARANGAN BERBUNGKUS,KICAP DAN SOS,,7.4409090909090905,,,,,,,7.454545454545454,,,,,,,7.455555555555556,,,,,,7.445833333333333,,,,,,,7.425531914893617,
1125,SERBUK CILI KIJANG,250 g,BARANGAN BERBUNGKUS,REMPAH RATUS (BERBUNGKUS),,7.7,,,,,,,7.833333333333333,,,,,,,7.659999999999999,,,,,,7.75,,,,,,,7.833333333333333,
1128,LADA BENGGALA HIJAU (CAPSICUM),1kg,BARANGAN SEGAR,SAYUR-SAYURAN,,15.407037037037037,,,,,,16.0,15.447931034482759,,,,,,,14.7276,,,,,,15.0196,,,,,,,15.08695652173913,
1129,LADA BENGGALA MERAH (CAPSICUM),1kg,BARANGAN SEGAR,SAYUR-SAYURAN,,17.159333333333333,,,,,,18.0,17.89388888888889,,,,,,,17.011875,,,,,,16.238333333333333,,,,,,,16.416666666666668,
1130,LADA BENGGALA KUNING (CAPSICUM),1kg,BARANGAN SEGAR,SAYUR-SAYURAN,,15.991666666666667,,,,,,18.0,16.785,,,,,,,15.99923076923077,,,,,,15.639333333333333,,,,,,,16.039333333333335,
1131,UBI KENTANG IMPORT (CHINA),1kg,BARANGAN KERING,UBI KENTANG,3.69,4.108235294117647,3.69,3.69,3.69,3.69,3.69,3.8449999999999998,4.100634920634921,3.69,3.69,3.69,3.69,3.69,3.69,4.085081967213115,3.69,3.69,3.69,3.69,3.69,4.112845528455285,3.69,3.69,3.69,3.69,3.69,3.69,4.102258064516129,3.69
1132,LIMAU NIPIS,1kg,BARANGAN SEGAR,BUAH-BUAHAN,6.19,8.1515,6.19,6.19,6.19,6.19,6.19,6.19,8.209516129032258,6.19,6.19,6.19,7.99,7.99,7.99,8.164761904761905,7.99,7.99,7.99,7.99,7.99,8.216065573770491,7.99,7.99,7.99,7.99,7.99,7.99,8.186885245901639,
1135,KICAP MANIS ADABI,340ml,BARANGAN BERBUNGKUS,KICAP DAN SOS,,4.716942148760331,5.5,,,,,5.0,4.7195833333333335,,,,,,,4.72008547008547,,,,,,4.718376068376068,,,,,,,4.71906779661017,
1136,KICAP MASIN ADABI,340ml,BARANGAN BERBUNGKUS,KICAP DAN SOS,,4.604787234042553,,,,,,5.0,4.626086956521739,,,,,,,4.626966292134831,,,,,,4.608791208791209,,,,,,,4.61195652173913,
1137,SOS CILI THAI LIFE,360g,BARANGAN BERBUNGKUS,KICAP DAN SOS,,4.463980582524272,,,,,,5.0,4.464326923076923,,,,,,,4.458484848484848,,,,,,4.4672448979591834,,,,,,,4.462142857142857,
1138,SOS TIRAM MAGGI,340 g,BARANGAN BERBUNGKUS,KICAP DAN SOS,,5.715646258503401,5.8,,,,,,5.710666666666667,,,,,,,5.706081081081081,,,,,,5.707094594594595,,,,,,,5.710264900662252,
1139,SOS TOMATO LIFE,330 g,BARANGAN BERBUNGKUS,KICAP DAN SOS,,3.6735632183908047,,,,,,3.8,3.68021978021978,,,,,,,3.6808988764044948,,,,,,3.6793478260869565,,,,,,,3.729347826086957,
1140,MARJERIN PLANTA,240 g,BARANGAN BERBUNGKUS,SAPUAN (SPREADS),,7.339161676646707,7.8,,,,,,7.335031055900622,,,,,,,7.338375000000001,,,,,,7.308023952095809,,,,,,,7.301387283236995,
1141,MARJERIN DAISY,240 g,BARANGAN BERBUNGKUS,SAPUAN (SPREADS),,5.336666666666667,5.0,,,,,4.8,5.353148148148148,,,,,,,5.367477477477477,,,,,,5.415454545454546,,,,,,,5.434035087719298,
1142,SARDIN CAP ADABI (SOS TOMATO DENGAN CILI),425 g,BARANGAN BERBUNGKUS,IKAN DALAM TIN,,8.889139784946236,,,,,,,8.91020618556701,,,,,,,8.891562500000001,,,,,,8.900967741935483,,,,,,,8.902111111111111,
1144,MENTEGA KACANG HALUS LADY'S CHOICE,340 g,BARANGAN BERBUNGKUS,SAPUAN (SPREADS),,14.541538461538462,,,,,,,14.591044776119404,,,,,,,14.546969696969697,,,,,,14.554411764705883,,,,,,,14.601492537313431,
1145,NESTLE CERELAC BERAS - TIN,500 g,SUSU DAN BARANGAN BAYI,MAKANAN BAYI,,17.093956043956045,17.9,,,,,,17.223684210526315,,,,,,,17.220833333333335,,,,,,17.27079207920792,,,,,,,17.21673469387755,
1151,SANTAN KELAPA JENAMA AYAM BRAND,1 liter,BARANGAN BERBUNGKUS,SANTAN (KOTAK),,11.677866666666667,12.0,,,,,11.8,11.653670886075949,,,,,,,11.67064935064935,,,,,,11.648169934640523,,,,,,,11.640980392156862,
1153,PERENCAH TOM YAM ADABI,40 g,BARANGAN BERBUNGKUS,REMPAH RATUS (BERBUNGKUS),,2.1281410256410256,2.2,,,,,,2.125263157894737,,,,,,,2.122450331125828,,,,,,2.129032258064516,,,,,,,2.1345394736842103,
1355,100 PLUS (ORIGINAL),1.5 liter,MINUMAN,TERSEDIA MINUM,,,,,,,,,,,,,,,,,,,,,,4.063541666666667,,,,,,,,
1375,DAGING KERBAU IMPORT (INDIA) * (SILVERSIDE),1kg,BARANGAN SEGAR,DAGING,,18.7,,,,,,,18.7,,,,,,,18.7,,,,,,18.7,,,,,,,18.7,
1377,DAGING KERBAU IMPORT (INDIA) * (BLADE),1kg,BARANGAN SEGAR,DAGING,,17.7,,,,,,,17.7,,,,,,,17.7,,,,,,17.7,,,,,,,17.7,
1378,DAGING KERBAU IMPORT (INDIA) * (CHUCK),1kg,BARANGAN SEGAR,DAGING,,21.5,,,,,,,21.5,,,,,,,21.5,,,,,,21.5,,,,,,,21.5,
1391,UDANG PUTIH BESAR/BANANA PRAWN (BERAT ANTARA 41 EKOR HINGGA 60 EKOR SEKILOGRAM),1kg,BARANGAN SEGAR,BAHAN LAUT,,41.0,,,,,,,41.0,,,,,,,41.0,,,,,,41.0,,,,,,,41.0,
1396,KUBIS BULAT IMPORT (INDONESIA),1kg,BARANGAN SEGAR,SAYUR-SAYURAN,,3.5,,,,,,,3.25,,,,,,,3.25,,,,,,3.25,,,,,,,3.25,
1399,BAWANG PERAI (LEEK) TEMPATAN,1kg,BARANGAN SEGAR,SAYUR-SAYURAN,,8.0,,,,,,,8.0,,,,,,,8.0,,,,,,8.0,,,,,,,,
1400,BAWANG PERAI (LEEK) IMPORT,1kg,BARANGAN SEGAR,SAYUR-SAYURAN,,13.8225,,,,,,,13.578,,,,,,,14.745000000000001,,,,,,13.563333333333333,,,,,,,15.463333333333333,
1402,HORLICKS (PAKET),400 g,MINUMAN,BAHAN-BAHAN MINUMAN,,,,,,,,,,,,,,,,,,,,,,13.138350515463918,,,,,,,,
1412,KUBIS PANJANG CHINA - BESAR,1kg,BARANGAN SEGAR,SAYUR-SAYURAN,,6.642857142857143,,,,,,,6.460769230769231,,,,,,,6.606428571428572,,,,,,6.135454545454547,,,,,,,6.549000000000001,
1419,KACANG DAL BIASA (INDIA),1kg,BARANGAN KERING,KACANG,,6.538461538461538,,,,,,,6.538461538461538,,,,,,,6.538461538461538,,,,,,6.583333333333333,,,,,,,6.483333333333333,
1420,KACANG DAL MALAVI (INDIA),1kg,BARANGAN KERING,KACANG,,9.110000000000001,,,,,,,9.110000000000001,,,,,,,9.411111111111111,,,,,,9.27,,,,,,,9.27,
1422,KACANG DAL (AUSTRALIA),1kg,BARANGAN KERING,KACANG,,5.03865671641791,,4.9,4.9,4.9,4.9,4.9,5.01972602739726,4.9,4.9,4.9,4.9,4.9,4.9,5.016056338028169,4.9,4.9,4.9,4.9,4.9,5.041643835616439,4.9,4.9,4.9,4.9,4.9,4.9,5.072647058823529,4.9
1436,IKAN KERISI (ANTARA 5 HINGGA 10 EKOR SEKILOGRAM),1kg,BARANGAN SEGAR,BAHAN LAUT,,17.459999999999997,,,,,,,17.889499999999998,,,,,,,16.4195,,,,,,17.04388888888889,,,,,,,16.2945,
1437,IKAN SIAKAP (ANTARA 2 HINGGA 4 EKOR SEKILOGRAM),1kg,BARANGAN SEGAR,BAHAN LAUT,,19.265384615384615,,,,,,18.0,19.423076923076923,,,,,,,19.25,,,,,,19.083333333333332,,,,,,,18.8,
1438,IKAN TENGGIRI BATANG (KEPINGAN),1kg,BARANGAN SEGAR,BAHAN LAUT,,47.833333333333336,,,,,,,44.0,,,,,,,45.857142857142854,,,,,,46.0,,,,,,,45.142857142857146,
1440,BAWANG BESAR IMPORT (INDIA),1kg,BARANGAN KERING,BAWANG,,4.0588999999999995,,,,,,5.0,4.010879120879121,,,,,,,4.039021739130435,,,,,,4.014827586206896,,,,,,,4.034285714285714,
1441,BAWANG BESAR IMPORT (CHINA),1kg,BARANGAN KERING,BAWANG,,3.8333333333333335,,,,,,,3.8,,,,2.69,2.69,2.69,3.755714285714286,2.69,2.69,2.69,2.69,2.69,3.755714285714286,2.69,2.69,2.69,,,,3.9333333333333336,
1442,BAWANG KECIL MERAH BIASA IMPORT (INDIA),1kg,BARANGAN KERING,BAWANG,,4.368421052631579,,,,,,6.0,4.4941176470588236,,,,,,,4.466666666666667,,,,,,4.501538461538462,,,,,,,4.598245614035088,
1443,BAWANG KECIL MERAH IMPORT (CHINA),1kg,BARANGAN KERING,BAWANG,,5.0,,,,,,,5.25,,,,,,,5.0,,,,,,5.0,,,,,,,5.0,
1444,BAWANG KECIL MERAH IMPORT (MYANMAR),1kg,BARANGAN KERING,BAWANG,,4.8,,,,,,,4.8,,,,,,,4.8,,,,,,4.8,,,,,,,5.3,
1458,KUBIS BULAT IMPORT (BEIJING),1kg,BARANGAN SEGAR,SAYUR-SAYURAN,4.79,5.555384615384615,3.79,3.79,4.79,4.79,,5.395,5.499024390243902,4.79,4.79,4.79,3.89,3.89,4.79,5.475,4.79,,4.79,4.79,4.79,5.474,4.79,4.79,4.79,4.79,4.79,,5.520652173913043,4.79
1463,KRIMER SEJAT CARNATION,390g,BARANGAN BERBUNGKUS,KRIMER DAN SUSU TEPUNG,,4.160188679245283,,,,,,4.0,4.192407407407408,,,,,,,4.197962962962963,,,,,,4.205471698113207,,,,,,,4.194259259259259,
1474,BERAS BASMATHI - FAIZA (KASHMIR),5 kg,BARANGAN BERBUNGKUS,BERAS,30.9,32.979166666666664,,30.9,30.9,,,,33.16086956521739,,,,,,,33.3,,,,,,33.473684210526315,,,,30.9,30.9,30.9,32.75555555555556,30.9
1476,IKAN KEMBUNG (ANTARA 8 HINGGA 12 EKOR SEKILOGRAM),1kg,BARANGAN SEGAR,BAHAN LAUT,,16.574193548387097,,,,,,24.0,16.98181818181818,,,,,,,16.48125,,,,,,15.646666666666667,,,,,,,15.35,
1477,IKAN MABUNG (ANTARA 6 HINGGA 10 EKOR SEKILOGRAM),1kg,BARANGAN SEGAR,BAHAN LAUT,,24.975,,,,,,,24.225,,,,,,,22.178,,,,,,19.998,,,,,,,20.198,
1479,BROKOLI,1kg,BARANGAN SEGAR,SAYUR-SAYURAN,10.79,12.817906976744185,10.79,10.79,10.79,10.79,10.79,16.0,12.978636363636362,10.79,10.79,10.79,10.79,10.79,10.79,12.765897435897436,10.79,10.79,8.99,8.99,8.99,12.417631578947368,8.99,8.99,8.99,8.99,8.99,8.99,12.78925,8.99
1481,KUBIS BUNGA (CAULIFLOWER),1kg,BARANGAN SEGAR,SAYUR-SAYURAN,,9.378,,,,,,12.0,9.284918032786885,,,8.99,8.99,8.99,8.99,9.28671875,8.99,8.99,8.99,8.99,8.99,9.561639344262295,8.99,8.99,8.99,8.99,8.99,8.99,9.520153846153846,8.99
1482,KUBIS PANJANG (TEMPATAN),1kg,BARANGAN SEGAR,SAYUR-SAYURAN,4.59,6.217692307692308,4.59,4.59,4.59,4.59,4.59,4.59,6.201538461538462,4.59,4.59,4.59,4.59,4.59,4.59,6.522,4.59,,4.89,,,6.537857142857143,,,,,,,6.364375,
1483,MEE KUNING BASAH (PELBAGAI JENAMA),+-450g,BARANGAN SEGAR,MEE/KUETIAU,1.35,1.6863095238095238,1.35,1.35,1.35,1.35,1.35,1.35,1.7157608695652173,1.35,1.35,1.35,1.35,1.35,1.35,1.7279569892473117,1.35,1.35,1.35,1.35,1.35,1.7304347826086954,1.35,1.35,1.35,1.35,1.35,1.35,1.7277777777777779,1.35
1484,KUETIAU BASAH (PELBAGAI JENAMA),+-450g,BARANGAN SEGAR,MEE/KUETIAU,1.29,1.6133870967741937,1.29,1.29,1.29,1.29,1.29,1.29,1.6322222222222222,1.55,1.55,1.55,1.55,1.55,1.55,1.6379365079365078,1.55,1.55,1.55,1.55,1.55,1.65375,1.55,1.55,1.55,1.55,1.55,1.55,1.6575384615384614,1.55
1485,EPAL HIJAU GRANNY SMITH (SAIZ M),1 biji,BARANGAN SEGAR,BUAH-BUAHAN,,1.6,,,,,,,1.6,,,,,,,1.6,,,,,,1.6,,,,,,,1.6,
1486,EPAL MERAH RED DELICIOUS (SAIZ M),1 biji,BARANGAN SEGAR,BUAH-BUAHAN,,1.5,,,,,,,1.5,,,,,,,,,,,,,,,,,,,,,
1487,OREN VALENCIA (SAIZ M),1 biji,BARANGAN SEGAR,BUAH-BUAHAN,,1.3,,,,,,,1.55,,,,,,,1.3,,,,,,1.6,,,,,,,1.9,
1489,ASAM JAWA (BERBIJI) PELBAGAI JENAMA,200 g,BARANGAN BERBUNGKUS,REMPAH RATUS (BERBUNGKUS),,1.5542056074766357,,,,,,,1.5538461538461539,,,,,,,1.5601851851851851,,,,,,1.5587155963302752,,,,,,,1.5600000000000003,
1491,BERAS PULUT THAILAND (SUSU) PELBAGAI JENAMA,1kg,BARANGAN BERBUNGKUS,BERAS,9.3,6.924615384615384,9.3,9.3,9.3,9.3,9.3,9.3,6.9176363636363645,9.3,9.3,9.3,9.3,9.3,9.3,6.953461538461538,9.3,9.3,9.3,9.3,9.3,6.956226415094339,9.3,9.3,9.3,9.3,9.3,9.3,7.064897959183674,9.3
1492,BERAS PULUT THAILAND (BIASA) PELBAGAI JENAMA,1kg,BARANGAN BERBUNGKUS,BERAS,,5.794366197183098,,,,,,,5.835135135135135,,,,,,,5.872972972972973,,,,,,5.916666666666667,,,,,,,5.95,
1493,BIHUN KERING TEMPATAN (CAP JASMINE),400 g,BARANGAN BERBUNGKUS,BIHUN,,3.1953191489361705,,,,,,,3.1995652173913043,,,,,,,3.2106666666666666,,,,,,3.204,,,,,,,3.204634146341463,
1494,ROTI GARDENIA BREAKTHRU - ROTI GANDUM PENUH,400 g,BARANGAN BERBUNGKUS,ROTI,,4.0,,,,,,,4.0,,,,,,,4.0,,,,,,4.0,,,,,,,4.0,
1498,TEPUNG JAGUNG (PELBAGAI JENAMA),400 g,BARANGAN BERBUNGKUS,TEPUNG,,2.2435632183908045,,,,,,,2.241885714285714,,,,,,,2.2417415730337082,,,,,,2.2374576271186437,,,,,,,2.233693181818182,
1505,DUTCH LADY UHT COKLAT (KOTAK),200 ml,MINUMAN,TERSEDIA MINUM,,,,,,,,,,,,,,,,,,,,,,1.9727272727272727,,,,,,,,
1506,DUTCH LADY UHT FULL CREAM (KOTAK),200 ml,MINUMAN,TERSEDIA MINUM,,,,,,,,,,,,,,,,,,,,,,1.9545454545454546,,,,,,,,
1507,COCA COLA (TIN),320 ml,MINUMAN,TERSEDIA MINUM,,,,,,,,,,,,,,,,,,,,,,1.955140186915888,,,,,,,,
1512,MAMEX LANGKAH 1 - RUMUSAN BAYI (KOTAK),600 g,SUSU DAN BARANGAN BAYI,SUSU BAYI,,67.32222222222224,,,,,,,67.32222222222224,,,,,,,67.32222222222224,,,,,,67.32222222222224,,,,,,,67.32222222222224,
1513,SUSTAGEN KID 3+ (VANILLA) - KOTAK,600 g,SUSU DAN BARANGAN BAYI,SUSU BAYI,,36.83157894736842,,,,,,,36.73157894736842,,,,,,,36.73157894736842,,,,,,36.69444444444444,,,,,,,36.65235294117647,
1514,SUSTAGEN JUNIOR 1+ (VANILLA ) - KOTAK,600 g,SUSU DAN BARANGAN BAYI,SUSU BAYI,,39.08125,39.7,,,,,,39.073684210526324,,,,,,,39.073684210526324,,,,,,38.995000000000005,,,,,,,38.91578947368421,
1515,HEINZ FARLEY RUSKS (ORIGINAL),120 g,SUSU DAN BARANGAN BAYI,MAKANAN BAYI,,8.214285714285714,,,,,,,8.375,,,,,,,8.375,,,,,,8.375,,,,,,,8.442857142857143,
1517,HEINZ APPLE PUREE,110 g,SUSU DAN BARANGAN BAYI,MAKANAN BAYI,,7.3,,,,,,,7.3,,,,,,,7.3,,,,,,7.3,,,,,,,7.3,
1524,BERUS GIGI COLGATE (ZIG ZAG - SOFT),1 batang,PRODUK KEBERSIHAN,PENJAGAAN DIRI,,,,,,,,,,,,,,,,,,,,,,4.054395604395604,,,,,,,,
1525,BERUS GIGI ORAL B (COMPLETE EASY CLEAN - SOFT),1 batang,PRODUK KEBERSIHAN,PENJAGAAN DIRI,,,,,,,,,,,,,,,,,,,,,,4.235294117647059,,,,,,,,
1538,SABUN PENCUCI AXION PASTE (LEMON),350 g,PRODUK KEBERSIHAN,PENJAGAAN RUMAH,,,,,,,,,,,,,,,,,,,,,,4.202025316455697,,,,,,,,
1539,SABUN PENCUCI KUAT HARIMAU (LEMON),400 g,PRODUK KEBERSIHAN,PENJAGAAN RUMAH,,,,,,,,,,,,,,,,,,,,,,3.0060606060606063,,,,,,,,
1540,SABUN PENCUCI GLO (LEMON),900ml,PRODUK KEBERSIHAN,PENJAGAAN RUMAH,,,,,,,,,,,,,,,,,,,,,,6.361454545454546,,,,,,,,
1544,SERBUK NASI GORENG CINA ADABI,17 g,BARANGAN BERBUNGKUS,REMPAH RATUS (BERBUNGKUS),,1.328046875,,,,,,,1.323787878787879,,,,,,,1.320916030534351,,,,,,1.3236090225563912,,,,,,,1.326818181818182,
1545,PERENCAH NASI GORENG IKAN BILIS SERI AJI,26G,BARANGAN BERBUNGKUS,REMPAH RATUS (BERBUNGKUS),,1.423148148148148,1.4,,,,,,1.4221153846153847,,,,,,,1.4223214285714285,,,,,,1.4267241379310345,,,,,,,1.4330357142857142,
1547,PEPSI COLA (TIN),320 ml,MINUMAN,TERSEDIA MINUM,,,,,,,,,,,,,,,,,,,,,,1.938421052631579,,,,,,,,
1550,PAHA AYAM (CHICKEN DRUMSTICK),1kg,BARANGAN SEGAR,AYAM,,15.081818181818182,,,,,,,15.290000000000001,,,,,,,15.14,,,,,,14.877777777777778,,,,,,,15.433333333333334,
1551,DADA AYAM (CHICKEN KEEL) (1KG),1kg,BARANGAN SEGAR,AYAM,,14.872727272727273,,,,,,,14.681818181818182,,,,,,,14.624166666666667,,,,,,14.624166666666667,,,,,,,14.624166666666667,
1552,THIGH AYAM,1kg,BARANGAN SEGAR,AYAM,,,,,,,,,,,,,,,,,,,,,,14.5,,,,,,,,
1553,WHOLE LEG AYAM,1kg,BARANGAN SEGAR,AYAM,,15.330434782608696,,,,,,,15.221304347826086,,,,,,,15.270416666666668,,,,,,15.270416666666668,,,,,,,15.04304347826087,
1554,IKAN MERAH (KEPINGAN),1kg,BARANGAN SEGAR,BAHAN LAUT,,48.225,,,,,,,48.975,,,,,,,50.300000000000004,,,,,,54.0,,,,,,,48.99666666666667,
1555,UDANG PUTIH/VANNAMEI (TERNAK) (ANTARA 41 HINGGA 60 EKOR SEKILOGRAM),1kg,BARANGAN SEGAR,BAHAN LAUT,,33.4934375,33.99,33.99,33.99,33.99,,34.0,32.69363636363636,33.99,33.99,33.99,33.99,33.99,33.99,33.140882352941176,,,,,,33.084848484848486,,,33.99,33.99,33.99,33.99,33.45085714285714,33.99
1556,BAYAM HIJAU,1kg,BARANGAN SEGAR,SAYUR-SAYURAN,,6.109677419354839,,,,,,,6.058064516129033,,,,,,,5.996666666666667,,,,,,5.925714285714286,,,,,,,5.972727272727273,
1557,BAYAM MERAH,1kg,BARANGAN SEGAR,SAYUR-SAYURAN,,6.8,,,,,,,6.84875,,,,,,,6.7727272727272725,,,,,,7.0,,,,,,,7.666666666666667,
1558,SAWI HIJAU,1kg,BARANGAN SEGAR,SAYUR-SAYURAN,,6.058620689655173,,,,,,7.0,5.967241379310345,,,,,,,6.091228070175438,,,,,,5.9852459016393444,,,,,,,6.166666666666667,
1559,KANGKUNG,1kg,BARANGAN SEGAR,SAYUR-SAYURAN,,5.9222222222222225,,,,,,6.0,5.7331111111111115,,,,,,,6.024418604651163,,,,,,5.82093023255814,,,,,,,5.74139534883721,
1560,KAILAN,1kg,BARANGAN SEGAR,SAYUR-SAYURAN,,9.14,,,,,,10.0,8.965172413793104,,,,,,,8.973076923076924,,,,,,8.766666666666666,,,,,,,8.6175,
1561,TAUGE KACANG HIJAU,1kg,BARANGAN SEGAR,SAYUR-SAYURAN,4.99,4.415454545454545,4.99,4.99,4.99,4.99,4.99,4.995,4.463695652173913,4.99,4.99,4.99,4.99,4.99,4.99,4.479791666666666,4.99,4.99,4.99,4.99,4.99,4.5506,4.99,4.99,4.99,4.99,4.99,4.99,4.5506,4.99
1562,UDANG KERING,100 g,BARANGAN KERING,HASIL LAUT KERING,,7.1778571428571425,,,,,,,7.1778571428571425,,,,,,,7.513571428571429,,,,,,7.318125,,,,,,,7.304736842105263,
1563,SOTONG KERING (SAIZ SERDAHANA),1kg,BARANGAN KERING,HASIL LAUT KERING,,91.66666666666667,,,,,,,91.66666666666667,,,,,,,61.666666666666664,,,,,,60.666666666666664,,,,,,,68.5,
1564,BAWANG PUTIH IMPORT (CHINA),1kg,BARANGAN KERING,BAWANG,12.59,11.643758865248227,12.59,12.59,12.59,12.59,12.59,12.795,11.669448275862068,12.59,12.59,12.59,12.59,12.59,12.59,11.68090909090909,12.59,12.59,12.59,12.59,12.59,11.817847222222222,12.59,12.59,12.59,12.59,12.59,12.59,11.854785714285715,12.59
1566,SERBUK KARI IKAN (TIDAK BERBUNGKUS),100 g,BARANGAN BERBUNGKUS,REMPAH RATUS (TIDAK BERBUNGKUS),,3.5,,,,,,,3.5,,,,,,,3.5,,,,,,3.5,,,,,,,3.5,
1567,SERBUK KARI DAGING (TIDAK BERBUNGKUS),100 g,BARANGAN BERBUNGKUS,REMPAH RATUS (TIDAK BERBUNGKUS),,3.5,,,,,,,3.5,,,,,,,3.5,,,,,,3.5,,,,,,,3.5,
1568,SERBUK KARI IKAN ADABI,250 g,BARANGAN BERBUNGKUS,REMPAH RATUS (BERBUNGKUS),,5.8188607594936705,6.5,,,,,,5.8248750000000005,,,,,,,5.8290683229813665,,,,,,5.833630573248407,,,,,,,5.8347096774193545,
1569,SERBUK KARI IKAN ALAGAPPAS,250 g,BARANGAN BERBUNGKUS,REMPAH RATUS (BERBUNGKUS),,5.21074074074074,,,,,,5.2,5.347777777777777,,,,,,,5.37037037037037,,,,,,5.4111111111111105,,,,,,,5.45,
1570,SERBUK KARI AYAM DAN DAGING ADABI,250 g,BARANGAN BERBUNGKUS,REMPAH RATUS (BERBUNGKUS),,5.88173076923077,,,,,,,5.871818181818182,,,,,,,5.876666666666667,,,,,,5.889263803680982,,,,,,,5.926729559748428,
1571,SERBUK KARI DAGING ALAGAPPAS,250 g,BARANGAN BERBUNGKUS,REMPAH RATUS (BERBUNGKUS),,5.251481481481481,,,,,,5.2,5.318148148148148,,,,,,,5.360714285714286,,,,,,5.4,,,,,,,5.43448275862069,
1572,SERBUK KARI DAGING BABAS,250 g,BARANGAN BERBUNGKUS,REMPAH RATUS (BERBUNGKUS),,5.851780821917808,5.9,,,,,,5.913288888888889,,,,,,,5.991659192825113,,,,,,6.064886877828054,,,,,,,6.100627802690584,
1573,SERBUK KURMA AYAM & DAGING ADABI,250 g,BARANGAN BERBUNGKUS,REMPAH RATUS (BERBUNGKUS),,7.811118881118881,8.6,,,,,,7.811901408450704,,,,,,,7.804825174825174,,,,,,7.829383561643835,,,,,,,7.83423611111111,
1575,SERBUK KURMA BABAS,125 g,BARANGAN BERBUNGKUS,REMPAH RATUS (BERBUNGKUS),,3.7132653061224485,,,,,,3.5,3.7377551020408166,,,,,,,3.7609999999999997,,,,,,3.802857142857143,,,,,,,3.811111111111111,
1576,SERBUK KARI KURMA ALAGAPPAS,200 g,BARANGAN BERBUNGKUS,REMPAH RATUS (BERBUNGKUS),,5.233333333333333,,,,,,6.5,5.2272727272727275,,,,,,,5.2749999999999995,,,,,,5.3538461538461535,,,,,,,5.384615384615385,
1577,SERBUK PERENCAH SUP ADABI,250 g,BARANGAN BERBUNGKUS,REMPAH RATUS (BERBUNGKUS),,7.783825503355705,8.8,,,,,,7.786326530612245,,,,,,,7.783493150684932,,,,,,7.813124999999999,,,,,,,7.807569444444444,
1578,SERBUK REMPAH SUP MAK SITI,250 g,BARANGAN BERBUNGKUS,REMPAH RATUS (BERBUNGKUS),,10.325,,,,,,,10.325,,,,,,,10.325,,,,,,10.8875,,,,,,,11.299999999999999,
1579,SERBUK SUP FAIZA,220 g,BARANGAN BERBUNGKUS,REMPAH RATUS (BERBUNGKUS),,5.642142857142858,,,,,,,5.676153846153846,,,,,,,5.699333333333334,,,,,,5.719333333333334,,,,,,,5.719333333333334,
1582,BERAS CAP JASMINE (SST5%),10 kg,BARANGAN BERBUNGKUS,BERAS,,26.0,,,,,,,,,,,,,,,,,,,,26.0,,,,,,,26.0,
1583,BERAS SUPER CAP JATI TWR  5% (IMPORT),10 kg,BARANGAN BERBUNGKUS,BERAS,,,,,,,,,,,,,,,,42.9,,,,,,,,,,,,,42.9,
1585,BIHUN KERING IMPORT (CAP BINTANG),400 g,BARANGAN BERBUNGKUS,BIHUN,,3.8106060606060606,,,,,,,3.803225806451613,,,,,,,3.8,,,,,,3.836363636363636,,,,,,,3.840625,
1586,ROTI SANDWICH MASSIMO DENGAN GERMA GANDUM,400 g,BARANGAN BERBUNGKUS,ROTI,,3.4,,,,,,,3.4,,,,,,,3.4,,,,,,3.4,,,,,,,3.4,
1587,GULA HALUS CASTOR (PELBAGAI JENAMA),+- 500g,BARANGAN BERBUNGKUS,GULA,,3.1641975308641976,,,,,,,3.1710843373493973,,,,,,,3.16875,,,,,,3.1914634146341463,,,,,,,3.1986842105263156,
1588,GULA MERAH LEMBUT (PELBAGAI JENAMA),+- 500g,BARANGAN BERBUNGKUS,GULA,,3.547714285714285,,,,,,,3.563055555555555,,,,,,,3.5877142857142856,,,,,,3.5855405405405403,,,,,,,3.596142857142857,
1589,GULA PUTIH BERTAPIS KASAR (PELBAGAI JENAMA),1kg,BARANGAN BERBUNGKUS,GULA,,2.85,,,,,,2.85,2.85,,,,,,,2.85,,,,,,2.85,,,,,,,2.85,
1590,GULA PUTIH BERTAPIS HALUS (PELBAGAI JENAMA),1kg,BARANGAN BERBUNGKUS,GULA,,2.9500000000000006,,,,,,,2.95,,,,,,,2.95,,,,,,2.9500000000000006,,,,,,,2.9500000000000006,
1591,TEPUNG BERAS (PELBAGAI JENAMA),500 g,BARANGAN BERBUNGKUS,TEPUNG,,2.5971354166666667,3.0,,,,,,2.6121319796954316,,,,,,,2.626683937823834,,,,,,2.6382051282051284,,,,,,,2.645897435897436,
1594,TEPUNG PULUT (PELBAGAI JENAMA),500 g,BARANGAN BERBUNGKUS,TEPUNG,,3.7353030303030303,,,,,,,3.7444554455445545,,,,,,,3.7342156862745095,,,,,,3.7400980392156864,,,,,,,3.7296078431372552,
1595,MINYAK JAGUNG CAP DAISY,2 kg,BARANGAN BERBUNGKUS,MINYAK DAN LEMAK,,31.64390243902439,30.9,,,,,,31.723255813953486,,,,,,,31.74090909090909,,,,,,31.763636363636362,,,,,,,31.76046511627907,
1596,MINYAK JAGUNG CAP MAZOLA,2 kg,BARANGAN BERBUNGKUS,MINYAK DAN LEMAK,,27.9,,,,,,,27.9,,,,,,,27.9,,,,,,27.9,,,,,,,27.9,
1597,MINYAK JAGUNG CAP VECORN,2 kg,BARANGAN BERBUNGKUS,MINYAK DAN LEMAK,,31.080384615384617,,,,,,,30.71695652173913,,,,,,,30.691599999999998,,,,,,30.691599999999998,,,,,,,31.067600000000002,
1598,MINYAK MASAK SEBATIAN CAP HELANG,2 kg,BARANGAN BERBUNGKUS,MINYAK DAN LEMAK,,15.993181818181819,15.9,,,,,,16.004651162790697,,,,,,,16.064102564102566,,,,,,16.06756756756757,,,,,,,16.134285714285713,
1599,MINYAK MASAK SEBATIAN CAP NEPTUNE,2 kg,BARANGAN BERBUNGKUS,MINYAK DAN LEMAK,,15.4,,,,,,,15.549999999999999,,,,,,,15.549999999999999,,,,,,15.549999999999999,,,,,,,15.98,
1600,MINYAK MASAK SEBATIAN CAP PISAU,2 kg,BARANGAN BERBUNGKUS,MINYAK DAN LEMAK,,15.924999999999999,,,,,,,15.920000000000002,,,,,,,15.825641025641026,,,,,,15.905555555555557,,,,,,,15.85875,
1601,MINYAK MASAK TULEN CAP BURUH,2 kg,BARANGAN BERBUNGKUS,MINYAK DAN LEMAK,,13.26313432835821,,,,,,13.3,13.264025974025976,,13.3,13.3,13.3,13.3,13.3,13.264133333333332,13.3,13.3,13.3,13.3,13.3,13.26211267605634,13.3,13.3,13.3,13.3,13.3,13.3,13.254246575342467,13.3
1602,MINYAK MASAK TULEN CAP VESAWIT,2 kg,BARANGAN BERBUNGKUS,MINYAK DAN LEMAK,,13.278688524590164,,,,,,,13.271428571428572,,13.3,13.3,13.3,13.3,13.3,13.25344827586207,12.9,12.9,12.9,12.9,12.9,13.250000000000002,12.9,13.3,13.3,13.3,13.3,13.3,13.258620689655174,13.3
1603,MINYAK SAPI CAP WINDMILL GHEEBLEND,400 g,BARANGAN BERBUNGKUS,MINYAK DAN LEMAK,,18.782235294117648,,,,,,,18.762235294117648,,,,,,,18.75784090909091,,,,,,18.774333333333335,,,,,,,18.77602272727273,
1604,ASAM JAWA (TIDAK BERBIJI) ADABI,200 g,BARANGAN BERBUNGKUS,REMPAH RATUS (BERBUNGKUS),,4.936408450704225,5.4,,,,,,4.924791666666668,,,,,,,4.926689655172414,,,,,,4.929931506849315,,,,,,,4.9458552631578945,
1605,GARAM HALUS BIASA (PELBAGAI JENAMA),+-350g,BARANGAN BERBUNGKUS,REMPAH RATUS (BERBUNGKUS),,1.2231999999999998,1.3,,,,,,1.2096103896103896,,,,,,,1.2169620253164557,,,,,,1.2235897435897436,,,,,,,1.233,
1606,MENTEGA KACANG HALUS LADY'S CHOICE,500 g,BARANGAN BERBUNGKUS,SAPUAN (SPREADS),,17.83529411764706,17.3,,,,,,17.84054054054054,,,,,,,17.768571428571427,,,,,,17.88285714285714,,,,,,,17.852777777777778,
1607,LEPAAN FARMCOWS,250 g,BARANGAN BERBUNGKUS,SAPUAN (SPREADS),,6.1945,,,,,,,6.243125,,,,,,,6.228823529411764,,,,,,6.182777777777778,,,,,,,6.1445,
1608,LEPAAN BUTTERCUP,250 g,BARANGAN BERBUNGKUS,SAPUAN (SPREADS),,7.188333333333334,,,,,,,7.232666666666666,,,,,,,7.392666666666667,,,,,,7.2075000000000005,,,,,,,7.439333333333334,
1609,MENTEGA SCS (SALTED),250 g,BARANGAN BERBUNGKUS,MENTEGA,,11.5,,,,,,,11.5,,,,,,,11.5,,,,,,11.5,,,,,,,11.5,
1610,SANTAN KELAPA JENAMA M&S,500 ml,BARANGAN BERBUNGKUS,SANTAN (KOTAK),,6.61125,,,,,,,6.6034999999999995,,,,,,,6.590769230769231,,,,,,6.590769230769231,,,,,,,6.569473684210527,
1611,SANTAN KELAPA JENAMA KARA,200 ml,BARANGAN BERBUNGKUS,SANTAN (KOTAK),,3.2039303482587065,,,,,,3.0,3.2086138613861386,,,,,,,3.2077941176470586,,,,,,3.2096517412935324,,,,,,,3.209402985074627,
1612,SANTAN KELAPA JENAMA HARMUNI,200 ml,BARANGAN BERBUNGKUS,SANTAN (KOTAK),,3.25625,,,,,,,3.2733333333333334,,,,,,,3.24375,,,,,,3.2937499999999997,,,,,,,3.3000000000000003,
1613,ESEN STAR BRAND 'PELBAGAI PERISA',25 ml,BARANGAN BERBUNGKUS,ESEN DAN RAGI,,2.894406779661017,3.0,,,,,2.6,2.9011797752808985,,,,,,,2.9000558659217877,,,,,,2.8978212290502796,,,,,,,2.9000555555555554,
1615,MENTEGA ANCHOR (SALTED),227g,BARANGAN BERBUNGKUS,MENTEGA,,13.286842105263156,14.5,,,,,,13.27857142857143,,,,,,,13.183333333333334,,,,,,13.230952380952383,,,,,,,13.230952380952383,
1616,MAURIPAN YIS SEGERA,11g,BARANGAN BERBUNGKUS,ESEN DAN RAGI,,1.2129166666666669,,,,,,1.2,1.217741935483871,,,,,,,1.2173553719008265,,,,,,1.2225806451612902,,,,,,,1.222950819672131,
1618,SUSU ISIAN PEKAT MANIS CAP F & N,500 g,BARANGAN BERBUNGKUS,KRIMER DAN SUSU TEPUNG,,4.35,,,,,,,4.35,,,,,,,4.35,,,,,,4.3999999999999995,,,,,,,4.5,
1619,SUSU TEPUNG SEGERA DUTCHLADY (BIASA ),600 g,BARANGAN BERBUNGKUS,KRIMER DAN SUSU TEPUNG,,19.372413793103448,19.05,,,,,,19.392857142857142,,,,,,,19.342307692307692,,,,,,19.382142857142856,,,,,,,19.382142857142856,
1623,S-26 SMA RUMUSAN BAYI LANGKAH 1 - (KOTAK),600 g,SUSU DAN BARANGAN BAYI,SUSU BAYI,,59.740625,,,,,,,60.39142857142857,,,,,,,60.53636363636364,,,,,,60.80909090909091,,,,,,,61.04848484848485,
1624,S-26 GOLD SMA RUMUSAN BAYI LANGKAH 1 - (KOTAK),600 g,SUSU DAN BARANGAN BAYI,SUSU BAYI,,79.16458333333334,,,,,,,79.22727272727273,,,,,,,79.27142857142857,,,,,,79.27894736842104,,,,,,,79.16842105263159,
1628,NESTLE CERELAC GANDUM DAN MADU - KOTAK,225g,SUSU DAN BARANGAN BAYI,MAKANAN BAYI,,9.990425531914894,10.0,,,,,,10.004123711340206,,,,,,,10.012,,,,,,10.037,,,,,,,10.044,
1629,NESTLE CERELAC BERAS MERAH & SUSU - TIN,350 g,SUSU DAN BARANGAN BAYI,MAKANAN BAYI,,14.830116279069768,,,,,,,14.867666666666668,,,,,,,14.895862068965517,,,,,,14.951555555555556,,,,,,,14.96857142857143,
1630,BERUS GIGI COLGATE (TWISTER - SOFT),1 batang,PRODUK KEBERSIHAN,PENJAGAAN DIRI,,,,,,,,,,,,,,,,,,,,,,4.705405405405405,,,,,,,,
1635,NESTLE COFFEE-MATE,450 g,MINUMAN,BAHAN-BAHAN MINUMAN,,,,,,,,,,,,,,,,,,,,,,9.577702702702704,,,,,,,,
1636,MILO (PAKET),400 g,MINUMAN,BAHAN-BAHAN MINUMAN,,,,,,,,,,,,,,,,,,,,,,9.936767676767676,,,,,,,,
1637,MILO (PAKET),1kg,MINUMAN,BAHAN-BAHAN MINUMAN,,,,,,,,,,,,,,,,,,,,,,21.291516587677727,,,,,,,,
1638,MILO 3 IN 1 (PAKET) - ORIGINAL,30x33g,MINUMAN,BAHAN-BAHAN MINUMAN,,,,,,,,,,,,,,,,,,,,,,26.44458333333333,,,,,,,,
1645,SERBUK KOPI CAP KAPAL API (KASAR) (BERBUNGKUS),180 g,MINUMAN,BAHAN-BAHAN MINUMAN,,,,,,,,,,,,,,,,,,,,,,4.758139534883721,,,,,,,,
1646,SERBUK KOPI HANG TUAH ROBUSTA,200 g,MINUMAN,BAHAN-BAHAN MINUMAN,,,,,,,,,,,,,,,,,,,,,,5.155555555555556,,,,,,,,
1647,TEH LIPTON (SERBUK),400 g,MINUMAN,BAHAN-BAHAN MINUMAN,,,,,,,,,,,,,,,,,,,,,,12.335714285714287,,,,,,,,
1650,TEH LIPTON (UNCANG),100 beg,MINUMAN,BAHAN-BAHAN MINUMAN,,,,,,,,,,,,,,,,,,,,,,16.223516483516484,,,,,,,,
1651,YEO'S SOYA (KOTAK),250 ml,MINUMAN,TERSEDIA MINUM,,,,,,,,,,,,,,,,,,,,,,1.163768115942029,,,,,,,,
1804,KEPAK AYAM (CHICKEN WING) (1KG),1kg,BARANGAN SEGAR,AYAM,,15.603030303030302,,,,,,,15.668571428571427,,,,,,,15.694166666666668,,,,,,15.70257142857143,,,,,,,15.807058823529413,
1818,KACANG BOTOL,1kg,BARANGAN SEGAR,SAYUR-SAYURAN,,14.985,,,,,,,14.010526315789473,,,,,,,14.414285714285715,,,,,,14.561904761904762,,,,,,,15.705263157894736,
1819,LENGKUAS,1kg,BARANGAN SEGAR,SAYUR-SAYURAN,8.9,8.999848484848485,8.9,8.9,8.9,8.9,8.9,10.45,8.942272727272728,8.9,8.9,8.9,8.9,8.9,8.9,8.956984126984127,8.9,8.9,8.9,8.9,,8.942698412698412,,,8.9,8.9,8.9,8.9,9.024461538461539,8.9
1820,TELUR MASIN,1 biji,BARANGAN SEGAR,TELUR,,1.4010752688172043,,,,,,,1.4010416666666667,,,,,,,1.3979381443298968,,,,,,1.3959183673469386,,,,,,,1.3969072164948453,
1821,TELUR MASIN,4 Biji,BARANGAN SEGAR,TELUR,6.4,5.8755555555555565,6.4,6.4,6.4,6.4,6.4,6.4,5.868085106382979,6.4,6.4,6.4,6.4,6.4,6.4,5.84375,6.4,6.4,6.4,6.4,6.4,5.852083333333334,6.4,6.4,6.4,6.4,6.4,6.4,5.879591836734694,6.4
1822,BERAS SUPER SPECIAL TEMPATAN SABAH RICE VAGAS TOKOU,10 kg,BARANGAN BERBUNGKUS,BERAS,,39.75,,,,,,,40.5,,,,,,,36.25,,,,,,32.0,,,,,,,,
1823,BERAS TQR SABAH CAP TKC 5%,10 kg,BARANGAN BERBUNGKUS,BERAS,,35.15,,,,,,,33.5,,,,,,,33.5,,,,,,,,,,,,,35.9,
1824,BERAS SUPER HUMA CAP KELISA EMAS (SABAH),10 kg,BARANGAN BERBUNGKUS,BERAS,,,,,,,,,,,,,,,,33.8,,,,,,33.8,,,,,,,34.5,
1825,BERAS SUPER CAP ANGGUR SAZARICE 5% (IMPORT THAILAND),10 kg,BARANGAN BERBUNGKUS,BERAS,,37.457142857142856,,,,,,,30.0,,,,,,,28.681818181818183,,,,,,28.626666666666665,,,,,,,28.759999999999998,
1826,BERAS SUPER CAP RODA SAZARICE 5% (IMPORT THAILAND),10 kg,BARANGAN BERBUNGKUS,BERAS,,36.89,,,,,,,29.642857142857142,,,,,,,28.35,,,,,,28.266666666666666,,,,,,,28.4375,
1827,"TEPUNG GANDUM NGP (BERBUNGKUS, CAP MUHIBAH)",1kg,BARANGAN BERBUNGKUS,TEPUNG,,3.790909090909091,,,,,,,3.79,,,,,,,3.809090909090909,,,,,,3.8166666666666664,,,,,,,3.807142857142857,
1828,KICAP SOYA PEKAT MANIS CAP AYAM,330 ml,BARANGAN BERBUNGKUS,KICAP DAN SOS,,3.472666666666667,3.4,,,,,,3.468125,,,,,,,3.461875,,,,,,3.461875,,,,,,,3.458235294117647,
1829,BUTTERLITE (LEPA SUSU ISTIMEWA),250 g,BARANGAN BERBUNGKUS,SAPUAN (SPREADS),,7.720000000000001,,,,,,,7.720000000000001,,,,,,,7.720000000000001,,,,,,7.65,,,,,,,7.720000000000001,
1833,BERAS PREMIUM CAP UNCLE TAN,10 kg,BARANGAN BERBUNGKUS,BERAS,,39.6875,,,,,,,36.72222222222222,,,,,,,30.9,,,,,,30.928571428571427,,,,,,,31.0,
1837,KICAP TONG NAM (DARK SOY SAUCE),330 ml,BARANGAN BERBUNGKUS,KICAP DAN SOS,,3.6,,,,,,,3.563636363636364,,,,,,,3.5749999999999997,,,,,,3.553846153846154,,,,,,,3.533333333333333,
1838,SERBUK KARI IKAN ALAGAPPAS,200 g,BARANGAN BERBUNGKUS,REMPAH RATUS (BERBUNGKUS),,4.68,,,,,,,4.766666666666667,,,,,,,4.828571428571428,,,,,,4.828571428571428,,,,,,,4.766666666666667,
1839,SERBUK KARI DAGING ALAGAPPAS,200 g,BARANGAN BERBUNGKUS,REMPAH RATUS (BERBUNGKUS),,5.0200000000000005,,,,,,,5.08,,,,,,,5.08,,,,,,5.08,,,,,,,5.08,
1849,TEPUNG NAIK SENDIRI CAP 'BLUE KEY',1kg,BARANGAN BERBUNGKUS,TEPUNG,,5.408444444444444,,,,,,,5.406666666666667,,,,,,,5.4040449438202245,,,,,,5.405054945054945,,,,,,,5.414,
1851,TENOM COFFEE WANG EMAS (SERBUK),180 g,MINUMAN,BAHAN-BAHAN MINUMAN,,,,,,,,,,,,,,,,,,,,,,4.25,,,,,,,,
1852,DESA FRESH MILK (KOTAK),1 liter,MINUMAN,TERSEDIA MINUM,,,,,,,,,,,,,,,,,,,,,,7.0,,,,,,,,
1854,KORDIAL F&N SUN VALLEY (GRENADINE),2 liter,MINUMAN,BAHAN-BAHAN MINUMAN,,,,,,,,,,,,,,,,,,,,,,11.463513513513513,,,,,,,,
1870,"TEPUNG GANDUM NGP (BERBUNGKUS, CAP  FAIZA)",1kg,BARANGAN BERBUNGKUS,TEPUNG,,3.6799999999999997,,,,,,,3.6809523809523808,,,,,,,3.6809523809523808,,,,,,3.661904761904762,,,,,,,3.6568181818181817,
1871,KRIMER SEJAT CAIR SAJI,390g,BARANGAN BERBUNGKUS,KRIMER DAN SUSU TEPUNG,,3.5030487804878048,,,,,,,3.510365853658537,,,,,,,3.50679012345679,,,,,,3.5075342465753425,,,,,,,3.491025641025641,
1872,MAYONIS SEBENAR LADY'S CHOICE,220ml,BARANGAN BERBUNGKUS,SAPUAN (SPREADS),,7.896831683168317,,,,,,,7.883137254901961,,,,,,,7.910208333333333,,,,,,7.839764705882353,,,,,,,7.852087912087912,
1873,KRIMER MANIS CAP TEAPOT,500 g,BARANGAN BERBUNGKUS,KRIMER DAN SUSU TEPUNG,,3.9749999999999996,,,,,,,4.033333333333333,,,,,,,4.0600000000000005,,,,,,4.0777777777777775,,,,,,,4.05,
1876,PELEMBUT PAKAIAN - DOWNY (PREMIUM PARFUM PASSION),800ml,PRODUK KEBERSIHAN,PENJAGAAN RUMAH,,,,,,,,,,,,,,,,,,,,,,12.222187499999999,,,,,,,,
1879,SEVEN UP LEMON & LIME (TIN),320ml,MINUMAN,TERSEDIA MINUM,,,,,,,,,,,,,,,,,,,,,,1.9023076923076923,,,,,,,,
1881,SERBUK CABAI ALAGAPPAS,230g,BARANGAN BERBUNGKUS,REMPAH RATUS (BERBUNGKUS),,7.429411764705883,,,,,,6.4,7.4624999999999995,,,,,,,7.4624999999999995,,,,,,7.482352941176471,,,,,,,7.482352941176471,
1882,TUNA CAP AYAM (TUNA MAYONNAISE),160 g,BARANGAN BERBUNGKUS,IKAN DALAM TIN,,7.401171171171171,7.5,,,,,,7.405625000000001,,,,,,,7.3993913043478265,,,,,,7.419059829059829,,,,,,,7.419059829059829,
1899,CILI KERING KERINTING (BERTANGKAI/TIDAK BERTANGKAI),1kg,BARANGAN KERING,CILI KERING,,28.81230769230769,,,,,,,28.6463768115942,,,,,,,28.4768115942029,,,,,,28.49142857142857,,,,,,,28.571014492753626,
1900,CILI KERING LEPER (BERTANGKAI/TIDAK BERTANGKAI),1kg,BARANGAN KERING,CILI KERING,,22.704761904761906,,,,,,,22.79,,,,,,,22.895238095238096,,,,,,22.87727272727273,,,,,,,22.786363636363635,
1904,DUMEX DUGRO 3 (1-3 TAHUN) PERISA ASLI (850G),850g,SUSU DAN BARANGAN BAYI,SUSU BAYI,,30.18640350877193,31.75,,,,,,29.97974358974359,,,,,,,29.89810344827586,,,,,,29.892672413793104,,,,,,,29.70263157894737,
1907,DAGING KAMBING BEBIRI IMPORT BERTULANG (LAMB) (AUSTRALIA - KOTAK) (1KG),1kg,BARANGAN SEGAR,DAGING,,43.45,,,,,,,38.95,,,,,,,40.63333333333333,,,,,,38.95,,,,,,,42.9,
1914,DAGING KERBAU IMPORT (INDIA) (BLOCK),1kg,BARANGAN SEGAR,DAGING,,21.35,,,,,,,21.35,,,,,,,21.880000000000003,,,,,,21.880000000000003,,,,,,,21.875,
1915,IKAN JENAHAK (KEPINGAN),1kg,BARANGAN SEGAR,BAHAN LAUT,,,,,,,,,,,,,,,,37.0,,,,,,37.0,,,,,,,37.0,
1916,IKAN DEMUDUK/CUPAK/CERMIN (b	$ 3 EKOR SEKILOGRAM),1kg,BARANGAN SEGAR,BAHAN LAUT,,23.666666666666668,,,,,,,26.25,,,,,,,26.0,,,,,,21.6,,,,,,,26.333333333333332,
1920,KERANG (SAIZ SEDERHANA),1kg,BARANGAN SEGAR,BAHAN LAUT,,16.4,,,,,,16.0,16.8,,,,,,,16.75,,,,,,16.285714285714285,,,,,,,16.142857142857142,
1921,IKAN TILAPIA MERAH (ANTARA 2 HINGGA 5 EKOR SEKILOGRAM),1kg,BARANGAN SEGAR,IKAN DARAT,,16.40473684210526,,,,,,16.0,16.14157894736842,,,,,,,16.1845,,,,,,16.330625,,,,,,,16.252352941176472,
1922,SADERI,1kg,BARANGAN SEGAR,SAYUR-SAYURAN,6.29,9.42060606060606,6.29,6.29,6.29,6.29,6.29,9.145,9.556666666666667,6.29,6.29,6.29,6.29,6.29,6.29,9.3646875,6.29,6.29,,,,9.69,,,,,,,9.528064516129032,4.49
1923,TERUNG BULAT,1kg,BARANGAN SEGAR,SAYUR-SAYURAN,9.29,8.25148148148148,9.29,9.29,9.29,9.29,9.29,8.645,8.178214285714287,9.29,9.29,9.29,9.29,9.29,9.29,8.149642857142856,9.29,9.29,9.29,9.29,9.29,8.2278125,9.29,9.29,9.29,9.29,9.29,9.29,8.023793103448275,6.89
1924,SERBUK KUNYIT ALAGAPPAS,230g,BARANGAN BERBUNGKUS,REMPAH RATUS (BERBUNGKUS),,4.977777777777778,,,,,,5.0,4.977777777777778,,,,,,,4.977777777777778,,,,,,5.025,,,,,,,5.025,
1925,CILI API/PADI MERAH,1kg,BARANGAN SEGAR,SAYUR-SAYURAN,,39.0,,,,,,,39.0,,,,,,,39.0,,,,,,39.0,,,,,,,35.0,
1926,CILI AKAR HIJAU,1kg,BARANGAN SEGAR,SAYUR-SAYURAN,11.99,14.221666666666668,10.09,10.09,11.99,11.99,11.99,13.495000000000001,14.123518518518518,11.99,11.99,11.99,11.99,11.99,11.99,14.279298245614035,11.99,11.99,14.19,14.19,14.19,14.56017857142857,14.19,14.19,14.19,14.19,14.19,14.19,14.516,11.59
1927,CILI AKAR MERAH,1kg,BARANGAN SEGAR,SAYUR-SAYURAN,15.49,18.98542857142857,15.49,15.49,15.49,15.49,15.49,20.245,18.51638888888889,15.49,15.49,15.49,15.49,15.49,15.49,18.297027027027028,15.49,15.49,16.09,16.09,16.09,18.90878787878788,,16.99,16.09,16.09,16.09,16.09,19.005757575757578,14.49
1928,LIMAU KASTURI,1kg,BARANGAN SEGAR,SAYUR-SAYURAN,7.49,9.364313725490197,7.49,7.49,7.49,7.49,7.49,10.245000000000001,9.277142857142858,7.49,7.49,7.49,7.49,7.49,7.49,8.889807692307691,7.49,7.49,,,6.59,9.189807692307692,6.59,6.59,6.59,6.59,6.59,6.59,8.966909090909091,6.59
1930,TELUR AYAM KAMPUNG,10 biji,BARANGAN SEGAR,TELUR,,7.414285714285714,,,,,,,7.414285714285714,,,,,,,7.414285714285714,,,,,,7.3428571428571425,,,,,,,7.2,
1931,BAWANG BESAR IMPORT (PAKISTAN),1kg,BARANGAN KERING,BAWANG,,3.8000000000000003,,,,,,,3.6862500000000002,2.69,2.69,2.69,,,,3.8777777777777778,,,,,,3.8333333333333335,,,,3.09,3.09,3.09,3.7064285714285714,3.09
1934,MINYAK MASAK SEBATIAN CAP ADELA GOLD,1kg,BARANGAN BERBUNGKUS,MINYAK DAN LEMAK,,9.5,,,,,,,9.5,,,,,,,9.5,,,,,,9.5,,,,,,,,
1937,MINYAK MASAK TULEN CAP SAJI,1kg,BARANGAN BERBUNGKUS,MINYAK DAN LEMAK,,6.9,,,,,,,6.9,,,,,,,6.9,,,,,,6.900000000000001,,,,,,,6.9,6.9
1938,MINYAK MASAK TULEN CAP SAJI,2 kg,BARANGAN BERBUNGKUS,MINYAK DAN LEMAK,13.3,13.261746031746032,13.3,13.3,13.3,13.3,13.3,13.3,13.261384615384616,13.3,13.3,13.3,13.3,13.3,13.3,13.260172413793105,13.3,13.3,13.3,13.3,13.3,13.271269841269842,13.3,13.3,13.3,13.3,13.3,13.3,13.26308823529412,13.3
1939,MINYAK MASAK TULEN CAP SAJI,5 kg,BARANGAN BERBUNGKUS,MINYAK DAN LEMAK,30.9,30.537297297297293,30.9,30.9,30.9,30.9,30.9,30.9,30.463333333333328,30.9,30.9,30.9,30.9,30.9,30.9,30.479600000000005,30.9,30.9,30.9,30.9,30.9,30.429166666666667,30.9,30.9,30.9,30.9,30.9,30.9,30.419529411764703,30.9
1940,MINYAK MASAK TULEN CAP ALIF,1kg,BARANGAN BERBUNGKUS,MINYAK DAN LEMAK,,6.900000000000001,,,,,,,6.900000000000001,,,,,,,6.900000000000001,,,,,,6.900000000000001,,,,,,,6.900000000000001,
1941,MINYAK MASAK TULEN CAP ALIF,2 kg,BARANGAN BERBUNGKUS,MINYAK DAN LEMAK,13.3,13.293333333333333,13.3,13.3,13.3,13.3,13.3,13.3,13.286666666666667,13.3,13.3,13.3,13.3,13.3,13.3,13.288235294117648,13.3,13.3,13.3,13.3,13.3,13.287500000000001,13.3,13.3,13.3,13.3,13.3,13.3,13.292857142857143,13.3
1942,MINYAK MASAK TULEN CAP ALIF,5 kg,BARANGAN BERBUNGKUS,MINYAK DAN LEMAK,30.9,30.511153846153846,30.9,30.9,30.9,30.9,30.9,30.9,30.362222222222222,30.9,30.9,30.9,30.9,30.9,30.9,30.326153846153847,30.9,30.9,30.9,30.9,30.9,30.44238095238095,30.9,30.9,30.9,,,,30.351904761904763,
1943,KACANG MERAH (IMPORT),1kg,BARANGAN KERING,KACANG,,12.80204081632653,,,,,,,12.76734693877551,,,,,,,12.771224489795918,,,,,,12.624807692307693,,,,,,,12.593541666666667,
1944,KACANG SOYA (IMPORT),1kg,BARANGAN KERING,KACANG,6.25,6.322727272727273,6.25,6.25,6.25,6.25,6.25,6.25,6.4769696969696975,6.25,6.25,6.25,6.25,6.25,6.25,6.330882352941177,6.25,6.25,6.25,6.25,6.25,6.407272727272727,6.25,6.25,6.25,6.25,6.25,6.25,6.42,6.25
1945,TAUHU (JENIS KERAS),sekeping,BARANGAN SEGAR,TAUHU DAN TEMPE,0.79,0.7026470588235294,0.79,0.79,0.79,0.79,0.79,0.79,0.6997058823529412,0.79,0.79,0.79,0.79,0.79,0.79,0.6908823529411765,0.79,0.79,0.79,0.79,0.79,0.6778125,0.79,0.79,0.79,0.79,0.79,0.79,0.6803225806451613,0.79
1946,TEMPE (BUNGKUSAN PLASTIK),sekeping,BARANGAN SEGAR,TAUHU DAN TEMPE,1.85,1.4273809523809524,1.85,1.85,1.85,1.85,1.85,1.725,1.4154761904761906,1.85,1.85,1.85,1.85,1.85,1.85,1.4280487804878048,1.85,1.85,1.85,1.85,1.85,1.4244186046511629,1.85,1.85,1.85,1.85,1.85,1.85,1.4226190476190477,1.85
1947,SERBUK PENAIK ROYAL (TIN),113g,BARANGAN BERBUNGKUS,ESEN DAN RAGI,,5.963749999999999,6.0,,,,,,5.969512195121951,,,,,,,5.967857142857143,,,,,,5.962820512820513,,,,,,,5.984883720930233,
1948,RAGI BULAT/RAGI TAPAI,1 biji,BARANGAN BERBUNGKUS,ESEN DAN RAGI,,1.55,,,,,,,1.48,,,,,,,1.5333333333333332,,,,,,1.5333333333333332,,,,,,,1.2,
1949,ROTI WHOLEMEAL (PELBAGAI JENAMA),400 g,BARANGAN BERBUNGKUS,ROTI,,,,,,,,,,,,,,,,,,,,,,5.5,,,,,,,,
1950,BUNGA RAYA YIS SEGERA,11g,BARANGAN BERBUNGKUS,ESEN DAN RAGI,,1.2333333333333334,,,,,,,1.3,,,,,,,1.3,,,,,,1.3,,,,,,,1.3,
1951,BERAS SUPER CAP 3A BOY (IMPORT),10 kg,BARANGAN BERBUNGKUS,BERAS,,38.688235294117646,,,,,,,36.080000000000005,,,,,,,31.884615384615383,,,,,,30.96875,,,,,,,30.958823529411763,
1952,KRIMER SEJAT CAP F&N,390g,BARANGAN BERBUNGKUS,KRIMER DAN SUSU TEPUNG,,4.124204545454545,,,,,,,4.131264367816092,,,,,,,4.133690476190476,,,,,,4.144197530864197,,,,,,,4.13710843373494,
1953,KRIMER MANIS PEKAT CAP SAJI,500 g,BARANGAN BERBUNGKUS,KRIMER DAN SUSU TEPUNG,,3.4021176470588235,,,,,,,3.399204545454545,,,,,,,3.396931818181818,,,,,,3.398111111111111,,,,,,,3.3886170212765956,
1954,SUSU TEPUNG SEGERA EVERYDAY,900 g,BARANGAN BERBUNGKUS,KRIMER DAN SUSU TEPUNG,,29.3745,,,,,,,29.40473684210526,,,,,,,29.432777777777776,,,,,,29.382777777777775,,,,,,,29.36411764705882,
1955,YOGURT MARIGOLD (LOW FAT) (STRAWBERRY),130g,MINUMAN,TERSEDIA MINUM,,,,,,,,,,,,,,,,,,,,,,2.6965517241379313,,,,,,,,
1956,NAN PRO LANGKAH 1 RUMUSAN BAYI (KOTAK),600 g,SUSU DAN BARANGAN BAYI,SUSU BAYI,,71.3475,,,,,,,71.3475,,,,,,,71.3475,,,,,,71.3475,,,,,,,71.3475,
1957,NAN PRO LANGKAH 2 RUMUSAN SUSULAN (KOTAK),600 g,SUSU DAN BARANGAN BAYI,SUSU BAYI,,66.95,,,,,,,66.95,,,,,,,66.95,,,,,,66.95,,,,,,,66.95,
1958,NANKID OPTIPRO LANGKAH 3 RUMUSAN UNTUK KANAK-KANAK,600 g,SUSU DAN BARANGAN BAYI,SUSU BAYI,,46.55,,,,,,,46.55,,,,,,,46.55,,,,,,46.86666666666667,,,,,,,46.86666666666667,
1959,SUSU SEGAR FARM FRESH,1 liter,MINUMAN,TERSEDIA MINUM,,,,,,,,,,,,,,,,,,,,,,8.5,,,,,,,,
1960,SUSU SEGAR KURMA FARM FRESH,700 g,MINUMAN,TERSEDIA MINUM,,,,,,,,,,,,,,,,,,,,,,9.049999999999999,,,,,,,,
1961,ANMUM ESSENTIAL LANGKAH 4 PERISA ASLI (TANPA GULA TAMBAHAN) - TIN,1.5kg,SUSU DAN BARANGAN BAYI,SUSU BAYI,,,,,,,,,,,,,,,,,,,,,,,,,,,,,96.2,
1962,NESTUM (ORIGINAL),500 g,MINUMAN,BAHAN-BAHAN MINUMAN,,,,,,,,,,,,,,,,,,,,,,9.040238095238095,,,,,,,,
1963,REFILL ANMUM ESSENTIAL LANGKAH 4 PERISA ASLI (TANPA GULA TAMBAHAN) - KOTAK,550 g,SUSU DAN BARANGAN BAYI,SUSU BAYI,,36.121875,37.5,,,,,,36.06551724137931,,,,,,,36.23793103448276,,,,,,36.34230769230769,,,,,,,36.40384615384615,
1964,QUAKER OATS INSTANT OATMEALS,1kg,MINUMAN,BAHAN-BAHAN MINUMAN,,,,,,,,,,,,,,,,,,,,,,11.440000000000001,,,,,,,,
1965,PEDIASURE (VANILA),600 g,SUSU DAN BARANGAN BAYI,SUSU BAYI,,73.4554054054054,76.6,,,,,,73.58076923076923,,,,,,,73.65357142857144,,,,,,73.68375,,,,,,,73.6109756097561,
1966,MILNA BISKUT RUSK (ASLI),130g,SUSU DAN BARANGAN BAYI,MAKANAN BAYI,,7.280681818181819,7.2,,,,,,7.285869565217391,,,,,,,7.285869565217391,,,,,,7.303260869565217,,,,,,,7.2681818181818185,
1967,PETPET GOLD+,M70,SUSU DAN BARANGAN BAYI,LAMPIN PAKAI BUANG,,30.82,,,,,,,31.75,,,,,,,31.88888888888889,,,,,,32.239999999999995,,,,,,,32.22857142857143,
1968,DRYPERS WEE WEE DRY (M74),M74,SUSU DAN BARANGAN BAYI,LAMPIN PAKAI BUANG,,39.03,,,,,,,39.038,,,,,,,39.181666666666665,,,,,,39.038,,,,,,,38.0725,
1969,HUGGIES DRY DIAPERS (M72),M72,SUSU DAN BARANGAN BAYI,LAMPIN PAKAI BUANG,,34.918,,,,,,,34.918,,,,,,,34.15,,,,,,33.9,,,,,,,33.4,
1970,DIAPEX EASY,M70,SUSU DAN BARANGAN BAYI,LAMPIN PAKAI BUANG,,29.52,,,,,,,29.546153846153842,,,,,,,29.499999999999996,,,,,,29.12307692307692,,,,,,,29.49375,
1971,FITTI,M60,SUSU DAN BARANGAN BAYI,LAMPIN PAKAI BUANG,,24.95,,,,,,,24.95,,,,,,,24.95,,,,,,23.0,,,,,,,23.0,
1972,MAMYPOKO EXTRA DRY,M54,SUSU DAN BARANGAN BAYI,LAMPIN PAKAI BUANG,,44.0475,,,,,,,44.0475,,,,,,,44.0475,,,,,,43.2475,,,,,,,43.2475,
1974,DRYPERS DRYPANTZ,M60,SUSU DAN BARANGAN BAYI,LAMPIN PAKAI BUANG,,31.25,,,,,,,31.25,,,,,,,31.25,,,,,,33.266666666666666,,,,,,,33.675,
1975,HUGGIES DRY PANTS,M60,SUSU DAN BARANGAN BAYI,LAMPIN PAKAI BUANG,,35.068461538461534,,,,,,,35.2825,,,,,,,35.2825,,,,,,35.04454545454546,,,,,,,35.09916666666667,
1976,MAGGI MI SEGERA PERISA KARI,5 X 79g,BARANGAN BERBUNGKUS,MI SEGERA,,5.459004739336493,5.3,,,,,,5.45452380952381,,,,,,,5.457417840375587,,,,,,5.463457943925234,,,,,,,5.470514018691589,
1977,CINTAN MI SEGERA PERISA AYAM,5 X 75g,BARANGAN BERBUNGKUS,MI SEGERA,,5.492307692307692,,,,,,,5.446666666666667,,,,,,,5.425,,,,,,5.426666666666667,,,,,,,5.433333333333334,
1978,MI SEDAP MI GORENG PERISA ASLI,5 X 90g,BARANGAN BERBUNGKUS,MI SEGERA,,5.834322916666667,5.2,,,,,,5.8566310160427815,,,,,,,5.855449735449736,,,,,,5.863108808290155,,,,,,,5.867409326424871,
1979,SABUN MANDIAN LIFEBUOY (COOL FRESH),300ml,PRODUK KEBERSIHAN,PENJAGAAN DIRI,,,,,,,,,,,,,,,,,,,,,,7.596203703703703,,,,,,,,
1980,SABUN MANDIAN DETTOL ANTIBACTERIAL (FRESH),500 ml,PRODUK KEBERSIHAN,PENJAGAAN DIRI,,,,,,,,,,,,,,,,,,,,,,13.574285714285715,,,,,,,,
1981,SABUN MANDIAN LUX (MAGICAL SPELL),220 ml,PRODUK KEBERSIHAN,PENJAGAAN DIRI,,,,,,,,,,,,,,,,,,,,,,6.2,,,,,,,,
1982,SYAMPU REJOICE (RICH SOFT SMOOTH),340ml,PRODUK KEBERSIHAN,PENJAGAAN DIRI,,,,,,,,,,,,,,,,,,,,,,12.233095238095236,,,,,,,,
1983,SYAMPU PANTENE PRO-V (HAIR FALL CONTROL),340ml,PRODUK KEBERSIHAN,PENJAGAAN DIRI,,,,,,,,,,,,,,,,,,,,,,14.008108108108107,,,,,,,,
1984,SYAMPU HEAD & SHOULDERS (SMOOTH & SILKY),330 ml,PRODUK KEBERSIHAN,PENJAGAAN DIRI,,,,,,,,,,,,,,,,,,,,,,16.778333333333336,,,,,,,,
1985,TUALA WANITA KOTEX SOFT & SMOOTH (MAXI - NON WING),10 PAD,PRODUK KEBERSIHAN,PENJAGAAN DIRI,,,,,,,,,,,,,,,,,,,,,,4.072179487179487,,,,,,,,
1986,TUALA WANITA LIBRESSE (MAXI - NON WING),10 PAD,PRODUK KEBERSIHAN,PENJAGAAN DIRI,,,,,,,,,,,,,,,,,,,,,,4.017826086956521,,,,,,,,
1987,DEODORAN NIVEA MAN (BLACK & WHITE INVISIBLE - ORIGINAL),150 ml,PRODUK KEBERSIHAN,PENJAGAAN DIRI,,,,,,,,,,,,,,,,,,,,,,16.263636363636365,,,,,,,,
1988,DEODORAN NIVEA (EXTRA BRIGHTENING),150 ml,PRODUK KEBERSIHAN,PENJAGAAN DIRI,,,,,,,,,,,,,,,,,,,,,,16.00909090909091,,,,,,,,
1989,DEODORAN REXONA MEN (SPORT DEFENSE),50 ml,PRODUK KEBERSIHAN,PENJAGAAN DIRI,,,,,,,,,,,,,,,,,,,,,,8.471428571428572,,,,,,,,
1990,DEODORAN REXONA (POWDER DRY BRIGHTENING),50 ml,PRODUK KEBERSIHAN,PENJAGAAN DIRI,,,,,,,,,,,,,,,,,,,,,,8.425185185185185,,,,,,,,
1991,SABUN SERBUK BREEZE (POWER CLEAN),750 g,PRODUK KEBERSIHAN,PENJAGAAN RUMAH,,,,,,,,,,,,,,,,,,,,,,5.996352941176471,,,,,,,,
1992,SABUN SERBUK ATTACK (AROMA FRESH + COLOUR),800 g,PRODUK KEBERSIHAN,PENJAGAAN RUMAH,,,,,,,,,,,,,,,,,,,,,,9.235294117647058,,,,,,,,
1993,SABUN SERBUK TOP (SUPER COLOUR),750 g,PRODUK KEBERSIHAN,PENJAGAAN RUMAH,,,,,,,,,,,,,,,,,,,,,,6.439888888888889,,,,,,,,
1995,DAIA EXCELLENT WASHING POWER (EUA DE PARFUM),750 g,PRODUK KEBERSIHAN,PENJAGAAN RUMAH,,,,,,,,,,,,,,,,,,,,,,6.235811965811966,,,,,,,,
1996,PELEMBUT PAKAIAN - SOFTLAN (FLORAL FANTASY),1 liter,PRODUK KEBERSIHAN,PENJAGAAN RUMAH,,,,,,,,,,,,,,,,,,,,,,6.248378378378378,,,,,,,,
1998,PENCUCI PELBAGAI GUNA DETTOL (LAVENDER),2.5 liter,PRODUK KEBERSIHAN,PENJAGAAN RUMAH,,,,,,,,,,,,,,,,,,,,,,19.15,,,,,,,,
1999,PENCUCI PELBAGAI GUNA MR MUSCLE (LAVENDER),2 liter,PRODUK KEBERSIHAN,PENJAGAAN RUMAH,,,,,,,,,,,,,,,,,,,,,,15.00527777777778,,,,,,,,
2000,PENCUCI PELBAGAI GUNA AJAX FABULOSO (LAVENDER),2 liter,PRODUK KEBERSIHAN,PENJAGAAN RUMAH,,,,,,,,,,,,,,,,,,,,,,14.834473684210527,,,,,,,,
2001,DUMEX DUPRO 2 (RUMUSAN SUSULAN),850g,SUSU DAN BARANGAN BAYI,SUSU BAYI,,29.216800000000003,30.1,,,,,,29.24887755102041,,,,,,,29.234950495049507,,,,,,29.240377358490566,,,,,,,29.20647619047619,
2002,PELUNTUR CLOROX (ORIGINAL),1 liter,PRODUK KEBERSIHAN,PENJAGAAN RUMAH,,,,,,,,,,,,,,,,,,,,,,5.211346153846154,,,,,,,,
2003,BIHUN KERING IMPORT (PELBAGAI JENAMA),400 g,BARANGAN BERBUNGKUS,BIHUN,,4.8375,,,,,,,4.8125,,,,,,,4.7,,,,,,4.7,,,,,,,4.680000000000001,
2008,SUSU TEPUNG PENUH KRIM SEGERA NESPRAY,480 g,BARANGAN BERBUNGKUS,KRIMER DAN SUSU TEPUNG,,21.9364406779661,,,,,,,21.975892857142856,,,,,,,21.9735294117647,,,,,,21.925555555555555,,,,,,,22.00125,
2009,DUTCH LADY 123 (BIASA),850g,SUSU DAN BARANGAN BAYI,SUSU BAYI,,26.166548672566368,23.9,,,,,,26.134590163934426,,,,,,,26.0359842519685,,,,,,25.912148760330577,,,,,,,25.98111111111111,
2010,DUTCH LADY 456 (BIASA),850g,SUSU DAN BARANGAN BAYI,SUSU BAYI,,25.634414414414415,23.9,,,,,,25.658,,,,,,,25.70060869565217,,,,,,25.658,,,,,,,25.7626724137931,
2011,KIUB SUP TOM YAM (MAGGI),6 X 10g,BARANGAN BERBUNGKUS,REMPAH RATUS (BERBUNGKUS),,3.3777777777777778,,,,,,,3.3789473684210525,,,,,,,3.3800000000000003,,,,,,3.3827586206896556,,,,,,,3.3912280701754387,
2012,KICAP TAMIN (DARK SOY SAUCE),350ml,BARANGAN BERBUNGKUS,KICAP DAN SOS,,4.65,,,,,,,4.68,,,,,,,4.6499999999999995,,,,,,4.658333333333333,,,,,,,4.683333333333334,
2013,KRAFT DAIRYLEA SINGLES CHEESE 12 SLICES,250 g,BARANGAN BERBUNGKUS,SAPUAN (SPREADS),,12.133333333333333,,,,,,,12.26,,,,,,,12.26,,,,,,12.366666666666667,,,,,,,12.125,
2014,ENFAGROW A+ MIND PRO LANGKAH 3 VANILA (KOTAK),500 g,SUSU DAN BARANGAN BAYI,SUSU BAYI,,54.96,,,,,,,54.5,,,,,,,55.144444444444446,,,,,,54.940000000000005,,,,,,,54.885714285714286,
2015,PETPET PANTS GOLD+,M60,SUSU DAN BARANGAN BAYI,LAMPIN PAKAI BUANG,,31.85625,,,,,,,31.925,,,,,,,32.121428571428574,,,,,,32.35454545454545,,,,,,,32.093333333333334,
2016,SABUN SERBUK FAB (PERFECT),680g,PRODUK KEBERSIHAN,PENJAGAAN RUMAH,,,,,,,,,,,,,,,,,,,,,,5.351923076923077,,,,,,,,
2017,DYNAMO POWER GEL (PERFECT CLEAN),2.6kg,PRODUK KEBERSIHAN,PENJAGAAN RUMAH,,,,,,,,,,,,,,,,,,,,,,30.132499999999997,,,,,,,,
2018,SABUN PENCUCI SUNLIGHT (LEMON),900ml,PRODUK KEBERSIHAN,PENJAGAAN RUMAH,,,,,,,,,,,,,,,,,,,,,,7.06718954248366,,,,,,,,
2019,NESCAFE 3 IN 1 ORIGINAL (AROMATIC & BALANCED),25 x 18g,MINUMAN,BAHAN-BAHAN MINUMAN,,,,,,,,,,,,,,,,,,,,,,15.16725806451613,,,,,,,,
2020,YOGURT LACTEL (FAT FREE) (STRAWBERRY),130g,MINUMAN,TERSEDIA MINUM,,,,,,,,,,,,,,,,,,,,,,2.78125,,,,,,,,
