item_code,item,unit,item_group,item_category,2025-05-02,2025-05-03,2025-05-04,2025-05-05,2025-05-06,2025-05-07,2025-05-08,2025-05-09,2025-05-10,2025-05-11,2025-05-13,2025-05-14,2025-05-15,2025-05-16,2025-05-17,2025-05-18,2025-05-19,2025-05-20,2025-05-21,2025-05-22,2025-05-23,2025-05-24,2025-05-25,2025-05-26,2025-05-27,2025-05-28,2025-05-29,2025-05-30,2025-05-31
1,AYAM BERSIH - STANDARD,1kg,BARANGAN SEGAR,AYAM,320.0,327.0,330.0,335.0,334.0,338.0,337.0,335.0,335.0,339.0,337.0,337.0,343.0,337.0,331.0,339.0,340.0,342.0,339.0,275.0,321.0,296.0,293.0,335.0,337.0,339.0,342.0,339.0,334.0
2,AYAM BERSIH - SUPER,1kg,BARANGAN SEGAR,AYAM,125.0,126.0,128.0,130.0,131.0,134.0,136.0,132.0,129.0,128.0,129.0,129.0,131.0,135.0,132.0,133.0,133.0,131.0,134.0,134.0,130.0,121.0,122.0,130.0,128.0,128.0,127.0,86.0,89.0
9,DAGING KAMBING BEBIRI IMPORT BERTULANG (MUTTON) (AUSTRALIA - KOTAK),1kg,BARANGAN SEGAR,DAGING,94.0,95.0,93.0,95.0,94.0,100.0,95.0,98.0,99.0,100.0,94.0,97.0,96.0,104.0,103.0,103.0,99.0,100.0,104.0,103.0,104.0,107.0,106.0,102.0,108.0,108.0,109.0,106.0,108.0
10,DAGING KAMBING BEBIRI IMPORT BERTULANG (MUTTON) (NEW ZEALAND - KOTAK),1kg,BARANGAN SEGAR,DAGING,7.0,8.0,7.0,6.0,4.0,3.0,4.0,4.0,4.0,4.0,6.0,6.0,4.0,3.0,4.0,5.0,4.0,5.0,6.0,6.0,5.0,6.0,5.0,4.0,5.0,6.0,7.0,4.0,4.0
11,DAGING KAMBING BEBIRI IMPORT TANPA TULANG (MUTTON) (TIDAK TERMASUK PAHA - AUSTRALIA),1kg,BARANGAN SEGAR,DAGING,11.0,12.0,13.0,12.0,13.0,13.0,12.0,12.0,12.0,12.0,10.0,10.0,10.0,10.0,10.0,10.0,10.0,9.0,10.0,10.0,10.0,11.0,11.0,12.0,13.0,13.0,13.0,14.0,14.0
14,DAGING KERBAU IMPORT (INDIA) * (TOP SIDE),1kg,BARANGAN SEGAR,DAGING,110.0,111.0,106.0,102.0,109.0,108.0,110.0,108.0,110.0,110.0,108.0,110.0,114.0,113.0,111.0,111.0,108.0,110.0,111.0,103.0,116.0,115.0,116.0,117.0,116.0,116.0,119.0,110.0,111.0
16,BETIK BIASA,1kg,BARANGAN SEGAR,BUAH-BUAHAN,255.0,264.0,272.0,259.0,257.0,252.0,259.0,257.0,267.0,278.0,252.0,259.0,261.0,255.0,256.0,259.0,248.0,256.0,266.0,230.0,262.0,271.0,279.0,264.0,258.0,276.0,273.0,266.0,274.0
18,PISANG BERANGAN,1kg,BARANGAN SEGAR,BUAH-BUAHAN,239.0,234.0,245.0,241.0,218.0,225.0,233.0,233.0,232.0,238.0,217.0,230.0,241.0,241.0,248.0,246.0,235.0,223.0,233.0,198.0,247.0,251.0,247.0,239.0,239.0,238.0,247.0,259.0,248.0
19,PISANG EMAS,1kg,BARANGAN SEGAR,BUAH-BUAHAN,55.0,60.0,53.0,53.0,47.0,44.0,52.0,63.0,61.0,61.0,56.0,59.0,59.0,55.0,61.0,57.0,56.0,53.0,55.0,59.0,64.0,65.0,69.0,63.0,57.0,55.0,59.0,65.0,66.0
20,TEMBIKAI MERAH BERBIJI,1kg,BARANGAN SEGAR,BUAH-BUAHAN,128.0,135.0,135.0,136.0,139.0,142.0,141.0,142.0,141.0,144.0,137.0,135.0,141.0,150.0,151.0,151.0,146.0,145.0,152.0,133.0,153.0,150.0,151.0,151.0,150.0,155.0,157.0,126.0,131.0
21,TEMBIKAI MERAH TANPA BIJI,1kg,BARANGAN SEGAR,BUAH-BUAHAN,334.0,343.0,346.0,348.0,346.0,353.0,353.0,356.0,351.0,351.0,354.0,355.0,358.0,357.0,349.0,355.0,346.0,349.0,353.0,321.0,348.0,347.0,346.0,341.0,326.0,323.0,326.0,315.0,316.0
22,DRAGON FRUIT MERAH,1kg,BARANGAN SEGAR,BUAH-BUAHAN,297.0,287.0,298.0,292.0,290.0,299.0,300.0,310.0,304.0,304.0,297.0,301.0,318.0,309.0,299.0,298.0,288.0,287.0,287.0,240.0,279.0,277.0,282.0,254.0,252.0,280.0,287.0,288.0,282.0
24,TEMBIKAI SUSU,1kg,BARANGAN SEGAR,BUAH-BUAHAN,245.0,241.0,250.0,243.0,246.0,254.0,261.0,263.0,264.0,271.0,246.0,233.0,250.0,257.0,257.0,259.0,251.0,257.0,269.0,253.0,269.0,273.0,279.0,270.0,267.0,267.0,269.0,248.0,254.0
25,NENAS BIASA (JOSAPINE/MORRIS/SARAWAK),1 biji,BARANGAN SEGAR,BUAH-BUAHAN,274.0,287.0,287.0,289.0,286.0,294.0,303.0,296.0,292.0,290.0,294.0,291.0,292.0,289.0,288.0,298.0,298.0,295.0,293.0,245.0,293.0,297.0,301.0,299.0,299.0,302.0,296.0,301.0,299.0
26,ANGGUR HIJAU BERBIJI,1kg,BARANGAN SEGAR,BUAH-BUAHAN,3.0,3.0,2.0,3.0,3.0,2.0,2.0,3.0,3.0,3.0,3.0,3.0,3.0,3.0,2.0,3.0,2.0,2.0,3.0,4.0,4.0,4.0,3.0,3.0,3.0,3.0,3.0,0.0,0.0
27,ANGGUR MERAH BERBIJI,1kg,BARANGAN SEGAR,BUAH-BUAHAN,119.0,116.0,116.0,114.0,112.0,111.0,108.0,111.0,110.0,107.0,105.0,110.0,110.0,118.0,121.0,117.0,122.0,125.0,134.0,121.0,131.0,135.0,140.0,136.0,144.0,135.0,134.0,107.0,100.0
31,LAI KUNING (SAIZ M),1 biji,BARANGAN SEGAR,BUAH-BUAHAN,44.0,40.0,41.0,45.0,44.0,44.0,43.0,44.0,43.0,43.0,49.0,43.0,45.0,46.0,44.0,45.0,44.0,45.0,45.0,43.0,45.0,42.0,41.0,41.0,41.0,47.0,49.0,43.0,43.0
38,JAMBU BATU BERBIJI,1kg,BARANGAN SEGAR,BUAH-BUAHAN,175.0,185.0,193.0,175.0,168.0,166.0,164.0,167.0,175.0,176.0,161.0,157.0,164.0,166.0,172.0,176.0,165.0,168.0,174.0,146.0,172.0,173.0,166.0,144.0,150.0,154.0,147.0,143.0,146.0
39,JAMBU BATU TANPA BIJI,1kg,BARANGAN SEGAR,BUAH-BUAHAN,143.0,143.0,145.0,135.0,139.0,138.0,144.0,150.0,144.0,147.0,130.0,125.0,133.0,122.0,125.0,131.0,128.0,121.0,122.0,110.0,129.0,131.0,134.0,121.0,121.0,117.0,117.0,120.0,118.0
43,IKAN BAWAL HITAM (ANTARA 2 HINGGA 5 EKOR SEKILOGRAM),1kg,BARANGAN SEGAR,BAHAN LAUT,237.0,240.0,242.0,250.0,253.0,251.0,247.0,248.0,242.0,238.0,229.0,232.0,230.0,231.0,240.0,241.0,247.0,234.0,242.0,211.0,239.0,243.0,247.0,245.0,246.0,248.0,249.0,244.0,242.0
47,IKAN CENCARU (ANTARA 4 HINGGA 6 EKOR SEKILOGRAM),1kg,BARANGAN SEGAR,BAHAN LAUT,293.0,295.0,304.0,310.0,307.0,322.0,302.0,290.0,303.0,296.0,313.0,298.0,298.0,297.0,304.0,294.0,294.0,284.0,292.0,250.0,310.0,304.0,305.0,305.0,303.0,301.0,294.0,290.0,285.0
49,IKAN GELAMA (ANTARA 5 HINGGA 10 EKOR SEKILOGRAM),1kg,BARANGAN SEGAR,BAHAN LAUT,131.0,144.0,144.0,154.0,145.0,141.0,131.0,139.0,141.0,137.0,132.0,132.0,139.0,141.0,147.0,146.0,146.0,141.0,143.0,133.0,142.0,142.0,146.0,147.0,143.0,149.0,147.0,148.0,152.0
51,IKAN JENAHAK (b	% 1 KILOGRAM SEEKOR),1kg,BARANGAN SEGAR,BAHAN LAUT,71.0,75.0,75.0,80.0,83.0,76.0,74.0,74.0,78.0,86.0,83.0,79.0,83.0,81.0,83.0,79.0,82.0,81.0,81.0,76.0,78.0,80.0,74.0,85.0,84.0,76.0,77.0,80.0,82.0
52,KEPALA IKAN JENAHAK,1kg,BARANGAN SEGAR,BAHAN LAUT,104.0,105.0,108.0,110.0,103.0,114.0,99.0,100.0,97.0,107.0,96.0,103.0,102.0,100.0,100.0,106.0,101.0,102.0,107.0,90.0,103.0,105.0,99.0,96.0,102.0,107.0,101.0,105.0,107.0
55,IKAN KEMBUNG KECIL/PELALING (ANTARA 10 HINGGA 18 EKOR SEKILOGRAM),1kg,BARANGAN SEGAR,BAHAN LAUT,195.0,187.0,206.0,208.0,201.0,209.0,213.0,218.0,204.0,208.0,201.0,213.0,209.0,216.0,216.0,216.0,221.0,215.0,218.0,163.0,224.0,219.0,190.0,175.0,183.0,212.0,217.0,228.0,217.0
60,IKAN MERAH (b	% 1 KILOGRAM SEEKOR),1kg,BARANGAN SEGAR,BAHAN LAUT,98.0,100.0,102.0,99.0,93.0,94.0,92.0,93.0,92.0,96.0,100.0,96.0,98.0,100.0,97.0,103.0,91.0,97.0,103.0,90.0,99.0,104.0,101.0,101.0,104.0,95.0,91.0,94.0,101.0
64,KEPALA IKAN MERAH,1kg,BARANGAN SEGAR,BAHAN LAUT,104.0,113.0,108.0,105.0,105.0,113.0,111.0,121.0,112.0,116.0,109.0,117.0,117.0,115.0,118.0,126.0,128.0,120.0,118.0,88.0,114.0,107.0,98.0,107.0,105.0,110.0,121.0,108.0,117.0
65,IKAN KERAPU (ANTARA 2 HINGGA 5 EKOR SEKILOGRAM),1kg,BARANGAN SEGAR,BAHAN LAUT,40.0,41.0,37.0,34.0,40.0,38.0,38.0,37.0,31.0,35.0,42.0,46.0,46.0,39.0,40.0,43.0,42.0,42.0,45.0,30.0,38.0,37.0,35.0,36.0,48.0,47.0,50.0,51.0,46.0
66,IKAN PARANG (ANTARA 1 HINGGA 3 EKOR SEKILOGRAM),1kg,BARANGAN SEGAR,BAHAN LAUT,28.0,28.0,28.0,27.0,25.0,26.0,25.0,21.0,24.0,24.0,22.0,21.0,24.0,25.0,31.0,31.0,30.0,29.0,28.0,30.0,29.0,29.0,29.0,35.0,34.0,37.0,37.0,39.0,37.0
68,IKAN PARI (KEPINGAN),1kg,BARANGAN SEGAR,BAHAN LAUT,168.0,176.0,167.0,177.0,184.0,182.0,181.0,175.0,164.0,173.0,174.0,180.0,192.0,188.0,182.0,185.0,180.0,177.0,177.0,153.0,182.0,178.0,185.0,182.0,180.0,189.0,186.0,179.0,177.0
69,IKAN SELAR KUNING (b	% 11 EKOR SEKILOGRAM),1kg,BARANGAN SEGAR,BAHAN LAUT,125.0,124.0,129.0,123.0,128.0,124.0,117.0,118.0,121.0,123.0,122.0,125.0,135.0,127.0,126.0,128.0,116.0,93.0,97.0,62.0,94.0,85.0,90.0,75.0,76.0,90.0,97.0,113.0,110.0
70,IKAN SELAR PELATA (≤ 7 EKOR SEKILOGRAM),1kg,BARANGAN SEGAR,BAHAN LAUT,229.0,229.0,225.0,238.0,245.0,259.0,266.0,269.0,282.0,278.0,258.0,263.0,285.0,285.0,282.0,277.0,256.0,272.0,275.0,247.0,291.0,287.0,276.0,266.0,264.0,284.0,281.0,270.0,265.0
73,IKAN SENANGIN (ANTARA 2 HINGGA 8 EKOR SEKILOGRAM),1kg,BARANGAN SEGAR,BAHAN LAUT,63.0,64.0,68.0,67.0,66.0,70.0,66.0,68.0,66.0,71.0,64.0,67.0,67.0,71.0,75.0,71.0,67.0,69.0,70.0,64.0,74.0,74.0,70.0,73.0,70.0,71.0,76.0,72.0,69.0
78,IKAN TAMBAN BELURU (ANTARA 10 HINGGA 19 EKOR SEKILOGRAM),1kg,BARANGAN SEGAR,BAHAN LAUT,36.0,45.0,43.0,33.0,28.0,21.0,25.0,26.0,26.0,26.0,38.0,38.0,37.0,24.0,18.0,20.0,17.0,12.0,16.0,9.0,12.0,11.0,9.0,7.0,22.0,42.0,42.0,48.0,41.0
79,IKAN TENGGIRI PAPAN (ANTARA 1 HINGGA 2 EKOR SEKILOGRAM),1kg,BARANGAN SEGAR,BAHAN LAUT,21.0,21.0,23.0,25.0,26.0,31.0,33.0,27.0,24.0,22.0,17.0,21.0,17.0,18.0,18.0,22.0,21.0,19.0,21.0,20.0,18.0,21.0,24.0,17.0,19.0,23.0,21.0,23.0,20.0
82,IKAN TENGGIRI BATANG (ANTARA 1 HINGGA 2 EKOR SEKILOGRAM),1kg,BARANGAN SEGAR,BAHAN LAUT,38.0,41.0,47.0,48.0,46.0,47.0,42.0,41.0,39.0,44.0,37.0,36.0,34.0,40.0,38.0,37.0,41.0,34.0,34.0,34.0,37.0,45.0,41.0,37.0,38.0,40.0,42.0,41.0,42.0
87,IKAN HARUAN (ANTARA 2 HINGGA 5 EKOR SEKILOGRAM),1kg,BARANGAN SEGAR,IKAN DARAT,8.0,6.0,6.0,8.0,7.0,8.0,7.0,7.0,7.0,7.0,6.0,5.0,7.0,9.0,9.0,8.0,7.0,7.0,8.0,6.0,7.0,7.0,8.0,7.0,8.0,6.0,9.0,7.0,7.0
88,IKAN KELI (ANTARA 2 HINGGA 5 EKOR SEKILOGRAM),1kg,BARANGAN SEGAR,IKAN DARAT,246.0,251.0,257.0,254.0,245.0,249.0,253.0,248.0,243.0,239.0,236.0,235.0,250.0,246.0,251.0,256.0,240.0,242.0,253.0,215.0,245.0,242.0,246.0,252.0,239.0,249.0,257.0,250.0,254.0
89,IKAN TILAPIA HITAM (ANTARA 2 HINGGA 5 EKOR SEKILOGRAM),1kg,BARANGAN SEGAR,IKAN DARAT,111.0,103.0,105.0,103.0,106.0,110.0,107.0,113.0,117.0,116.0,111.0,109.0,117.0,116.0,114.0,112.0,114.0,112.0,113.0,111.0,111.0,114.0,114.0,125.0,120.0,122.0,118.0,120.0,110.0
92,CILI HIJAU,1kg,BARANGAN SEGAR,SAYUR-SAYURAN,352.0,351.0,352.0,359.0,365.0,366.0,362.0,368.0,374.0,371.0,357.0,348.0,350.0,344.0,341.0,347.0,346.0,343.0,341.0,277.0,330.0,336.0,342.0,346.0,356.0,358.0,362.0,357.0,357.0
93,CILI MERAH - KULAI,1kg,BARANGAN SEGAR,SAYUR-SAYURAN,120.0,121.0,124.0,124.0,123.0,127.0,132.0,123.0,124.0,120.0,113.0,116.0,111.0,112.0,110.0,118.0,119.0,122.0,129.0,121.0,123.0,124.0,127.0,129.0,125.0,129.0,123.0,104.0,106.0
94,CILI MERAH - MINYAK,1kg,BARANGAN SEGAR,SAYUR-SAYURAN,327.0,329.0,327.0,334.0,332.0,341.0,337.0,342.0,337.0,332.0,339.0,336.0,336.0,324.0,320.0,329.0,335.0,337.0,336.0,283.0,344.0,345.0,343.0,346.0,344.0,354.0,345.0,342.0,341.0
95,HALIA BASAH (TUA),1kg,BARANGAN SEGAR,SAYUR-SAYURAN,486.0,486.0,484.0,486.0,483.0,479.0,479.0,467.0,468.0,467.0,466.0,457.0,460.0,467.0,462.0,472.0,479.0,464.0,466.0,408.0,455.0,448.0,447.0,470.0,471.0,472.0,469.0,439.0,439.0
96,KACANG BENDI,1kg,BARANGAN SEGAR,SAYUR-SAYURAN,352.0,346.0,348.0,343.0,341.0,354.0,351.0,350.0,359.0,356.0,359.0,369.0,369.0,362.0,353.0,362.0,364.0,355.0,352.0,324.0,350.0,359.0,362.0,370.0,373.0,381.0,386.0,362.0,368.0
97,KACANG BUNCIS,1kg,BARANGAN SEGAR,SAYUR-SAYURAN,355.0,357.0,356.0,334.0,315.0,326.0,355.0,373.0,379.0,371.0,364.0,370.0,383.0,377.0,379.0,392.0,382.0,377.0,373.0,295.0,303.0,297.0,300.0,309.0,320.0,328.0,352.0,335.0,333.0
98,KACANG PANJANG,1kg,BARANGAN SEGAR,SAYUR-SAYURAN,323.0,343.0,352.0,361.0,349.0,361.0,353.0,363.0,363.0,366.0,358.0,362.0,380.0,395.0,390.0,392.0,374.0,379.0,385.0,324.0,386.0,373.0,367.0,347.0,343.0,362.0,351.0,330.0,332.0
101,KELAPA BIJI,1 biji,BARANGAN SEGAR,KELAPA,39.0,37.0,37.0,39.0,41.0,40.0,40.0,43.0,45.0,46.0,48.0,45.0,45.0,47.0,46.0,46.0,44.0,44.0,45.0,42.0,47.0,47.0,43.0,43.0,45.0,45.0,46.0,45.0,43.0
102,KELAPA PARUT,1kg,BARANGAN SEGAR,KELAPA,9.0,8.0,8.0,10.0,7.0,8.0,8.0,6.0,7.0,6.0,6.0,5.0,6.0,7.0,8.0,7.0,5.0,7.0,9.0,8.0,10.0,11.0,11.0,9.0,11.0,11.0,12.0,14.0,12.0
103,SANTAN KELAPA SEGAR (BIASA),1kg,BARANGAN SEGAR,KELAPA,85.0,90.0,91.0,87.0,84.0,87.0,82.0,80.0,84.0,87.0,88.0,90.0,92.0,91.0,95.0,94.0,98.0,100.0,100.0,84.0,104.0,106.0,104.0,102.0,102.0,105.0,106.0,101.0,104.0
104,KUBIS BULAT IMPORT (CHINA),1kg,BARANGAN SEGAR,SAYUR-SAYURAN,354.0,360.0,360.0,366.0,365.0,376.0,373.0,376.0,372.0,367.0,372.0,377.0,380.0,374.0,363.0,368.0,373.0,371.0,370.0,307.0,353.0,346.0,345.0,359.0,366.0,374.0,386.0,372.0,369.0
105,KUBIS BULAT (TEMPATAN),1kg,BARANGAN SEGAR,SAYUR-SAYURAN,206.0,206.0,215.0,212.0,217.0,219.0,218.0,218.0,216.0,223.0,217.0,228.0,237.0,225.0,223.0,229.0,225.0,222.0,228.0,196.0,223.0,222.0,222.0,228.0,224.0,228.0,225.0,190.0,189.0
108,KUNYIT HIDUP,1kg,BARANGAN SEGAR,SAYUR-SAYURAN,406.0,413.0,415.0,415.0,420.0,416.0,416.0,414.0,419.0,427.0,420.0,413.0,411.0,412.0,410.0,418.0,414.0,416.0,420.0,364.0,421.0,426.0,424.0,424.0,419.0,420.0,420.0,391.0,392.0
109,LOBAK MERAH,1kg,BARANGAN SEGAR,SAYUR-SAYURAN,432.0,448.0,452.0,458.0,455.0,459.0,469.0,461.0,459.0,455.0,447.0,453.0,451.0,443.0,432.0,442.0,449.0,446.0,449.0,385.0,433.0,418.0,421.0,440.0,439.0,452.0,454.0,410.0,408.0
112,TERUNG PANJANG,1kg,BARANGAN SEGAR,SAYUR-SAYURAN,339.0,346.0,348.0,349.0,352.0,362.0,359.0,359.0,363.0,368.0,366.0,365.0,366.0,368.0,367.0,375.0,370.0,367.0,366.0,316.0,364.0,369.0,371.0,376.0,372.0,374.0,377.0,333.0,333.0
113,TIMUN,1kg,BARANGAN SEGAR,SAYUR-SAYURAN,427.0,427.0,426.0,422.0,422.0,423.0,424.0,419.0,427.0,426.0,420.0,431.0,434.0,446.0,440.0,453.0,453.0,459.0,462.0,404.0,460.0,460.0,459.0,449.0,451.0,456.0,449.0,414.0,411.0
114,TOMATO,1kg,BARANGAN SEGAR,SAYUR-SAYURAN,456.0,462.0,461.0,459.0,459.0,455.0,449.0,437.0,436.0,440.0,450.0,452.0,459.0,462.0,456.0,464.0,465.0,465.0,467.0,400.0,460.0,450.0,450.0,454.0,442.0,434.0,365.0,294.0,295.0
118,TELUR AYAM GRED A (BERAT 65.0 GM HINGGA 69.9 GM SEBIJI),10 biji,BARANGAN SEGAR,TELUR,24.0,23.0,24.0,19.0,21.0,19.0,20.0,22.0,22.0,18.0,15.0,16.0,16.0,18.0,20.0,20.0,18.0,17.0,19.0,20.0,22.0,20.0,23.0,17.0,11.0,14.0,16.0,20.0,20.0
119,TELUR AYAM GRED B (BERAT 60.0 GM HINGGA 64.9 GM),10 biji,BARANGAN SEGAR,TELUR,18.0,16.0,16.0,18.0,16.0,20.0,20.0,17.0,17.0,17.0,19.0,18.0,16.0,15.0,15.0,20.0,20.0,18.0,17.0,18.0,17.0,17.0,19.0,18.0,14.0,12.0,15.0,12.0,15.0
120,TELUR AYAM GRED C (BERAT 55.0 GM HINGGA 59.9 GM SEBIJI),10 biji,BARANGAN SEGAR,TELUR,21.0,22.0,29.0,23.0,21.0,22.0,22.0,23.0,18.0,21.0,17.0,21.0,21.0,19.0,20.0,24.0,23.0,22.0,22.0,23.0,24.0,23.0,23.0,21.0,21.0,21.0,22.0,21.0,25.0
124,TELUR PUYUH,15 Biji,BARANGAN SEGAR,TELUR,289.0,282.0,279.0,276.0,274.0,271.0,277.0,281.0,279.0,272.0,274.0,277.0,288.0,284.0,292.0,290.0,288.0,283.0,284.0,238.0,289.0,290.0,280.0,279.0,277.0,281.0,283.0,287.0,279.0
125,TELUR ITIK,10 biji,BARANGAN SEGAR,TELUR,45.0,43.0,44.0,43.0,45.0,47.0,48.0,45.0,45.0,45.0,47.0,49.0,48.0,49.0,49.0,50.0,51.0,51.0,50.0,50.0,51.0,51.0,50.0,49.0,50.0,52.0,52.0,52.0,53.0
129,BAWANG BESAR KUNING/HOLLAND,1kg,BARANGAN KERING,BAWANG,463.0,469.0,466.0,473.0,468.0,472.0,475.0,474.0,473.0,474.0,476.0,476.0,476.0,481.0,475.0,475.0,477.0,481.0,482.0,410.0,453.0,450.0,447.0,452.0,470.0,469.0,468.0,398.0,392.0
131,BAWANG KECIL MERAH ROSE IMPORT (INDIA),1kg,BARANGAN KERING,BAWANG,303.0,308.0,307.0,309.0,308.0,308.0,311.0,312.0,311.0,306.0,313.0,310.0,318.0,319.0,317.0,321.0,317.0,317.0,317.0,263.0,293.0,307.0,307.0,311.0,314.0,310.0,311.0,273.0,273.0
132,BAWANG KECIL MERAH IMPORT (THAILAND),1kg,BARANGAN KERING,BAWANG,108.0,107.0,107.0,102.0,102.0,101.0,100.0,102.0,103.0,105.0,102.0,103.0,101.0,103.0,105.0,105.0,107.0,105.0,104.0,101.0,108.0,110.0,108.0,105.0,104.0,103.0,101.0,104.0,100.0
148,IKAN BILIS GRED B (KOPEK),1kg,BARANGAN KERING,HASIL LAUT KERING,242.0,241.0,242.0,257.0,255.0,253.0,251.0,248.0,251.0,254.0,258.0,256.0,261.0,259.0,255.0,263.0,273.0,269.0,270.0,232.0,265.0,257.0,253.0,260.0,261.0,262.0,267.0,249.0,253.0
152,KACANG HIJAU (IMPORT),1kg,BARANGAN KERING,KACANG,410.0,408.0,410.0,421.0,423.0,425.0,427.0,426.0,425.0,425.0,423.0,427.0,428.0,429.0,419.0,426.0,423.0,424.0,426.0,371.0,418.0,417.0,417.0,422.0,419.0,414.0,417.0,375.0,374.0
154,SERBUK KUNYIT (TIDAK BERBUNGKUS),100 g,BARANGAN BERBUNGKUS,REMPAH RATUS (TIDAK BERBUNGKUS),0.0,0.0,0.0,92.0,0.0,0.0,90.0,0.0,0.0,0.0,0.0,0.0,0.0,0.0,0.0,0.0,88.0,0.0,0.0,0.0,0.0,0.0,0.0,88.0,0.0,0.0,90.0,0.0,0.0
155,SERBUK CILI  (TIDAK BERBUNGKUS),100 g,BARANGAN BERBUNGKUS,REMPAH RATUS (TIDAK BERBUNGKUS),0.0,0.0,0.0,80.0,0.0,0.0,76.0,0.0,0.0,0.0,0.0,0.0,0.0,0.0,0.0,0.0,79.0,0.0,0.0,0.0,0.0,0.0,0.0,77.0,0.0,0.0,82.0,0.0,0.0
160,UBI KENTANG RUSSET,1kg,BARANGAN KERING,UBI KENTANG,148.0,149.0,150.0,148.0,144.0,145.0,143.0,149.0,152.0,159.0,157.0,151.0,152.0,149.0,149.0,148.0,147.0,148.0,149.0,123.0,138.0,138.0,137.0,139.0,135.0,138.0,139.0,138.0,138.0
180,TEH BOH (UNCANG),100 beg,MINUMAN,BAHAN-BAHAN MINUMAN,0.0,0.0,0.0,0.0,0.0,0.0,0.0,0.0,0.0,0.0,0.0,0.0,0.0,0.0,0.0,0.0,1.0,0.0,0.0,0.0,0.0,0.0,0.0,360.0,0.0,0.0,0.0,0.0,0.0
190,SARDIN CAP AYAM (SOS TOMATO),155 g,BARANGAN BERBUNGKUS,IKAN DALAM TIN,0.0,0.0,0.0,432.0,0.0,0.0,430.0,0.0,0.0,0.0,0.0,0.0,0.0,0.0,0.0,0.0,440.0,0.0,0.0,0.0,0.0,0.0,0.0,445.0,0.0,0.0,457.0,0.0,0.0
191,SARDIN CAP AYAM (SOS TOMATO),425 g,BARANGAN BERBUNGKUS,IKAN DALAM TIN,0.0,0.0,0.0,414.0,0.0,0.0,419.0,0.0,0.0,0.0,0.0,0.0,0.0,0.0,0.0,0.0,433.0,0.0,0.0,0.0,0.0,0.0,0.0,433.0,0.0,0.0,437.0,0.0,0.0
192,SARDIN CAP KING CUP (SOS TOMATO),155 g,BARANGAN BERBUNGKUS,IKAN DALAM TIN,0.0,0.0,0.0,258.0,0.0,0.0,250.0,0.0,0.0,0.0,0.0,0.0,0.0,0.0,0.0,0.0,254.0,0.0,0.0,0.0,0.0,0.0,0.0,270.0,0.0,0.0,280.0,0.0,0.0
193,SARDIN CAP KING CUP (SOS TOMATO),425 g,BARANGAN BERBUNGKUS,IKAN DALAM TIN,0.0,0.0,0.0,275.0,0.0,0.0,267.0,0.0,0.0,0.0,0.0,0.0,0.0,0.0,0.0,0.0,274.0,0.0,0.0,0.0,0.0,0.0,0.0,283.0,0.0,0.0,286.0,0.0,0.0
195,MACKAREL CAP AYAM (SOS TOMATO),425 g,BARANGAN BERBUNGKUS,IKAN DALAM TIN,0.0,0.0,0.0,412.0,0.0,0.0,414.0,0.0,0.0,0.0,0.0,0.0,0.0,0.0,0.0,0.0,437.0,0.0,0.0,0.0,0.0,0.0,0.0,446.0,0.0,0.0,439.0,0.0,0.0
197,MACKAREL CAP KING CUP (SOS TOMATO),425 g,BARANGAN BERBUNGKUS,IKAN DALAM TIN,0.0,0.0,0.0,179.0,0.0,0.0,174.0,0.0,0.0,0.0,0.0,0.0,0.0,0.0,0.0,0.0,183.0,0.0,0.0,0.0,0.0,0.0,0.0,196.0,0.0,0.0,199.0,0.0,0.0
199,TUNA CAP TC BOY (SANDWICH DELITE),150 g,BARANGAN BERBUNGKUS,IKAN DALAM TIN,0.0,0.0,0.0,43.0,0.0,0.0,41.0,0.0,0.0,0.0,0.0,0.0,0.0,0.0,0.0,0.0,42.0,0.0,0.0,0.0,0.0,0.0,0.0,48.0,0.0,0.0,47.0,0.0,0.0
201,JEM STRAWBERI LADY'S CHOICE,400 g,BARANGAN BERBUNGKUS,SAPUAN (SPREADS),0.0,0.0,0.0,282.0,0.0,0.0,283.0,0.0,0.0,0.0,0.0,0.0,0.0,0.0,0.0,0.0,293.0,0.0,0.0,0.0,0.0,0.0,0.0,286.0,0.0,0.0,284.0,0.0,0.0
202,SERI KAYA YEO'S,480 g,BARANGAN BERBUNGKUS,SAPUAN (SPREADS),0.0,0.0,0.0,324.0,0.0,0.0,323.0,0.0,0.0,0.0,0.0,0.0,0.0,0.0,0.0,0.0,321.0,0.0,0.0,0.0,0.0,0.0,0.0,314.0,0.0,0.0,321.0,0.0,0.0
203,MAINLAND CHESDALE CHEDDAR CHEESE SPREAD 12 CHEDDAR,250 g,BARANGAN BERBUNGKUS,SAPUAN (SPREADS),0.0,0.0,0.0,353.0,0.0,0.0,363.0,0.0,0.0,0.0,0.0,0.0,0.0,0.0,0.0,0.0,368.0,0.0,0.0,0.0,0.0,0.0,0.0,370.0,0.0,0.0,382.0,0.0,0.0
205,MARJERIN DAISY,480 g,BARANGAN BERBUNGKUS,SAPUAN (SPREADS),0.0,0.0,0.0,364.0,0.0,0.0,373.0,0.0,0.0,0.0,0.0,0.0,0.0,0.0,0.0,0.0,372.0,0.0,0.0,0.0,0.0,0.0,0.0,373.0,0.0,0.0,374.0,0.0,0.0
206,MARJERIN PLANTA,480 g,BARANGAN BERBUNGKUS,SAPUAN (SPREADS),0.0,0.0,0.0,331.0,0.0,0.0,325.0,0.0,0.0,0.0,0.0,0.0,0.0,0.0,0.0,0.0,334.0,0.0,0.0,0.0,0.0,0.0,0.0,331.0,0.0,0.0,330.0,0.0,0.0
214,KICAP LEMAK MANIS CAP KIPAS UDANG,345ml,BARANGAN BERBUNGKUS,KICAP DAN SOS,0.0,0.0,0.0,402.0,0.0,0.0,396.0,0.0,0.0,0.0,0.0,0.0,0.0,0.0,0.0,0.0,409.0,0.0,0.0,0.0,0.0,0.0,0.0,412.0,0.0,0.0,419.0,0.0,0.0
215,KICAP LEMAK MANIS CAP JALEN,650 ml,BARANGAN BERBUNGKUS,KICAP DAN SOS,0.0,0.0,0.0,301.0,0.0,0.0,306.0,0.0,0.0,0.0,0.0,0.0,0.0,0.0,0.0,0.0,320.0,0.0,0.0,0.0,0.0,0.0,0.0,339.0,0.0,0.0,345.0,0.0,0.0
217,SOS TOMATO MAGGI,325 g,BARANGAN BERBUNGKUS,KICAP DAN SOS,0.0,0.0,0.0,422.0,0.0,0.0,427.0,0.0,0.0,0.0,0.0,0.0,0.0,0.0,0.0,0.0,429.0,0.0,0.0,0.0,0.0,0.0,0.0,439.0,0.0,0.0,437.0,0.0,0.0
218,SOS CILI LIFE,340 g,BARANGAN BERBUNGKUS,KICAP DAN SOS,0.0,0.0,0.0,328.0,0.0,0.0,329.0,0.0,0.0,0.0,0.0,0.0,0.0,0.0,0.0,0.0,339.0,0.0,0.0,0.0,0.0,0.0,0.0,343.0,0.0,0.0,339.0,0.0,0.0
221,DRINHO SOYA (KOTAK),250 ml,MINUMAN,TERSEDIA MINUM,0.0,0.0,0.0,0.0,0.0,0.0,0.0,0.0,0.0,0.0,0.0,0.0,0.0,0.0,0.0,0.0,0.0,0.0,0.0,0.0,0.0,0.0,0.0,21.0,0.0,0.0,0.0,0.0,0.0
224,SUSU SEGAR DUTCH LADY,1 liter,MINUMAN,TERSEDIA MINUM,0.0,0.0,0.0,0.0,0.0,0.0,0.0,0.0,0.0,0.0,0.0,0.0,0.0,0.0,0.0,0.0,0.0,0.0,0.0,0.0,0.0,0.0,0.0,243.0,0.0,0.0,0.0,0.0,0.0
226,YEO'S LAICI (KOTAK),250 ml,MINUMAN,TERSEDIA MINUM,0.0,0.0,0.0,0.0,0.0,0.0,0.0,0.0,0.0,0.0,0.0,0.0,0.0,0.0,0.0,0.0,0.0,0.0,0.0,0.0,0.0,0.0,0.0,19.0,0.0,0.0,0.0,0.0,0.0
228,COCA COLA (BOTOL),1.5 liter,MINUMAN,TERSEDIA MINUM,0.0,0.0,0.0,0.0,0.0,0.0,0.0,0.0,0.0,0.0,0.0,0.0,0.0,0.0,0.0,0.0,1.0,0.0,0.0,0.0,0.0,0.0,0.0,308.0,0.0,0.0,0.0,0.0,0.0
229,F&N OREN (TIN),325 ml,MINUMAN,TERSEDIA MINUM,0.0,0.0,0.0,0.0,0.0,0.0,0.0,0.0,0.0,0.0,0.0,0.0,0.0,0.0,0.0,0.0,1.0,0.0,0.0,0.0,0.0,0.0,0.0,275.0,0.0,0.0,0.0,0.0,0.0
230,F&N OREN (BOTOL),1.5 liter,MINUMAN,TERSEDIA MINUM,0.0,0.0,0.0,0.0,0.0,0.0,0.0,0.0,0.0,0.0,0.0,0.0,0.0,0.0,0.0,0.0,1.0,0.0,0.0,0.0,0.0,0.0,0.0,310.0,0.0,0.0,0.0,0.0,0.0
232,MIRINDA OREN (BOTOL),1.5 liter,MINUMAN,TERSEDIA MINUM,0.0,0.0,0.0,0.0,0.0,0.0,0.0,0.0,0.0,0.0,0.0,0.0,0.0,0.0,0.0,0.0,0.0,0.0,0.0,0.0,0.0,0.0,0.0,293.0,0.0,0.0,0.0,0.0,0.0
235,JUS OREN PEEL FRESH (MARIGOLD),1 liter,MINUMAN,TERSEDIA MINUM,0.0,0.0,0.0,0.0,0.0,0.0,0.0,0.0,0.0,0.0,0.0,0.0,0.0,0.0,0.0,0.0,0.0,0.0,0.0,0.0,0.0,0.0,0.0,369.0,0.0,0.0,0.0,0.0,0.0
236,JUS OREN SUNKIST,1 liter,MINUMAN,TERSEDIA MINUM,0.0,0.0,0.0,0.0,0.0,0.0,0.0,0.0,0.0,0.0,0.0,0.0,0.0,0.0,0.0,0.0,0.0,0.0,0.0,0.0,0.0,0.0,0.0,1.0,0.0,0.0,0.0,0.0,0.0
239,RED BULL (BOTOL),150 ml,MINUMAN,TERSEDIA MINUM,0.0,0.0,0.0,0.0,0.0,0.0,0.0,0.0,0.0,0.0,0.0,0.0,0.0,0.0,0.0,0.0,1.0,0.0,0.0,0.0,0.0,0.0,0.0,229.0,0.0,0.0,0.0,0.0,0.0
240,LIVITA WITH HONEY (BOTOL),150 ml,MINUMAN,TERSEDIA MINUM,0.0,0.0,0.0,0.0,0.0,0.0,0.0,0.0,0.0,0.0,0.0,0.0,0.0,0.0,0.0,0.0,0.0,0.0,0.0,0.0,0.0,0.0,0.0,106.0,0.0,0.0,0.0,0.0,0.0
246,MINYAK JAGUNG CAP MAZOLA,1kg,BARANGAN BERBUNGKUS,MINYAK DAN LEMAK,0.0,0.0,0.0,223.0,0.0,0.0,219.0,0.0,0.0,0.0,0.0,0.0,0.0,0.0,0.0,0.0,229.0,0.0,0.0,0.0,0.0,0.0,0.0,225.0,0.0,0.0,226.0,0.0,0.0
254,MINYAK MASAK SEBATIAN CAP HELANG,5 kg,BARANGAN BERBUNGKUS,MINYAK DAN LEMAK,0.0,0.0,0.0,289.0,0.0,0.0,290.0,0.0,0.0,0.0,0.0,0.0,0.0,0.0,0.0,0.0,309.0,0.0,0.0,0.0,0.0,0.0,0.0,312.0,0.0,0.0,319.0,0.0,0.0
257,MINYAK MASAK SEBATIAN CAP NEPTUNE,5 kg,BARANGAN BERBUNGKUS,MINYAK DAN LEMAK,0.0,0.0,0.0,135.0,0.0,0.0,133.0,0.0,0.0,0.0,0.0,0.0,0.0,0.0,0.0,0.0,143.0,0.0,0.0,0.0,0.0,0.0,0.0,144.0,0.0,0.0,154.0,0.0,0.0
260,MINYAK MASAK SEBATIAN CAP PISAU,5 kg,BARANGAN BERBUNGKUS,MINYAK DAN LEMAK,0.0,0.0,0.0,327.0,0.0,0.0,332.0,0.0,0.0,0.0,0.0,0.0,0.0,0.0,0.0,0.0,358.0,0.0,0.0,0.0,0.0,0.0,0.0,356.0,0.0,0.0,359.0,0.0,0.0
263,MINYAK MASAK TULEN CAP BURUH,5 kg,BARANGAN BERBUNGKUS,MINYAK DAN LEMAK,0.0,0.0,0.0,250.0,0.0,0.0,277.0,0.0,0.0,0.0,0.0,0.0,0.0,0.0,0.0,0.0,340.0,0.0,0.0,0.0,0.0,0.0,0.0,380.0,0.0,0.0,394.0,0.0,0.0
266,MINYAK MASAK TULEN CAP SERI MURNI,5 kg,BARANGAN BERBUNGKUS,MINYAK DAN LEMAK,0.0,0.0,0.0,271.0,0.0,0.0,289.0,0.0,0.0,0.0,0.0,0.0,0.0,0.0,0.0,0.0,331.0,0.0,0.0,0.0,0.0,0.0,0.0,376.0,0.0,0.0,376.0,0.0,0.0
267,MINYAK MASAK TULEN CAP VESAWIT,1kg,BARANGAN BERBUNGKUS,MINYAK DAN LEMAK,0.0,0.0,0.0,147.0,0.0,0.0,138.0,0.0,0.0,0.0,0.0,0.0,0.0,0.0,0.0,0.0,169.0,0.0,0.0,0.0,0.0,0.0,0.0,178.0,0.0,0.0,188.0,0.0,0.0
271,MINYAK SAPI CAP QBB,400 g,BARANGAN BERBUNGKUS,MINYAK DAN LEMAK,0.0,0.0,0.0,84.0,0.0,0.0,90.0,0.0,0.0,0.0,0.0,0.0,0.0,0.0,0.0,0.0,90.0,0.0,0.0,0.0,0.0,0.0,0.0,89.0,0.0,0.0,87.0,0.0,0.0
272,ROTI SANDWICH GARDENIA ORIGINAL CLASSIC,400 g,BARANGAN BERBUNGKUS,ROTI,0.0,0.0,0.0,362.0,0.0,0.0,372.0,0.0,0.0,0.0,0.0,0.0,0.0,0.0,0.0,0.0,367.0,0.0,0.0,0.0,0.0,0.0,0.0,369.0,0.0,0.0,380.0,0.0,0.0
292,UBAT GIGI COLGATE (PUDINA SEGAR),250 g,PRODUK KEBERSIHAN,PENJAGAAN DIRI,0.0,0.0,0.0,0.0,0.0,0.0,0.0,0.0,0.0,0.0,0.0,0.0,0.0,0.0,0.0,0.0,1.0,0.0,0.0,0.0,0.0,0.0,0.0,345.0,0.0,0.0,0.0,0.0,0.0
293,UBAT GIGI DARLIE DOUBLE ACTION (PUDINA ASLI),250 g,PRODUK KEBERSIHAN,PENJAGAAN DIRI,0.0,0.0,0.0,0.0,0.0,0.0,0.0,0.0,0.0,0.0,0.0,0.0,0.0,0.0,0.0,0.0,1.0,0.0,0.0,0.0,0.0,0.0,0.0,390.0,0.0,0.0,0.0,0.0,0.0
295,UBAT GIGI FRESH & WHITE (PUDINA SEGAR),160 g,PRODUK KEBERSIHAN,PENJAGAAN DIRI,0.0,0.0,0.0,0.0,0.0,0.0,0.0,0.0,0.0,0.0,0.0,0.0,0.0,0.0,0.0,0.0,1.0,0.0,0.0,0.0,0.0,0.0,0.0,218.0,0.0,0.0,0.0,0.0,0.0
299,LACTOGEN 1 RUMUSAN BAYI (KOTAK),650g,SUSU DAN BARANGAN BAYI,SUSU BAYI,0.0,0.0,0.0,403.0,0.0,0.0,403.0,0.0,0.0,0.0,0.0,0.0,0.0,0.0,0.0,0.0,405.0,0.0,0.0,0.0,0.0,0.0,0.0,408.0,0.0,0.0,406.0,0.0,0.0
300,LACTOGEN 2 RUMUSAN SUSULAN (KOTAK),650g,SUSU DAN BARANGAN BAYI,SUSU BAYI,0.0,0.0,0.0,402.0,0.0,0.0,409.0,0.0,0.0,0.0,0.0,0.0,0.0,0.0,0.0,0.0,408.0,0.0,0.0,0.0,0.0,0.0,0.0,403.0,0.0,0.0,400.0,0.0,0.0
320,SUSU SEJAT PENUH KRIM CAP IDEAL,390g,BARANGAN BERBUNGKUS,KRIMER DAN SUSU TEPUNG,0.0,0.0,0.0,224.0,0.0,0.0,217.0,0.0,0.0,0.0,0.0,0.0,0.0,0.0,0.0,0.0,241.0,0.0,0.0,0.0,0.0,0.0,0.0,251.0,0.0,0.0,252.0,0.0,0.0
327,SUSU TEPUNG ISIAN KURANG LEMAK 'OMEGA PLUS',1kg,BARANGAN BERBUNGKUS,KRIMER DAN SUSU TEPUNG,0.0,0.0,0.0,349.0,0.0,0.0,354.0,0.0,0.0,0.0,0.0,0.0,0.0,0.0,0.0,0.0,346.0,0.0,0.0,0.0,0.0,0.0,0.0,332.0,0.0,0.0,323.0,0.0,0.0
332,SUSU TEPUNG SEGERA FERNLEAF (INSTANT),550 g,BARANGAN BERBUNGKUS,KRIMER DAN SUSU TEPUNG,0.0,0.0,0.0,101.0,0.0,0.0,106.0,0.0,0.0,0.0,0.0,0.0,0.0,0.0,0.0,0.0,102.0,0.0,0.0,0.0,0.0,0.0,0.0,101.0,0.0,0.0,106.0,0.0,0.0
334,SUSU ANLENE ACTIFIT 3X PERISA ASLI,600 g,BARANGAN BERBUNGKUS,KRIMER DAN SUSU TEPUNG,0.0,0.0,0.0,113.0,0.0,0.0,113.0,0.0,0.0,0.0,0.0,0.0,0.0,0.0,0.0,0.0,100.0,0.0,0.0,0.0,0.0,0.0,0.0,95.0,0.0,0.0,89.0,0.0,0.0
335,SUSU ANLENE GOLD 5X,600 g,BARANGAN BERBUNGKUS,KRIMER DAN SUSU TEPUNG,0.0,0.0,0.0,96.0,0.0,0.0,94.0,0.0,0.0,0.0,0.0,0.0,0.0,0.0,0.0,0.0,89.0,0.0,0.0,0.0,0.0,0.0,0.0,83.0,0.0,0.0,74.0,0.0,0.0
336,ANMUM MATERNA (BIASA/COKLAT),650g,BARANGAN BERBUNGKUS,KRIMER DAN SUSU TEPUNG,0.0,0.0,0.0,363.0,0.0,0.0,366.0,0.0,0.0,0.0,0.0,0.0,0.0,0.0,0.0,0.0,369.0,0.0,0.0,0.0,0.0,0.0,0.0,373.0,0.0,0.0,370.0,0.0,0.0
343,KULIT KAYU MANIS,100 g,BARANGAN BERBUNGKUS,REMPAH RATUS (TIDAK BERBUNGKUS),0.0,0.0,0.0,285.0,0.0,0.0,277.0,0.0,0.0,0.0,0.0,0.0,0.0,0.0,0.0,0.0,297.0,0.0,0.0,0.0,0.0,0.0,0.0,300.0,0.0,0.0,301.0,0.0,0.0
345,SUSU TEPUNG ISIAN KURANG LEMAK 'OMEGA PLUS',600 g,BARANGAN BERBUNGKUS,KRIMER DAN SUSU TEPUNG,0.0,0.0,0.0,393.0,0.0,0.0,395.0,0.0,0.0,0.0,0.0,0.0,0.0,0.0,0.0,0.0,406.0,0.0,0.0,0.0,0.0,0.0,0.0,383.0,0.0,0.0,371.0,0.0,0.0
346,REMPAH KURMA (TIDAK BERBUNGKUS),100 g,BARANGAN BERBUNGKUS,REMPAH RATUS (TIDAK BERBUNGKUS),0.0,0.0,0.0,61.0,0.0,0.0,62.0,0.0,0.0,0.0,0.0,0.0,0.0,0.0,0.0,0.0,62.0,0.0,0.0,0.0,0.0,0.0,0.0,61.0,0.0,0.0,61.0,0.0,0.0
347,REMPAH SUP (TIDAK BERBUNGKUS),100 g,BARANGAN BERBUNGKUS,REMPAH RATUS (TIDAK BERBUNGKUS),0.0,0.0,0.0,14.0,0.0,0.0,14.0,0.0,0.0,0.0,0.0,0.0,0.0,0.0,0.0,0.0,14.0,0.0,0.0,0.0,0.0,0.0,0.0,14.0,0.0,0.0,14.0,0.0,0.0
350,SERBUK KARI IKAN BABAS,250 g,BARANGAN BERBUNGKUS,REMPAH RATUS (BERBUNGKUS),0.0,0.0,0.0,466.0,0.0,0.0,468.0,0.0,0.0,0.0,0.0,0.0,0.0,0.0,0.0,0.0,470.0,0.0,0.0,0.0,0.0,0.0,0.0,466.0,0.0,0.0,453.0,0.0,0.0
360,SUP BUNJUT ADABI,8 g,BARANGAN BERBUNGKUS,REMPAH RATUS (BERBUNGKUS),0.0,0.0,0.0,400.0,0.0,0.0,406.0,0.0,0.0,0.0,0.0,0.0,0.0,0.0,0.0,0.0,413.0,0.0,0.0,0.0,0.0,0.0,0.0,409.0,0.0,0.0,416.0,0.0,0.0
361,SUP PUNJUT MAK SITI,10 g,BARANGAN BERBUNGKUS,REMPAH RATUS (BERBUNGKUS),0.0,0.0,0.0,44.0,0.0,0.0,42.0,0.0,0.0,0.0,0.0,0.0,0.0,0.0,0.0,0.0,45.0,0.0,0.0,0.0,0.0,0.0,0.0,45.0,0.0,0.0,42.0,0.0,0.0
364,SERBUK CILI BABAS,250 g,BARANGAN BERBUNGKUS,REMPAH RATUS (BERBUNGKUS),0.0,0.0,0.0,456.0,0.0,0.0,454.0,0.0,0.0,0.0,0.0,0.0,0.0,0.0,0.0,0.0,451.0,0.0,0.0,0.0,0.0,0.0,0.0,463.0,0.0,0.0,457.0,0.0,0.0
365,SERBUK KUNYIT CAMPURAN (SEBATIAN) ADABI,250 g,BARANGAN BERBUNGKUS,REMPAH RATUS (BERBUNGKUS),0.0,0.0,0.0,411.0,0.0,0.0,404.0,0.0,0.0,0.0,0.0,0.0,0.0,0.0,0.0,0.0,395.0,0.0,0.0,0.0,0.0,0.0,0.0,398.0,0.0,0.0,424.0,0.0,0.0
367,SERBUK KUNYIT BABAS,250 g,BARANGAN BERBUNGKUS,REMPAH RATUS (BERBUNGKUS),0.0,0.0,0.0,440.0,0.0,0.0,436.0,0.0,0.0,0.0,0.0,0.0,0.0,0.0,0.0,0.0,441.0,0.0,0.0,0.0,0.0,0.0,0.0,438.0,0.0,0.0,438.0,0.0,0.0
368,KACANG TANAH (IMPORT),1kg,BARANGAN KERING,KACANG,414.0,412.0,413.0,421.0,420.0,424.0,426.0,425.0,428.0,431.0,427.0,424.0,433.0,426.0,418.0,431.0,433.0,428.0,430.0,383.0,430.0,428.0,427.0,432.0,432.0,438.0,437.0,353.0,350.0
388,KRIMER MANIS CAP JUNJUNG,500 g,BARANGAN BERBUNGKUS,KRIMER DAN SUSU TEPUNG,0.0,0.0,0.0,254.0,0.0,0.0,253.0,0.0,0.0,0.0,0.0,0.0,0.0,0.0,0.0,0.0,260.0,0.0,0.0,0.0,0.0,0.0,0.0,258.0,0.0,0.0,262.0,0.0,0.0
716,CILI API/PADI HIJAU,1kg,BARANGAN SEGAR,SAYUR-SAYURAN,140.0,139.0,149.0,140.0,145.0,149.0,155.0,151.0,162.0,152.0,146.0,141.0,154.0,148.0,144.0,145.0,137.0,141.0,145.0,122.0,144.0,147.0,142.0,130.0,134.0,139.0,136.0,139.0,142.0
843,ANMUM LACTA (BIASA),650g,BARANGAN BERBUNGKUS,KRIMER DAN SUSU TEPUNG,0.0,0.0,0.0,269.0,0.0,0.0,264.0,0.0,0.0,0.0,0.0,0.0,0.0,0.0,0.0,0.0,261.0,0.0,0.0,0.0,0.0,0.0,0.0,261.0,0.0,0.0,263.0,0.0,0.0
845,SOTONG (≥ 6 EKOR SEKILOGRAM),1kg,BARANGAN SEGAR,BAHAN LAUT,241.0,252.0,256.0,237.0,241.0,247.0,249.0,267.0,264.0,261.0,253.0,259.0,266.0,268.0,263.0,277.0,273.0,269.0,282.0,232.0,276.0,272.0,265.0,262.0,254.0,273.0,259.0,260.0,251.0
847,KETAM RENJONG/BUNGA (ANTARA 5 HINGGA 8 EKOR SEKILOGRAM),1kg,BARANGAN SEGAR,BAHAN LAUT,188.0,187.0,202.0,203.0,192.0,194.0,201.0,199.0,202.0,200.0,201.0,203.0,215.0,212.0,214.0,214.0,203.0,207.0,215.0,179.0,209.0,215.0,210.0,198.0,198.0,206.0,212.0,204.0,199.0
849,UDANG PUTIH KECIL (b	% 61 EKOR SEKILOGRAM),1kg,BARANGAN SEGAR,BAHAN LAUT,114.0,115.0,112.0,115.0,114.0,115.0,123.0,110.0,107.0,103.0,106.0,124.0,120.0,120.0,113.0,121.0,110.0,108.0,117.0,104.0,107.0,109.0,117.0,105.0,102.0,108.0,109.0,105.0,98.0
850,UDANG HARIMAU (ANTARA 20 HINGGA 30 EKOR SEKILOGRAM),1kg,BARANGAN SEGAR,BAHAN LAUT,109.0,114.0,111.0,111.0,120.0,116.0,108.0,121.0,130.0,120.0,110.0,100.0,109.0,116.0,113.0,111.0,111.0,100.0,100.0,101.0,111.0,103.0,107.0,106.0,109.0,107.0,118.0,112.0,104.0
861,UBI KENTANG HOLLAND,1kg,BARANGAN KERING,UBI KENTANG,30.0,28.0,28.0,29.0,29.0,31.0,31.0,31.0,30.0,30.0,30.0,31.0,28.0,29.0,30.0,30.0,30.0,28.0,28.0,30.0,30.0,29.0,30.0,29.0,27.0,28.0,28.0,23.0,23.0
863,JINTAN MANIS (KASAR),100 g,BARANGAN BERBUNGKUS,REMPAH RATUS (TIDAK BERBUNGKUS),0.0,0.0,0.0,260.0,0.0,0.0,256.0,0.0,0.0,0.0,0.0,0.0,0.0,0.0,0.0,0.0,262.0,0.0,0.0,0.0,0.0,0.0,0.0,271.0,0.0,0.0,278.0,0.0,0.0
864,BUNGA CENGKIH,100 g,BARANGAN BERBUNGKUS,REMPAH RATUS (TIDAK BERBUNGKUS),0.0,0.0,0.0,258.0,0.0,0.0,256.0,0.0,0.0,0.0,0.0,0.0,0.0,0.0,0.0,0.0,275.0,0.0,0.0,0.0,0.0,0.0,0.0,279.0,0.0,0.0,283.0,0.0,0.0
865,BUNGA LAWANG,100 g,BARANGAN BERBUNGKUS,REMPAH RATUS (TIDAK BERBUNGKUS),0.0,0.0,0.0,254.0,0.0,0.0,250.0,0.0,0.0,0.0,0.0,0.0,0.0,0.0,0.0,0.0,262.0,0.0,0.0,0.0,0.0,0.0,0.0,259.0,0.0,0.0,261.0,0.0,0.0
866,BUAH PELAGA,100 g,BARANGAN BERBUNGKUS,REMPAH RATUS (TIDAK BERBUNGKUS),0.0,0.0,0.0,179.0,0.0,0.0,181.0,0.0,0.0,0.0,0.0,0.0,0.0,0.0,0.0,0.0,195.0,0.0,0.0,0.0,0.0,0.0,0.0,186.0,0.0,0.0,187.0,0.0,0.0
867,BUAH KERAS,100 g,BARANGAN BERBUNGKUS,REMPAH RATUS (TIDAK BERBUNGKUS),0.0,0.0,0.0,224.0,0.0,0.0,223.0,0.0,0.0,0.0,0.0,0.0,0.0,0.0,0.0,0.0,224.0,0.0,0.0,0.0,0.0,0.0,0.0,232.0,0.0,0.0,231.0,0.0,0.0
868,BUAH PALA,100 g,BARANGAN BERBUNGKUS,REMPAH RATUS (TIDAK BERBUNGKUS),0.0,0.0,0.0,85.0,0.0,0.0,86.0,0.0,0.0,0.0,0.0,0.0,0.0,0.0,0.0,0.0,104.0,0.0,0.0,0.0,0.0,0.0,0.0,104.0,0.0,0.0,102.0,0.0,0.0
869,BIJI SAWI,100 g,BARANGAN BERBUNGKUS,REMPAH RATUS (TIDAK BERBUNGKUS),0.0,0.0,0.0,225.0,0.0,0.0,219.0,0.0,0.0,0.0,0.0,0.0,0.0,0.0,0.0,0.0,222.0,0.0,0.0,0.0,0.0,0.0,0.0,227.0,0.0,0.0,226.0,0.0,0.0
870,BIJI KETUMBAR,100 g,BARANGAN BERBUNGKUS,REMPAH RATUS (TIDAK BERBUNGKUS),0.0,0.0,0.0,269.0,0.0,0.0,264.0,0.0,0.0,0.0,0.0,0.0,0.0,0.0,0.0,0.0,275.0,0.0,0.0,0.0,0.0,0.0,0.0,280.0,0.0,0.0,284.0,0.0,0.0
871,LADA HITAM,100 g,BARANGAN BERBUNGKUS,REMPAH RATUS (TIDAK BERBUNGKUS),0.0,0.0,0.0,251.0,0.0,0.0,251.0,0.0,0.0,0.0,0.0,0.0,0.0,0.0,0.0,0.0,260.0,0.0,0.0,0.0,0.0,0.0,0.0,272.0,0.0,0.0,272.0,0.0,0.0
873,LADA PUTIH,100 g,BARANGAN BERBUNGKUS,REMPAH RATUS (TIDAK BERBUNGKUS),0.0,0.0,0.0,224.0,0.0,0.0,220.0,0.0,0.0,0.0,0.0,0.0,0.0,0.0,0.0,0.0,236.0,0.0,0.0,0.0,0.0,0.0,0.0,240.0,0.0,0.0,242.0,0.0,0.0
883,KRIMER MANIS BERVITAMIN CAP F&N,500 g,BARANGAN BERBUNGKUS,KRIMER DAN SUSU TEPUNG,0.0,0.0,0.0,335.0,0.0,0.0,340.0,0.0,0.0,0.0,0.0,0.0,0.0,0.0,0.0,0.0,351.0,0.0,0.0,0.0,0.0,0.0,0.0,355.0,0.0,0.0,351.0,0.0,0.0
884,KRIMER MANIS CAP GOLD COIN,500 g,BARANGAN BERBUNGKUS,KRIMER DAN SUSU TEPUNG,0.0,0.0,0.0,253.0,0.0,0.0,255.0,0.0,0.0,0.0,0.0,0.0,0.0,0.0,0.0,0.0,263.0,0.0,0.0,0.0,0.0,0.0,0.0,261.0,0.0,0.0,257.0,0.0,0.0
896,HALBA,100 g,BARANGAN BERBUNGKUS,REMPAH RATUS (TIDAK BERBUNGKUS),0.0,0.0,0.0,247.0,0.0,0.0,239.0,0.0,0.0,0.0,0.0,0.0,0.0,0.0,0.0,0.0,243.0,0.0,0.0,0.0,0.0,0.0,0.0,250.0,0.0,0.0,254.0,0.0,0.0
904,BERAS SUPER CAP RAMBUTAN 5% (IMPORT),10 kg,BARANGAN BERBUNGKUS,BERAS,150.0,142.0,145.0,140.0,135.0,139.0,140.0,136.0,134.0,135.0,138.0,137.0,141.0,144.0,153.0,154.0,160.0,155.0,152.0,136.0,153.0,152.0,153.0,159.0,152.0,146.0,152.0,147.0,148.0
910,KORDIAL F&N (SIRAP ROS),2 liter,MINUMAN,BAHAN-BAHAN MINUMAN,0.0,0.0,0.0,0.0,0.0,0.0,0.0,0.0,0.0,0.0,0.0,0.0,0.0,0.0,0.0,0.0,0.0,0.0,0.0,0.0,0.0,0.0,0.0,279.0,0.0,0.0,0.0,0.0,0.0
917,"TEPUNG GANDUM NGP (BERBUNGKUS, CAP SAUH)",1kg,BARANGAN BERBUNGKUS,TEPUNG,0.0,0.0,0.0,395.0,0.0,0.0,396.0,0.0,0.0,0.0,0.0,0.0,0.0,0.0,0.0,0.0,415.0,0.0,0.0,0.0,0.0,0.0,0.0,414.0,0.0,0.0,408.0,0.0,0.0
918,MINYAK MASAK PAKET (PELBAGAI JENAMA),1kg,BARANGAN BERBUNGKUS,MINYAK DAN LEMAK,0.0,0.0,0.0,115.0,0.0,0.0,133.0,0.0,0.0,0.0,0.0,0.0,0.0,0.0,0.0,0.0,143.0,0.0,0.0,0.0,0.0,0.0,0.0,146.0,0.0,0.0,144.0,0.0,0.0
919,SUSU TEPUNG PENUH KRIM DUTCHLADY,600 g,BARANGAN BERBUNGKUS,KRIMER DAN SUSU TEPUNG,0.0,0.0,0.0,232.0,0.0,0.0,237.0,0.0,0.0,0.0,0.0,0.0,0.0,0.0,0.0,0.0,254.0,0.0,0.0,0.0,0.0,0.0,0.0,251.0,0.0,0.0,256.0,0.0,0.0
929,NESCAFE CLASSIC (PAKET),200 g,MINUMAN,BAHAN-BAHAN MINUMAN,0.0,0.0,0.0,0.0,0.0,0.0,0.0,0.0,0.0,0.0,0.0,0.0,0.0,0.0,0.0,0.0,1.0,0.0,0.0,0.0,0.0,0.0,0.0,305.0,0.0,0.0,0.0,0.0,0.0
957,SOS CILI KIMBALL,340 g,BARANGAN BERBUNGKUS,KICAP DAN SOS,0.0,0.0,0.0,387.0,0.0,0.0,390.0,0.0,0.0,0.0,0.0,0.0,0.0,0.0,0.0,0.0,396.0,0.0,0.0,0.0,0.0,0.0,0.0,395.0,0.0,0.0,400.0,0.0,0.0
992,BERAS CAP JATI (SST5%),10 kg,BARANGAN BERBUNGKUS,BERAS,0.0,0.0,0.0,1.0,0.0,0.0,3.0,0.0,0.0,0.0,0.0,0.0,0.0,0.0,0.0,0.0,3.0,0.0,0.0,0.0,0.0,0.0,0.0,3.0,0.0,0.0,4.0,0.0,0.0
1070,SOS CILI MAGGI,340 g,BARANGAN BERBUNGKUS,KICAP DAN SOS,0.0,0.0,0.0,433.0,0.0,0.0,435.0,0.0,0.0,0.0,0.0,0.0,0.0,0.0,0.0,0.0,447.0,0.0,0.0,0.0,0.0,0.0,0.0,452.0,0.0,0.0,450.0,0.0,0.0
1081,MACKAREL CAP KING CUP (SOS TOMATO),155 g,BARANGAN BERBUNGKUS,IKAN DALAM TIN,0.0,0.0,0.0,156.0,0.0,0.0,150.0,0.0,0.0,0.0,0.0,0.0,0.0,0.0,0.0,0.0,156.0,0.0,0.0,0.0,0.0,0.0,0.0,167.0,0.0,0.0,173.0,0.0,0.0
1082,MACKAREL CAP AYAM (SOS TOMATO),155 g,BARANGAN BERBUNGKUS,IKAN DALAM TIN,0.0,0.0,0.0,428.0,0.0,0.0,429.0,0.0,0.0,0.0,0.0,0.0,0.0,0.0,0.0,0.0,441.0,0.0,0.0,0.0,0.0,0.0,0.0,442.0,0.0,0.0,443.0,0.0,0.0
1084,TEH BOH (SERBUK),500 g,MINUMAN,BAHAN-BAHAN MINUMAN,0.0,0.0,0.0,0.0,0.0,0.0,0.0,0.0,0.0,0.0,0.0,0.0,0.0,0.0,0.0,0.0,1.0,0.0,0.0,0.0,0.0,0.0,0.0,406.0,0.0,0.0,0.0,0.0,0.0
1086,MINYAK JAGUNG CAP DAISY,1kg,BARANGAN BERBUNGKUS,MINYAK DAN LEMAK,0.0,0.0,0.0,361.0,0.0,0.0,367.0,0.0,0.0,0.0,0.0,0.0,0.0,0.0,0.0,0.0,382.0,0.0,0.0,0.0,0.0,0.0,0.0,387.0,0.0,0.0,392.0,0.0,0.0
1087,MINYAK JAGUNG CAP DAISY,3 kg,BARANGAN BERBUNGKUS,MINYAK DAN LEMAK,0.0,0.0,0.0,320.0,0.0,0.0,332.0,0.0,0.0,0.0,0.0,0.0,0.0,0.0,0.0,0.0,330.0,0.0,0.0,0.0,0.0,0.0,0.0,338.0,0.0,0.0,337.0,0.0,0.0
1088,MINYAK JAGUNG CAP MAZOLA,3 kg,BARANGAN BERBUNGKUS,MINYAK DAN LEMAK,0.0,0.0,0.0,141.0,0.0,0.0,152.0,0.0,0.0,0.0,0.0,0.0,0.0,0.0,0.0,0.0,150.0,0.0,0.0,0.0,0.0,0.0,0.0,151.0,0.0,0.0,150.0,0.0,0.0
1089,MINYAK JAGUNG CAP VECORN,3 kg,BARANGAN BERBUNGKUS,MINYAK DAN LEMAK,0.0,0.0,0.0,117.0,0.0,0.0,118.0,0.0,0.0,0.0,0.0,0.0,0.0,0.0,0.0,0.0,116.0,0.0,0.0,0.0,0.0,0.0,0.0,116.0,0.0,0.0,117.0,0.0,0.0
1090,MINYAK JAGUNG CAP VECORN,1kg,BARANGAN BERBUNGKUS,MINYAK DAN LEMAK,0.0,0.0,0.0,144.0,0.0,0.0,146.0,0.0,0.0,0.0,0.0,0.0,0.0,0.0,0.0,0.0,151.0,0.0,0.0,0.0,0.0,0.0,0.0,153.0,0.0,0.0,159.0,0.0,0.0
1091,MINYAK MASAK SEBATIAN CAP HELANG,1kg,BARANGAN BERBUNGKUS,MINYAK DAN LEMAK,0.0,0.0,0.0,215.0,0.0,0.0,221.0,0.0,0.0,0.0,0.0,0.0,0.0,0.0,0.0,0.0,240.0,0.0,0.0,0.0,0.0,0.0,0.0,256.0,0.0,0.0,251.0,0.0,0.0
1092,MINYAK MASAK SEBATIAN CAP NEPTUNE,1kg,BARANGAN BERBUNGKUS,MINYAK DAN LEMAK,0.0,0.0,0.0,39.0,0.0,0.0,38.0,0.0,0.0,0.0,0.0,0.0,0.0,0.0,0.0,0.0,39.0,0.0,0.0,0.0,0.0,0.0,0.0,38.0,0.0,0.0,38.0,0.0,0.0
1093,MINYAK MASAK SEBATIAN CAP PISAU,1kg,BARANGAN BERBUNGKUS,MINYAK DAN LEMAK,0.0,0.0,0.0,288.0,0.0,0.0,287.0,0.0,0.0,0.0,0.0,0.0,0.0,0.0,0.0,0.0,321.0,0.0,0.0,0.0,0.0,0.0,0.0,325.0,0.0,0.0,334.0,0.0,0.0
1094,MINYAK MASAK TULEN CAP BURUH,1kg,BARANGAN BERBUNGKUS,MINYAK DAN LEMAK,0.0,0.0,0.0,250.0,0.0,0.0,264.0,0.0,0.0,0.0,0.0,0.0,0.0,0.0,0.0,0.0,291.0,0.0,0.0,0.0,0.0,0.0,0.0,305.0,0.0,0.0,307.0,0.0,0.0
1095,MINYAK MASAK TULEN CAP VESAWIT,5 kg,BARANGAN BERBUNGKUS,MINYAK DAN LEMAK,0.0,0.0,0.0,200.0,0.0,0.0,200.0,0.0,0.0,0.0,0.0,0.0,0.0,0.0,0.0,0.0,241.0,0.0,0.0,0.0,0.0,0.0,0.0,263.0,0.0,0.0,277.0,0.0,0.0
1097,SOS CILI MAGGI,500 g,BARANGAN BERBUNGKUS,KICAP DAN SOS,0.0,0.0,0.0,434.0,0.0,0.0,433.0,0.0,0.0,0.0,0.0,0.0,0.0,0.0,0.0,0.0,451.0,0.0,0.0,0.0,0.0,0.0,0.0,459.0,0.0,0.0,442.0,0.0,0.0
1100,MINYAK MASAK TULEN CAP SERI MURNI,1kg,BARANGAN BERBUNGKUS,MINYAK DAN LEMAK,0.0,0.0,0.0,181.0,0.0,0.0,182.0,0.0,0.0,0.0,0.0,0.0,0.0,0.0,0.0,0.0,202.0,0.0,0.0,0.0,0.0,0.0,0.0,237.0,0.0,0.0,240.0,0.0,0.0
1101,MINYAK MASAK TULEN CAP SERI MURNI,2 kg,BARANGAN BERBUNGKUS,MINYAK DAN LEMAK,0.0,0.0,0.0,266.0,0.0,0.0,269.0,0.0,0.0,0.0,0.0,0.0,0.0,0.0,0.0,0.0,327.0,0.0,0.0,0.0,0.0,0.0,0.0,372.0,0.0,0.0,382.0,0.0,0.0
1105,SUSU ANLENE ACTIFIT 3X COKLAT,600 g,BARANGAN BERBUNGKUS,KRIMER DAN SUSU TEPUNG,0.0,0.0,0.0,103.0,0.0,0.0,104.0,0.0,0.0,0.0,0.0,0.0,0.0,0.0,0.0,0.0,96.0,0.0,0.0,0.0,0.0,0.0,0.0,88.0,0.0,0.0,81.0,0.0,0.0
1109,TELUR AYAM GRED A,30 biji,BARANGAN SEGAR,TELUR,249.0,258.0,253.0,242.0,224.0,231.0,244.0,251.0,254.0,268.0,242.0,240.0,251.0,281.0,276.0,278.0,250.0,249.0,258.0,227.0,274.0,260.0,267.0,233.0,243.0,261.0,274.0,271.0,272.0
1110,TELUR AYAM GRED B,30 biji,BARANGAN SEGAR,TELUR,273.0,270.0,259.0,247.0,241.0,260.0,273.0,268.0,270.0,268.0,258.0,258.0,262.0,283.0,270.0,274.0,250.0,252.0,259.0,217.0,256.0,257.0,257.0,258.0,270.0,268.0,281.0,283.0,291.0
1111,TELUR AYAM GRED C,30 biji,BARANGAN SEGAR,TELUR,224.0,242.0,248.0,237.0,230.0,239.0,240.0,251.0,264.0,274.0,260.0,270.0,273.0,287.0,291.0,296.0,282.0,276.0,282.0,236.0,284.0,280.0,280.0,281.0,267.0,281.0,275.0,285.0,291.0
1114,SOS TIRAM KIMBALL,510 g,BARANGAN BERBUNGKUS,KICAP DAN SOS,0.0,0.0,0.0,393.0,0.0,0.0,395.0,0.0,0.0,0.0,0.0,0.0,0.0,0.0,0.0,0.0,409.0,0.0,0.0,0.0,0.0,0.0,0.0,414.0,0.0,0.0,420.0,0.0,0.0
1115,KICAP LEMAK MASIN CAP KIPAS UDANG,345ml,BARANGAN BERBUNGKUS,KICAP DAN SOS,0.0,0.0,0.0,328.0,0.0,0.0,331.0,0.0,0.0,0.0,0.0,0.0,0.0,0.0,0.0,0.0,346.0,0.0,0.0,0.0,0.0,0.0,0.0,350.0,0.0,0.0,351.0,0.0,0.0
1116,SOS TIRAM NONA,510 g,BARANGAN BERBUNGKUS,KICAP DAN SOS,0.0,0.0,0.0,246.0,0.0,0.0,253.0,0.0,0.0,0.0,0.0,0.0,0.0,0.0,0.0,0.0,251.0,0.0,0.0,0.0,0.0,0.0,0.0,260.0,0.0,0.0,264.0,0.0,0.0
1117,SOS TIRAM ADABI,510 g,BARANGAN BERBUNGKUS,KICAP DAN SOS,0.0,0.0,0.0,236.0,0.0,0.0,233.0,0.0,0.0,0.0,0.0,0.0,0.0,0.0,0.0,0.0,248.0,0.0,0.0,0.0,0.0,0.0,0.0,267.0,0.0,0.0,271.0,0.0,0.0
1125,SERBUK CILI KIJANG,250 g,BARANGAN BERBUNGKUS,REMPAH RATUS (BERBUNGKUS),0.0,0.0,0.0,44.0,0.0,0.0,42.0,0.0,0.0,0.0,0.0,0.0,0.0,0.0,0.0,0.0,43.0,0.0,0.0,0.0,0.0,0.0,0.0,47.0,0.0,0.0,47.0,0.0,0.0
1128,LADA BENGGALA HIJAU (CAPSICUM),1kg,BARANGAN SEGAR,SAYUR-SAYURAN,384.0,387.0,389.0,386.0,392.0,405.0,408.0,406.0,405.0,401.0,388.0,390.0,398.0,401.0,396.0,410.0,398.0,390.0,401.0,350.0,393.0,403.0,400.0,389.0,382.0,376.0,367.0,337.0,338.0
1129,LADA BENGGALA MERAH (CAPSICUM),1kg,BARANGAN SEGAR,SAYUR-SAYURAN,374.0,380.0,379.0,387.0,379.0,387.0,389.0,383.0,382.0,382.0,373.0,369.0,384.0,385.0,382.0,389.0,383.0,375.0,382.0,337.0,374.0,373.0,371.0,363.0,362.0,357.0,352.0,336.0,342.0
1130,LADA BENGGALA KUNING (CAPSICUM),1kg,BARANGAN SEGAR,SAYUR-SAYURAN,343.0,355.0,347.0,345.0,348.0,350.0,350.0,352.0,356.0,354.0,340.0,343.0,349.0,349.0,343.0,348.0,336.0,331.0,338.0,297.0,331.0,320.0,325.0,323.0,314.0,319.0,322.0,316.0,315.0
1131,UBI KENTANG IMPORT (CHINA),1kg,BARANGAN KERING,UBI KENTANG,366.0,363.0,357.0,390.0,387.0,392.0,387.0,382.0,381.0,377.0,377.0,385.0,385.0,386.0,377.0,385.0,394.0,396.0,399.0,355.0,388.0,377.0,375.0,391.0,406.0,405.0,406.0,328.0,325.0
1132,LIMAU NIPIS,1kg,BARANGAN SEGAR,BUAH-BUAHAN,343.0,346.0,349.0,374.0,370.0,376.0,362.0,354.0,355.0,363.0,358.0,359.0,365.0,360.0,353.0,367.0,370.0,371.0,376.0,322.0,374.0,377.0,379.0,375.0,378.0,378.0,384.0,361.0,358.0
1135,KICAP MANIS ADABI,340ml,BARANGAN BERBUNGKUS,KICAP DAN SOS,0.0,0.0,0.0,333.0,0.0,0.0,320.0,0.0,0.0,0.0,0.0,0.0,0.0,0.0,0.0,0.0,348.0,0.0,0.0,0.0,0.0,0.0,0.0,355.0,0.0,0.0,357.0,0.0,0.0
1136,KICAP MASIN ADABI,340ml,BARANGAN BERBUNGKUS,KICAP DAN SOS,0.0,0.0,0.0,311.0,0.0,0.0,303.0,0.0,0.0,0.0,0.0,0.0,0.0,0.0,0.0,0.0,335.0,0.0,0.0,0.0,0.0,0.0,0.0,339.0,0.0,0.0,345.0,0.0,0.0
1137,SOS CILI THAI LIFE,360g,BARANGAN BERBUNGKUS,KICAP DAN SOS,0.0,0.0,0.0,389.0,0.0,0.0,387.0,0.0,0.0,0.0,0.0,0.0,0.0,0.0,0.0,0.0,374.0,0.0,0.0,0.0,0.0,0.0,0.0,366.0,0.0,0.0,367.0,0.0,0.0
1138,SOS TIRAM MAGGI,340 g,BARANGAN BERBUNGKUS,KICAP DAN SOS,0.0,0.0,0.0,415.0,0.0,0.0,421.0,0.0,0.0,0.0,0.0,0.0,0.0,0.0,0.0,0.0,440.0,0.0,0.0,0.0,0.0,0.0,0.0,458.0,0.0,0.0,458.0,0.0,0.0
1139,SOS TOMATO LIFE,330 g,BARANGAN BERBUNGKUS,KICAP DAN SOS,0.0,0.0,0.0,313.0,0.0,0.0,311.0,0.0,0.0,0.0,0.0,0.0,0.0,0.0,0.0,0.0,325.0,0.0,0.0,0.0,0.0,0.0,0.0,319.0,0.0,0.0,324.0,0.0,0.0
1140,MARJERIN PLANTA,240 g,BARANGAN BERBUNGKUS,SAPUAN (SPREADS),0.0,0.0,0.0,396.0,0.0,0.0,393.0,0.0,0.0,0.0,0.0,0.0,0.0,0.0,0.0,0.0,402.0,0.0,0.0,0.0,0.0,0.0,0.0,408.0,0.0,0.0,407.0,0.0,0.0
1141,MARJERIN DAISY,240 g,BARANGAN BERBUNGKUS,SAPUAN (SPREADS),0.0,0.0,0.0,383.0,0.0,0.0,375.0,0.0,0.0,0.0,0.0,1.0,0.0,0.0,0.0,0.0,379.0,0.0,0.0,0.0,0.0,0.0,0.0,376.0,0.0,0.0,374.0,0.0,0.0
1142,SARDIN CAP ADABI (SOS TOMATO DENGAN CILI),425 g,BARANGAN BERBUNGKUS,IKAN DALAM TIN,0.0,0.0,0.0,311.0,0.0,0.0,310.0,0.0,0.0,0.0,0.0,0.0,0.0,0.0,0.0,0.0,329.0,0.0,0.0,0.0,0.0,0.0,0.0,334.0,0.0,0.0,339.0,0.0,0.0
1144,MENTEGA KACANG HALUS LADY'S CHOICE,340 g,BARANGAN BERBUNGKUS,SAPUAN (SPREADS),0.0,0.0,0.0,331.0,0.0,0.0,331.0,0.0,0.0,0.0,0.0,0.0,0.0,0.0,0.0,0.0,297.0,0.0,0.0,0.0,0.0,0.0,0.0,306.0,0.0,0.0,327.0,0.0,0.0
1145,NESTLE CERELAC BERAS - TIN,500 g,SUSU DAN BARANGAN BAYI,MAKANAN BAYI,0.0,0.0,0.0,384.0,0.0,0.0,385.0,0.0,0.0,0.0,0.0,0.0,0.0,0.0,0.0,0.0,407.0,0.0,0.0,0.0,0.0,0.0,0.0,419.0,0.0,0.0,393.0,0.0,0.0
1151,SANTAN KELAPA JENAMA AYAM BRAND,1 liter,BARANGAN BERBUNGKUS,SANTAN (KOTAK),0.0,0.0,0.0,308.0,0.0,0.0,317.0,0.0,0.0,0.0,0.0,0.0,0.0,0.0,0.0,0.0,354.0,0.0,0.0,0.0,0.0,0.0,0.0,376.0,0.0,0.0,385.0,0.0,0.0
1153,PERENCAH TOM YAM ADABI,40 g,BARANGAN BERBUNGKUS,REMPAH RATUS (BERBUNGKUS),0.0,0.0,0.0,269.0,0.0,0.0,268.0,0.0,0.0,0.0,0.0,0.0,0.0,0.0,0.0,0.0,287.0,0.0,0.0,0.0,0.0,0.0,0.0,305.0,0.0,0.0,309.0,0.0,0.0
1355,100 PLUS (ORIGINAL),1.5 liter,MINUMAN,TERSEDIA MINUM,0.0,0.0,0.0,0.0,0.0,0.0,0.0,0.0,0.0,0.0,0.0,0.0,0.0,0.0,0.0,0.0,1.0,0.0,0.0,0.0,0.0,0.0,0.0,273.0,0.0,0.0,0.0,0.0,0.0
1367,DAGING PAHA KAMBING BEBIRI IMPORT BERTULANG  (MUTTON) (AUSTRALIA),1kg,BARANGAN SEGAR,DAGING,18.0,20.0,21.0,18.0,18.0,18.0,18.0,18.0,19.0,19.0,18.0,16.0,17.0,15.0,15.0,16.0,16.0,15.0,16.0,16.0,16.0,15.0,16.0,15.0,17.0,17.0,17.0,18.0,18.0
1368,DAGING PAHA KAMBING BEBIRI IMPORT BERTULANG (MUTTON) (NEW ZEALAND),1kg,BARANGAN SEGAR,DAGING,2.0,3.0,3.0,3.0,3.0,3.0,1.0,2.0,2.0,2.0,3.0,3.0,3.0,2.0,3.0,4.0,3.0,4.0,4.0,4.0,5.0,4.0,5.0,5.0,4.0,3.0,3.0,3.0,3.0
1370,DAGING LEMBU IMPORT (TOPSIDE),1kg,BARANGAN SEGAR,DAGING,5.0,6.0,5.0,5.0,6.0,7.0,6.0,5.0,5.0,5.0,4.0,5.0,4.0,6.0,6.0,5.0,6.0,7.0,6.0,7.0,6.0,4.0,4.0,8.0,8.0,8.0,7.0,5.0,6.0
1371,DAGING LEMBU IMPORT (BLADE),1kg,BARANGAN SEGAR,DAGING,10.0,11.0,11.0,11.0,11.0,11.0,11.0,11.0,10.0,10.0,11.0,10.0,11.0,11.0,11.0,11.0,10.0,10.0,10.0,10.0,10.0,10.0,10.0,9.0,10.0,10.0,11.0,11.0,11.0
1372,DAGING LEMBU IMPORT (CHUCKTENDER),1kg,BARANGAN SEGAR,DAGING,3.0,5.0,5.0,4.0,6.0,6.0,7.0,5.0,5.0,5.0,6.0,5.0,7.0,5.0,5.0,5.0,4.0,4.0,4.0,5.0,6.0,6.0,6.0,6.0,5.0,6.0,6.0,5.0,5.0
1373,DAGING LEMBU IMPORT (KNUCKLE),1kg,BARANGAN SEGAR,DAGING,9.0,10.0,10.0,12.0,13.0,12.0,11.0,11.0,11.0,11.0,11.0,10.0,10.0,10.0,11.0,10.0,10.0,11.0,11.0,10.0,10.0,10.0,10.0,11.0,11.0,11.0,10.0,10.0,9.0
1375,DAGING KERBAU IMPORT (INDIA) * (SILVERSIDE),1kg,BARANGAN SEGAR,DAGING,62.0,60.0,64.0,63.0,60.0,64.0,63.0,65.0,63.0,65.0,64.0,67.0,68.0,68.0,67.0,69.0,68.0,67.0,63.0,63.0,67.0,67.0,67.0,67.0,65.0,65.0,65.0,64.0,65.0
1376,DAGING KERBAU IMPORT (INDIA) * (RUMP),1kg,BARANGAN SEGAR,DAGING,30.0,30.0,30.0,27.0,30.0,31.0,31.0,31.0,32.0,32.0,30.0,30.0,29.0,29.0,30.0,31.0,32.0,30.0,30.0,29.0,31.0,31.0,32.0,31.0,32.0,34.0,33.0,36.0,36.0
1377,DAGING KERBAU IMPORT (INDIA) * (BLADE),1kg,BARANGAN SEGAR,DAGING,80.0,80.0,86.0,82.0,85.0,86.0,85.0,89.0,83.0,86.0,81.0,80.0,81.0,82.0,85.0,88.0,87.0,83.0,85.0,85.0,91.0,89.0,88.0,88.0,85.0,90.0,88.0,85.0,85.0
1378,DAGING KERBAU IMPORT (INDIA) * (CHUCK),1kg,BARANGAN SEGAR,DAGING,60.0,64.0,63.0,60.0,62.0,64.0,66.0,64.0,68.0,70.0,64.0,64.0,62.0,65.0,63.0,63.0,66.0,68.0,69.0,61.0,69.0,68.0,68.0,68.0,69.0,71.0,74.0,72.0,71.0
1379,DAGING BABI (PERUT / BELLY),1kg,BARANGAN SEGAR,DAGING,25.0,28.0,27.0,27.0,27.0,27.0,27.0,26.0,25.0,25.0,24.0,24.0,25.0,24.0,24.0,24.0,23.0,23.0,24.0,24.0,24.0,23.0,23.0,23.0,24.0,24.0,21.0,17.0,17.0
1380,DAGING BABI (DAGING & LEMAK / LEAN & FAT),1kg,BARANGAN SEGAR,DAGING,9.0,9.0,8.0,8.0,7.0,8.0,8.0,8.0,8.0,8.0,9.0,9.0,11.0,11.0,11.0,11.0,11.0,10.0,10.0,10.0,11.0,11.0,11.0,9.0,10.0,10.0,10.0,8.0,8.0
1381,DAGING BABI (ISI DAGING / PURE LEAN),1kg,BARANGAN SEGAR,DAGING,6.0,7.0,7.0,5.0,6.0,6.0,6.0,6.0,7.0,6.0,7.0,6.0,7.0,7.0,7.0,6.0,6.0,6.0,6.0,5.0,5.0,5.0,5.0,5.0,5.0,5.0,5.0,5.0,5.0
1383,DAGING BABI (RUSUK DENGAN DAGING/ RIBS WITH MEAT),1kg,BARANGAN SEGAR,DAGING,16.0,19.0,19.0,17.0,17.0,17.0,16.0,16.0,16.0,16.0,15.0,14.0,16.0,16.0,16.0,17.0,17.0,16.0,16.0,16.0,16.0,14.0,15.0,15.0,15.0,14.0,12.0,11.0,11.0
1391,UDANG PUTIH BESAR/BANANA PRAWN (BERAT ANTARA 41 EKOR HINGGA 60 EKOR SEKILOGRAM),1kg,BARANGAN SEGAR,BAHAN LAUT,3.0,3.0,2.0,3.0,3.0,4.0,4.0,5.0,4.0,3.0,5.0,4.0,5.0,5.0,5.0,5.0,5.0,4.0,4.0,3.0,1.0,2.0,4.0,5.0,4.0,2.0,2.0,3.0,1.0
1396,KUBIS BULAT IMPORT (INDONESIA),1kg,BARANGAN SEGAR,SAYUR-SAYURAN,1.0,1.0,1.0,1.0,1.0,1.0,1.0,1.0,1.0,2.0,2.0,2.0,2.0,2.0,2.0,2.0,2.0,2.0,2.0,2.0,2.0,1.0,1.0,1.0,1.0,1.0,1.0,1.0,1.0
1399,BAWANG PERAI (LEEK) TEMPATAN,1kg,BARANGAN SEGAR,SAYUR-SAYURAN,44.0,47.0,48.0,53.0,52.0,57.0,55.0,58.0,61.0,62.0,51.0,59.0,59.0,64.0,61.0,61.0,62.0,59.0,63.0,61.0,65.0,68.0,64.0,67.0,64.0,67.0,60.0,36.0,39.0
1400,BAWANG PERAI (LEEK) IMPORT,1kg,BARANGAN SEGAR,SAYUR-SAYURAN,189.0,194.0,200.0,197.0,199.0,190.0,185.0,193.0,192.0,192.0,198.0,202.0,198.0,198.0,202.0,200.0,194.0,198.0,190.0,168.0,207.0,215.0,208.0,210.0,210.0,213.0,212.0,208.0,208.0
1412,KUBIS PANJANG CHINA - BESAR,1kg,BARANGAN SEGAR,SAYUR-SAYURAN,236.0,240.0,238.0,235.0,234.0,222.0,220.0,217.0,209.0,210.0,230.0,231.0,238.0,244.0,236.0,257.0,258.0,252.0,250.0,201.0,246.0,242.0,247.0,256.0,252.0,257.0,254.0,245.0,243.0
1419,KACANG DAL BIASA (INDIA),1kg,BARANGAN KERING,KACANG,37.0,38.0,36.0,35.0,35.0,34.0,33.0,34.0,34.0,32.0,36.0,35.0,36.0,39.0,39.0,39.0,43.0,41.0,40.0,40.0,40.0,41.0,40.0,40.0,40.0,40.0,40.0,28.0,29.0
1420,KACANG DAL MALAVI (INDIA),1kg,BARANGAN KERING,KACANG,130.0,128.0,126.0,127.0,126.0,126.0,128.0,128.0,125.0,122.0,127.0,126.0,128.0,126.0,126.0,127.0,128.0,128.0,127.0,119.0,122.0,123.0,123.0,123.0,126.0,126.0,128.0,126.0,126.0
1422,KACANG DAL (AUSTRALIA),1kg,BARANGAN KERING,KACANG,319.0,322.0,319.0,324.0,316.0,318.0,326.0,327.0,327.0,327.0,328.0,327.0,331.0,329.0,321.0,331.0,336.0,333.0,330.0,290.0,332.0,330.0,333.0,336.0,332.0,330.0,335.0,320.0,320.0
1431,DAGING LEMBU TEMPATAN (BAHAGIAN 1 DAGING PAHA (KECUALI BATANG PINANG - TENDERLOIN),1kg,BARANGAN SEGAR,DAGING,2.0,3.0,2.0,2.0,1.0,2.0,1.0,2.0,2.0,2.0,2.0,3.0,4.0,3.0,3.0,3.0,2.0,2.0,2.0,3.0,3.0,3.0,4.0,3.0,2.0,2.0,1.0,2.0,2.0
1432,DAGING LEMBU TEMPATAN (BAHAGIAN 2 DAGING PEJAL (KECUALI BATANG PINANG - TENDERLOIN),1kg,BARANGAN SEGAR,DAGING,4.0,3.0,3.0,3.0,3.0,4.0,2.0,2.0,2.0,2.0,6.0,5.0,6.0,5.0,4.0,4.0,3.0,3.0,3.0,5.0,5.0,5.0,5.0,5.0,4.0,4.0,4.0,4.0,3.0
1436,IKAN KERISI (ANTARA 5 HINGGA 10 EKOR SEKILOGRAM),1kg,BARANGAN SEGAR,BAHAN LAUT,257.0,265.0,263.0,259.0,257.0,268.0,280.0,268.0,267.0,263.0,237.0,241.0,252.0,256.0,253.0,246.0,230.0,234.0,251.0,206.0,251.0,256.0,255.0,238.0,240.0,241.0,247.0,250.0,268.0
1437,IKAN SIAKAP (ANTARA 2 HINGGA 4 EKOR SEKILOGRAM),1kg,BARANGAN SEGAR,BAHAN LAUT,189.0,191.0,191.0,195.0,195.0,194.0,193.0,193.0,184.0,186.0,185.0,188.0,200.0,192.0,184.0,182.0,185.0,181.0,189.0,141.0,180.0,171.0,174.0,182.0,179.0,188.0,182.0,186.0,183.0
1438,IKAN TENGGIRI BATANG (KEPINGAN),1kg,BARANGAN SEGAR,BAHAN LAUT,179.0,186.0,190.0,183.0,190.0,190.0,194.0,188.0,184.0,186.0,167.0,171.0,178.0,186.0,181.0,189.0,178.0,175.0,170.0,133.0,171.0,182.0,188.0,179.0,184.0,190.0,188.0,185.0,191.0
1440,BAWANG BESAR IMPORT (INDIA),1kg,BARANGAN KERING,BAWANG,302.0,296.0,294.0,333.0,336.0,337.0,337.0,341.0,343.0,342.0,340.0,342.0,338.0,338.0,338.0,337.0,348.0,346.0,352.0,320.0,354.0,347.0,344.0,363.0,372.0,370.0,369.0,329.0,331.0
1441,BAWANG BESAR IMPORT (CHINA),1kg,BARANGAN KERING,BAWANG,48.0,46.0,45.0,49.0,46.0,46.0,47.0,45.0,43.0,39.0,40.0,40.0,39.0,38.0,35.0,37.0,36.0,34.0,34.0,27.0,34.0,32.0,30.0,30.0,28.0,28.0,32.0,28.0,28.0
1442,BAWANG KECIL MERAH BIASA IMPORT (INDIA),1kg,BARANGAN KERING,BAWANG,233.0,225.0,222.0,225.0,216.0,227.0,225.0,227.0,226.0,225.0,238.0,255.0,260.0,241.0,241.0,252.0,276.0,278.0,285.0,238.0,270.0,273.0,272.0,274.0,280.0,281.0,277.0,257.0,255.0
1443,BAWANG KECIL MERAH IMPORT (CHINA),1kg,BARANGAN KERING,BAWANG,3.0,3.0,3.0,4.0,4.0,4.0,3.0,2.0,3.0,1.0,2.0,3.0,3.0,3.0,5.0,7.0,7.0,7.0,6.0,4.0,5.0,5.0,3.0,6.0,6.0,6.0,7.0,6.0,6.0
1444,BAWANG KECIL MERAH IMPORT (MYANMAR),1kg,BARANGAN KERING,BAWANG,3.0,3.0,3.0,2.0,3.0,3.0,3.0,3.0,3.0,3.0,3.0,3.0,2.0,2.0,2.0,2.0,2.0,2.0,2.0,2.0,2.0,2.0,2.0,2.0,2.0,2.0,2.0,2.0,2.0
1445,BERAS CAP FAIZA EMAS (SST5%),10 kg,BARANGAN BERBUNGKUS,BERAS,0.0,0.0,0.0,13.0,0.0,0.0,11.0,0.0,0.0,0.0,0.0,0.0,0.0,0.0,0.0,0.0,13.0,0.0,0.0,0.0,0.0,0.0,0.0,13.0,0.0,0.0,12.0,0.0,0.0
1458,KUBIS BULAT IMPORT (BEIJING),1kg,BARANGAN SEGAR,SAYUR-SAYURAN,387.0,387.0,384.0,408.0,410.0,409.0,415.0,418.0,420.0,418.0,408.0,415.0,416.0,404.0,403.0,404.0,429.0,423.0,426.0,363.0,421.0,420.0,417.0,422.0,420.0,425.0,425.0,426.0,427.0
1463,KRIMER SEJAT CARNATION,390g,BARANGAN BERBUNGKUS,KRIMER DAN SUSU TEPUNG,0.0,0.0,0.0,332.0,0.0,0.0,339.0,0.0,0.0,0.0,0.0,0.0,0.0,0.0,0.0,0.0,361.0,0.0,0.0,0.0,0.0,0.0,0.0,368.0,0.0,0.0,366.0,0.0,0.0
1474,BERAS BASMATHI - FAIZA (KASHMIR),5 kg,BARANGAN BERBUNGKUS,BERAS,0.0,0.0,0.0,249.0,0.0,0.0,256.0,0.0,0.0,0.0,0.0,0.0,0.0,0.0,0.0,0.0,273.0,0.0,0.0,0.0,0.0,0.0,0.0,280.0,0.0,0.0,290.0,0.0,0.0
1475,IKAN BAWAL PUTIH (ANTARA 2 HINGGA 5 EKOR SEKILOGRAM),1kg,BARANGAN SEGAR,BAHAN LAUT,32.0,34.0,39.0,41.0,37.0,37.0,33.0,39.0,35.0,37.0,30.0,32.0,31.0,36.0,31.0,30.0,34.0,41.0,40.0,41.0,43.0,47.0,43.0,38.0,40.0,36.0,33.0,36.0,33.0
1476,IKAN KEMBUNG (ANTARA 8 HINGGA 12 EKOR SEKILOGRAM),1kg,BARANGAN SEGAR,BAHAN LAUT,141.0,144.0,141.0,147.0,155.0,159.0,147.0,149.0,167.0,162.0,147.0,148.0,145.0,148.0,149.0,136.0,124.0,135.0,143.0,120.0,152.0,163.0,161.0,151.0,146.0,150.0,150.0,146.0,145.0
1477,IKAN MABUNG (ANTARA 6 HINGGA 10 EKOR SEKILOGRAM),1kg,BARANGAN SEGAR,BAHAN LAUT,161.0,169.0,166.0,163.0,167.0,161.0,160.0,158.0,151.0,152.0,138.0,135.0,131.0,140.0,144.0,141.0,137.0,142.0,162.0,155.0,174.0,167.0,174.0,173.0,171.0,174.0,171.0,164.0,166.0
1479,BROKOLI,1kg,BARANGAN SEGAR,SAYUR-SAYURAN,196.0,197.0,196.0,210.0,210.0,206.0,205.0,204.0,211.0,213.0,212.0,214.0,214.0,213.0,208.0,209.0,200.0,201.0,212.0,173.0,215.0,216.0,219.0,221.0,214.0,223.0,211.0,179.0,172.0
1481,KUBIS BUNGA (CAULIFLOWER),1kg,BARANGAN SEGAR,SAYUR-SAYURAN,410.0,414.0,419.0,430.0,441.0,443.0,433.0,426.0,427.0,418.0,422.0,429.0,431.0,410.0,395.0,411.0,429.0,440.0,438.0,383.0,438.0,428.0,438.0,441.0,440.0,444.0,445.0,424.0,419.0
1482,KUBIS PANJANG (TEMPATAN),1kg,BARANGAN SEGAR,SAYUR-SAYURAN,143.0,146.0,140.0,140.0,148.0,138.0,141.0,141.0,144.0,152.0,158.0,149.0,161.0,159.0,157.0,158.0,154.0,155.0,150.0,135.0,148.0,153.0,149.0,155.0,152.0,150.0,144.0,120.0,118.0
1483,MEE KUNING BASAH (PELBAGAI JENAMA),+-450g,BARANGAN SEGAR,MEE/KUETIAU,374.0,376.0,374.0,378.0,379.0,385.0,390.0,390.0,385.0,387.0,382.0,389.0,391.0,389.0,375.0,379.0,384.0,377.0,375.0,332.0,379.0,378.0,369.0,382.0,382.0,385.0,387.0,388.0,382.0
1484,KUETIAU BASAH (PELBAGAI JENAMA),+-450g,BARANGAN SEGAR,MEE/KUETIAU,340.0,344.0,344.0,343.0,340.0,347.0,348.0,350.0,345.0,345.0,338.0,341.0,353.0,349.0,340.0,348.0,346.0,346.0,347.0,302.0,343.0,346.0,351.0,350.0,349.0,355.0,353.0,354.0,350.0
1485,EPAL HIJAU GRANNY SMITH (SAIZ M),1 biji,BARANGAN SEGAR,BUAH-BUAHAN,86.0,85.0,84.0,80.0,82.0,86.0,89.0,89.0,88.0,94.0,85.0,91.0,90.0,93.0,90.0,90.0,89.0,89.0,91.0,89.0,84.0,82.0,80.0,85.0,88.0,89.0,92.0,86.0,90.0
1486,EPAL MERAH RED DELICIOUS (SAIZ M),1 biji,BARANGAN SEGAR,BUAH-BUAHAN,30.0,30.0,30.0,31.0,31.0,32.0,31.0,31.0,30.0,30.0,27.0,31.0,31.0,34.0,34.0,35.0,36.0,35.0,37.0,38.0,37.0,36.0,35.0,36.0,37.0,40.0,40.0,34.0,34.0
1487,OREN VALENCIA (SAIZ M),1 biji,BARANGAN SEGAR,BUAH-BUAHAN,94.0,94.0,96.0,97.0,102.0,98.0,99.0,95.0,99.0,97.0,92.0,89.0,93.0,94.0,89.0,92.0,95.0,97.0,94.0,87.0,96.0,97.0,102.0,99.0,100.0,100.0,101.0,90.0,88.0
1489,ASAM JAWA (BERBIJI) PELBAGAI JENAMA,200 g,BARANGAN BERBUNGKUS,REMPAH RATUS (BERBUNGKUS),0.0,0.0,0.0,325.0,0.0,0.0,326.0,0.0,0.0,0.0,0.0,0.0,0.0,0.0,0.0,0.0,336.0,0.0,0.0,0.0,0.0,0.0,0.0,339.0,0.0,0.0,343.0,0.0,0.0
1491,BERAS PULUT THAILAND (SUSU) PELBAGAI JENAMA,1kg,BARANGAN BERBUNGKUS,BERAS,0.0,0.0,0.0,237.0,0.0,0.0,241.0,0.0,0.0,0.0,0.0,0.0,0.0,0.0,0.0,0.0,239.0,0.0,0.0,0.0,0.0,0.0,0.0,236.0,0.0,0.0,238.0,0.0,0.0
1492,BERAS PULUT THAILAND (BIASA) PELBAGAI JENAMA,1kg,BARANGAN BERBUNGKUS,BERAS,0.0,0.0,0.0,238.0,0.0,0.0,235.0,0.0,0.0,0.0,0.0,0.0,0.0,0.0,0.0,0.0,242.0,0.0,0.0,0.0,0.0,0.0,0.0,231.0,0.0,0.0,233.0,0.0,0.0
1494,ROTI GARDENIA BREAKTHRU - ROTI GANDUM PENUH,400 g,BARANGAN BERBUNGKUS,ROTI,0.0,0.0,0.0,363.0,0.0,0.0,372.0,0.0,0.0,0.0,0.0,0.0,0.0,0.0,0.0,0.0,365.0,0.0,0.0,0.0,0.0,0.0,0.0,373.0,0.0,0.0,378.0,0.0,0.0
1498,TEPUNG JAGUNG (PELBAGAI JENAMA),400 g,BARANGAN BERBUNGKUS,TEPUNG,0.0,0.0,0.0,422.0,0.0,0.0,417.0,0.0,0.0,0.0,0.0,0.0,0.0,0.0,0.0,0.0,416.0,0.0,0.0,0.0,0.0,0.0,0.0,413.0,0.0,0.0,423.0,0.0,0.0
1505,DUTCH LADY UHT COKLAT (KOTAK),200 ml,MINUMAN,TERSEDIA MINUM,0.0,0.0,0.0,0.0,0.0,0.0,0.0,0.0,0.0,0.0,0.0,0.0,0.0,0.0,0.0,0.0,0.0,0.0,0.0,0.0,0.0,0.0,0.0,48.0,0.0,0.0,0.0,0.0,0.0
1506,DUTCH LADY UHT FULL CREAM (KOTAK),200 ml,MINUMAN,TERSEDIA MINUM,0.0,0.0,0.0,0.0,0.0,0.0,0.0,0.0,0.0,0.0,0.0,0.0,0.0,0.0,0.0,0.0,0.0,0.0,0.0,0.0,0.0,0.0,0.0,56.0,0.0,0.0,0.0,0.0,0.0
1507,COCA COLA (TIN),320 ml,MINUMAN,TERSEDIA MINUM,0.0,0.0,0.0,0.0,0.0,0.0,0.0,0.0,0.0,0.0,0.0,0.0,0.0,0.0,0.0,0.0,1.0,0.0,0.0,0.0,0.0,0.0,0.0,374.0,0.0,0.0,0.0,0.0,0.0
1512,MAMEX LANGKAH 1 - RUMUSAN BAYI (KOTAK),600 g,SUSU DAN BARANGAN BAYI,SUSU BAYI,0.0,0.0,0.0,171.0,0.0,0.0,172.0,0.0,0.0,0.0,0.0,0.0,0.0,0.0,0.0,0.0,174.0,0.0,0.0,0.0,0.0,0.0,0.0,176.0,0.0,0.0,175.0,0.0,0.0
1513,SUSTAGEN KID 3+ (VANILLA) - KOTAK,600 g,SUSU DAN BARANGAN BAYI,SUSU BAYI,0.0,0.0,0.0,2.0,0.0,0.0,2.0,0.0,0.0,0.0,0.0,0.0,0.0,0.0,0.0,0.0,3.0,0.0,0.0,0.0,0.0,0.0,0.0,3.0,0.0,0.0,2.0,0.0,0.0
1514,SUSTAGEN JUNIOR 1+ (VANILLA ) - KOTAK,600 g,SUSU DAN BARANGAN BAYI,SUSU BAYI,0.0,0.0,0.0,18.0,0.0,0.0,15.0,0.0,0.0,0.0,0.0,0.0,0.0,0.0,0.0,0.0,11.0,0.0,0.0,0.0,0.0,0.0,0.0,7.0,0.0,0.0,7.0,0.0,0.0
1515,HEINZ FARLEY RUSKS (ORIGINAL),120 g,SUSU DAN BARANGAN BAYI,MAKANAN BAYI,0.0,0.0,0.0,114.0,0.0,0.0,116.0,0.0,0.0,0.0,0.0,0.0,0.0,0.0,0.0,0.0,125.0,0.0,0.0,0.0,0.0,0.0,0.0,123.0,0.0,0.0,123.0,0.0,0.0
1517,HEINZ APPLE PUREE,110 g,SUSU DAN BARANGAN BAYI,MAKANAN BAYI,0.0,0.0,0.0,80.0,0.0,0.0,81.0,0.0,0.0,0.0,0.0,0.0,0.0,0.0,0.0,0.0,82.0,0.0,0.0,0.0,0.0,0.0,0.0,84.0,0.0,0.0,83.0,0.0,0.0
1524,BERUS GIGI COLGATE (ZIG ZAG - SOFT),1 batang,PRODUK KEBERSIHAN,PENJAGAAN DIRI,0.0,0.0,0.0,0.0,0.0,0.0,0.0,0.0,0.0,0.0,0.0,0.0,0.0,0.0,0.0,0.0,0.0,0.0,0.0,0.0,0.0,0.0,0.0,283.0,0.0,0.0,0.0,0.0,0.0
1525,BERUS GIGI ORAL B (COMPLETE EASY CLEAN - SOFT),1 batang,PRODUK KEBERSIHAN,PENJAGAAN DIRI,0.0,0.0,0.0,0.0,0.0,0.0,0.0,0.0,0.0,0.0,0.0,0.0,0.0,0.0,0.0,0.0,0.0,0.0,0.0,0.0,0.0,0.0,0.0,135.0,0.0,0.0,0.0,0.0,0.0
1539,SABUN PENCUCI KUAT HARIMAU (LEMON),400 g,PRODUK KEBERSIHAN,PENJAGAAN RUMAH,0.0,0.0,0.0,0.0,0.0,0.0,0.0,0.0,0.0,0.0,0.0,0.0,0.0,0.0,0.0,0.0,0.0,0.0,0.0,0.0,0.0,0.0,0.0,265.0,0.0,0.0,0.0,0.0,0.0
1544,SERBUK NASI GORENG CINA ADABI,17 g,BARANGAN BERBUNGKUS,REMPAH RATUS (BERBUNGKUS),0.0,0.0,0.0,374.0,0.0,0.0,375.0,0.0,0.0,0.0,0.0,0.0,0.0,0.0,0.0,0.0,379.0,0.0,0.0,0.0,0.0,0.0,0.0,379.0,0.0,0.0,382.0,0.0,0.0
1545,PERENCAH NASI GORENG IKAN BILIS SERI AJI,26G,BARANGAN BERBUNGKUS,REMPAH RATUS (BERBUNGKUS),0.0,0.0,0.0,298.0,0.0,0.0,293.0,0.0,0.0,0.0,0.0,0.0,0.0,0.0,0.0,0.0,300.0,0.0,0.0,0.0,0.0,0.0,0.0,305.0,0.0,0.0,302.0,0.0,0.0
1547,PEPSI COLA (TIN),320 ml,MINUMAN,TERSEDIA MINUM,0.0,0.0,0.0,0.0,0.0,0.0,0.0,0.0,0.0,0.0,0.0,0.0,0.0,0.0,0.0,0.0,0.0,0.0,0.0,0.0,0.0,0.0,0.0,264.0,0.0,0.0,0.0,0.0,0.0
1550,PAHA AYAM (CHICKEN DRUMSTICK),1kg,BARANGAN SEGAR,AYAM,319.0,319.0,322.0,323.0,317.0,315.0,308.0,308.0,306.0,308.0,315.0,317.0,308.0,316.0,312.0,319.0,318.0,315.0,317.0,273.0,308.0,308.0,304.0,316.0,323.0,327.0,327.0,316.0,313.0
1551,DADA AYAM (CHICKEN KEEL) (1KG),1kg,BARANGAN SEGAR,AYAM,228.0,226.0,228.0,223.0,225.0,227.0,227.0,227.0,227.0,222.0,225.0,225.0,228.0,231.0,231.0,226.0,222.0,235.0,227.0,204.0,227.0,227.0,229.0,237.0,233.0,234.0,236.0,200.0,194.0
1552,THIGH AYAM,1kg,BARANGAN SEGAR,AYAM,190.0,196.0,196.0,189.0,188.0,196.0,191.0,185.0,183.0,189.0,191.0,190.0,204.0,205.0,207.0,209.0,201.0,203.0,202.0,195.0,198.0,201.0,202.0,194.0,198.0,198.0,199.0,195.0,189.0
1553,WHOLE LEG AYAM,1kg,BARANGAN SEGAR,AYAM,343.0,351.0,353.0,371.0,378.0,377.0,366.0,367.0,362.0,371.0,378.0,384.0,382.0,389.0,388.0,389.0,380.0,375.0,380.0,336.0,378.0,379.0,379.0,383.0,381.0,384.0,388.0,331.0,324.0
1554,IKAN MERAH (KEPINGAN),1kg,BARANGAN SEGAR,BAHAN LAUT,186.0,195.0,193.0,175.0,180.0,191.0,191.0,188.0,185.0,183.0,183.0,184.0,192.0,191.0,196.0,199.0,191.0,190.0,197.0,145.0,183.0,184.0,188.0,187.0,181.0,191.0,193.0,188.0,194.0
1555,UDANG PUTIH/VANNAMEI (TERNAK) (ANTARA 41 HINGGA 60 EKOR SEKILOGRAM),1kg,BARANGAN SEGAR,BAHAN LAUT,246.0,255.0,256.0,254.0,245.0,257.0,261.0,263.0,266.0,268.0,242.0,263.0,272.0,268.0,256.0,262.0,266.0,261.0,268.0,225.0,261.0,260.0,262.0,269.0,264.0,273.0,272.0,265.0,265.0
1556,BAYAM HIJAU,1kg,BARANGAN SEGAR,SAYUR-SAYURAN,254.0,273.0,265.0,252.0,260.0,276.0,279.0,264.0,271.0,282.0,279.0,289.0,275.0,262.0,260.0,268.0,268.0,262.0,267.0,226.0,286.0,279.0,274.0,253.0,268.0,276.0,279.0,266.0,266.0
1557,BAYAM MERAH,1kg,BARANGAN SEGAR,SAYUR-SAYURAN,197.0,213.0,215.0,206.0,212.0,214.0,215.0,198.0,211.0,210.0,218.0,217.0,219.0,215.0,222.0,218.0,223.0,216.0,224.0,186.0,223.0,235.0,230.0,213.0,217.0,235.0,231.0,232.0,231.0
1558,SAWI HIJAU,1kg,BARANGAN SEGAR,SAYUR-SAYURAN,296.0,306.0,314.0,325.0,338.0,341.0,337.0,339.0,330.0,337.0,327.0,327.0,326.0,326.0,325.0,338.0,323.0,336.0,336.0,295.0,351.0,351.0,349.0,337.0,347.0,354.0,355.0,324.0,326.0
1559,KANGKUNG,1kg,BARANGAN SEGAR,SAYUR-SAYURAN,286.0,289.0,288.0,269.0,276.0,286.0,294.0,301.0,308.0,304.0,289.0,287.0,306.0,306.0,300.0,295.0,283.0,287.0,290.0,246.0,280.0,286.0,289.0,284.0,285.0,294.0,291.0,280.0,266.0
1560,KAILAN,1kg,BARANGAN SEGAR,SAYUR-SAYURAN,240.0,248.0,253.0,236.0,252.0,247.0,261.0,267.0,264.0,259.0,266.0,264.0,261.0,254.0,261.0,251.0,247.0,250.0,249.0,206.0,255.0,257.0,242.0,247.0,247.0,254.0,251.0,256.0,255.0
1561,TAUGE KACANG HIJAU,1kg,BARANGAN SEGAR,SAYUR-SAYURAN,342.0,343.0,342.0,343.0,341.0,348.0,348.0,359.0,357.0,361.0,351.0,355.0,362.0,371.0,366.0,375.0,359.0,349.0,357.0,313.0,361.0,366.0,365.0,366.0,364.0,373.0,362.0,356.0,356.0
1562,UDANG KERING,100 g,BARANGAN KERING,HASIL LAUT KERING,225.0,233.0,233.0,239.0,240.0,241.0,235.0,239.0,242.0,244.0,250.0,249.0,253.0,254.0,255.0,261.0,271.0,270.0,272.0,241.0,271.0,270.0,273.0,279.0,275.0,276.0,279.0,267.0,268.0
1563,SOTONG KERING (SAIZ SERDAHANA),1kg,BARANGAN KERING,HASIL LAUT KERING,64.0,63.0,66.0,68.0,69.0,69.0,67.0,68.0,69.0,66.0,73.0,72.0,73.0,73.0,70.0,75.0,78.0,79.0,73.0,74.0,77.0,77.0,77.0,75.0,77.0,77.0,76.0,72.0,73.0
1564,BAWANG PUTIH IMPORT (CHINA),1kg,BARANGAN KERING,BAWANG,443.0,437.0,443.0,457.0,454.0,454.0,455.0,452.0,445.0,446.0,445.0,447.0,449.0,440.0,433.0,436.0,450.0,457.0,454.0,403.0,457.0,446.0,444.0,467.0,456.0,459.0,454.0,388.0,387.0
1566,SERBUK KARI IKAN (TIDAK BERBUNGKUS),100 g,BARANGAN BERBUNGKUS,REMPAH RATUS (TIDAK BERBUNGKUS),0.0,0.0,0.0,72.0,0.0,0.0,69.0,0.0,0.0,0.0,0.0,0.0,0.0,0.0,0.0,0.0,70.0,0.0,0.0,0.0,0.0,0.0,0.0,71.0,0.0,0.0,71.0,0.0,0.0
1567,SERBUK KARI DAGING (TIDAK BERBUNGKUS),100 g,BARANGAN BERBUNGKUS,REMPAH RATUS (TIDAK BERBUNGKUS),0.0,0.0,0.0,64.0,0.0,0.0,66.0,0.0,0.0,0.0,0.0,0.0,0.0,0.0,0.0,0.0,64.0,0.0,0.0,0.0,0.0,0.0,0.0,66.0,0.0,0.0,67.0,0.0,0.0
1568,SERBUK KARI IKAN ADABI,250 g,BARANGAN BERBUNGKUS,REMPAH RATUS (BERBUNGKUS),0.0,0.0,0.0,460.0,0.0,0.0,464.0,0.0,0.0,0.0,0.0,0.0,0.0,0.0,0.0,0.0,471.0,0.0,0.0,0.0,0.0,0.0,0.0,462.0,0.0,0.0,455.0,0.0,0.0
1569,SERBUK KARI IKAN ALAGAPPAS,250 g,BARANGAN BERBUNGKUS,REMPAH RATUS (BERBUNGKUS),0.0,0.0,0.0,89.0,0.0,0.0,92.0,0.0,0.0,0.0,0.0,0.0,0.0,0.0,0.0,0.0,88.0,0.0,0.0,0.0,0.0,0.0,0.0,88.0,0.0,0.0,88.0,0.0,0.0
1570,SERBUK KARI AYAM DAN DAGING ADABI,250 g,BARANGAN BERBUNGKUS,REMPAH RATUS (BERBUNGKUS),0.0,0.0,0.0,420.0,0.0,0.0,429.0,0.0,0.0,0.0,0.0,0.0,0.0,0.0,0.0,0.0,445.0,0.0,0.0,0.0,0.0,0.0,0.0,441.0,0.0,0.0,442.0,0.0,0.0
1571,SERBUK KARI DAGING ALAGAPPAS,250 g,BARANGAN BERBUNGKUS,REMPAH RATUS (BERBUNGKUS),0.0,0.0,0.0,85.0,0.0,0.0,88.0,0.0,0.0,0.0,0.0,0.0,0.0,0.0,0.0,0.0,82.0,0.0,0.0,0.0,0.0,0.0,0.0,84.0,0.0,0.0,83.0,0.0,0.0
1572,SERBUK KARI DAGING BABAS,250 g,BARANGAN BERBUNGKUS,REMPAH RATUS (BERBUNGKUS),0.0,0.0,0.0,466.0,0.0,0.0,469.0,0.0,0.0,0.0,0.0,0.0,0.0,0.0,0.0,0.0,472.0,0.0,0.0,0.0,0.0,0.0,0.0,478.0,0.0,0.0,472.0,0.0,0.0
1573,SERBUK KURMA AYAM & DAGING ADABI,250 g,BARANGAN BERBUNGKUS,REMPAH RATUS (BERBUNGKUS),0.0,0.0,0.0,428.0,0.0,0.0,432.0,0.0,0.0,0.0,0.0,0.0,0.0,0.0,0.0,0.0,442.0,0.0,0.0,0.0,0.0,0.0,0.0,444.0,0.0,0.0,444.0,0.0,0.0
1575,SERBUK KURMA BABAS,125 g,BARANGAN BERBUNGKUS,REMPAH RATUS (BERBUNGKUS),0.0,0.0,0.0,378.0,0.0,0.0,378.0,0.0,0.0,0.0,0.0,0.0,0.0,0.0,0.0,0.0,394.0,0.0,0.0,0.0,0.0,0.0,0.0,399.0,0.0,0.0,402.0,0.0,0.0
1576,SERBUK KARI KURMA ALAGAPPAS,200 g,BARANGAN BERBUNGKUS,REMPAH RATUS (BERBUNGKUS),0.0,0.0,0.0,43.0,0.0,0.0,43.0,0.0,0.0,0.0,0.0,0.0,0.0,0.0,0.0,0.0,39.0,0.0,0.0,0.0,0.0,0.0,0.0,42.0,0.0,0.0,42.0,0.0,0.0
1577,SERBUK PERENCAH SUP ADABI,250 g,BARANGAN BERBUNGKUS,REMPAH RATUS (BERBUNGKUS),0.0,0.0,0.0,404.0,0.0,0.0,403.0,0.0,0.0,0.0,0.0,0.0,0.0,0.0,0.0,0.0,406.0,0.0,0.0,0.0,0.0,0.0,0.0,395.0,0.0,0.0,417.0,0.0,0.0
1578,SERBUK REMPAH SUP MAK SITI,250 g,BARANGAN BERBUNGKUS,REMPAH RATUS (BERBUNGKUS),0.0,0.0,0.0,44.0,0.0,0.0,39.0,0.0,0.0,0.0,0.0,0.0,0.0,0.0,0.0,0.0,44.0,0.0,0.0,0.0,0.0,0.0,0.0,51.0,0.0,0.0,55.0,0.0,0.0
1579,SERBUK SUP FAIZA,220 g,BARANGAN BERBUNGKUS,REMPAH RATUS (BERBUNGKUS),0.0,0.0,0.0,171.0,0.0,0.0,170.0,0.0,0.0,0.0,0.0,0.0,0.0,0.0,0.0,0.0,176.0,0.0,0.0,0.0,0.0,0.0,0.0,181.0,0.0,0.0,187.0,0.0,0.0
1581,BERAS CAP RAMBUTAN (SST5%),10 kg,BARANGAN BERBUNGKUS,BERAS,0.0,0.0,0.0,17.0,0.0,0.0,28.0,0.0,0.0,0.0,0.0,0.0,0.0,0.0,0.0,0.0,38.0,0.0,0.0,0.0,0.0,0.0,0.0,46.0,0.0,0.0,38.0,0.0,0.0
1582,BERAS CAP JASMINE (SST5%),10 kg,BARANGAN BERBUNGKUS,BERAS,0.0,0.0,0.0,24.0,0.0,0.0,24.0,0.0,0.0,0.0,0.0,0.0,0.0,0.0,0.0,0.0,30.0,0.0,0.0,0.0,0.0,0.0,0.0,49.0,0.0,0.0,47.0,0.0,0.0
1583,BERAS SUPER CAP JATI TWR  5% (IMPORT),10 kg,BARANGAN BERBUNGKUS,BERAS,76.0,74.0,71.0,70.0,63.0,61.0,64.0,57.0,64.0,66.0,67.0,68.0,71.0,72.0,76.0,75.0,78.0,76.0,77.0,73.0,76.0,79.0,79.0,80.0,82.0,81.0,74.0,57.0,44.0
1585,BIHUN KERING IMPORT (CAP BINTANG),400 g,BARANGAN BERBUNGKUS,BIHUN,0.0,0.0,0.0,172.0,0.0,0.0,178.0,0.0,0.0,0.0,0.0,0.0,0.0,0.0,0.0,0.0,180.0,0.0,0.0,0.0,0.0,0.0,0.0,185.0,0.0,0.0,186.0,0.0,0.0
1586,ROTI SANDWICH MASSIMO DENGAN GERMA GANDUM,400 g,BARANGAN BERBUNGKUS,ROTI,0.0,0.0,0.0,219.0,0.0,0.0,227.0,0.0,0.0,0.0,0.0,0.0,0.0,0.0,0.0,0.0,224.0,0.0,0.0,0.0,0.0,0.0,0.0,227.0,0.0,0.0,233.0,0.0,0.0
1587,GULA HALUS CASTOR (PELBAGAI JENAMA),+- 500g,BARANGAN BERBUNGKUS,GULA,0.0,0.0,0.0,279.0,0.0,0.0,274.0,0.0,0.0,0.0,0.0,0.0,0.0,0.0,0.0,0.0,276.0,0.0,0.0,0.0,0.0,0.0,0.0,281.0,0.0,0.0,282.0,0.0,0.0
1588,GULA MERAH LEMBUT (PELBAGAI JENAMA),+- 500g,BARANGAN BERBUNGKUS,GULA,0.0,0.0,0.0,247.0,0.0,0.0,242.0,0.0,0.0,0.0,0.0,0.0,0.0,0.0,0.0,0.0,244.0,0.0,0.0,0.0,0.0,0.0,0.0,244.0,0.0,0.0,248.0,0.0,0.0
1589,GULA PUTIH BERTAPIS KASAR (PELBAGAI JENAMA),1kg,BARANGAN BERBUNGKUS,GULA,0.0,0.0,0.0,485.0,0.0,0.0,480.0,0.0,0.0,0.0,0.0,0.0,0.0,0.0,0.0,0.0,488.0,0.0,0.0,0.0,0.0,0.0,0.0,485.0,0.0,0.0,487.0,0.0,0.0
1590,GULA PUTIH BERTAPIS HALUS (PELBAGAI JENAMA),1kg,BARANGAN BERBUNGKUS,GULA,0.0,0.0,0.0,215.0,0.0,0.0,211.0,0.0,0.0,0.0,0.0,0.0,0.0,0.0,0.0,0.0,222.0,0.0,0.0,0.0,0.0,0.0,0.0,223.0,0.0,0.0,223.0,0.0,0.0
1591,TEPUNG BERAS (PELBAGAI JENAMA),500 g,BARANGAN BERBUNGKUS,TEPUNG,0.0,0.0,0.0,436.0,0.0,0.0,439.0,0.0,0.0,0.0,0.0,0.0,0.0,0.0,0.0,0.0,448.0,0.0,0.0,0.0,0.0,0.0,0.0,444.0,0.0,0.0,447.0,0.0,0.0
1593,TEPUNG GANDUM GP (BERBUNGKUS) PELBAGAI JENAMA,1kg,BARANGAN BERBUNGKUS,TEPUNG,0.0,0.0,0.0,22.0,0.0,0.0,20.0,0.0,0.0,0.0,0.0,0.0,0.0,0.0,0.0,0.0,24.0,0.0,0.0,0.0,0.0,0.0,0.0,25.0,0.0,0.0,26.0,0.0,0.0
1594,TEPUNG PULUT (PELBAGAI JENAMA),500 g,BARANGAN BERBUNGKUS,TEPUNG,0.0,0.0,0.0,441.0,0.0,0.0,436.0,0.0,0.0,0.0,0.0,0.0,0.0,0.0,0.0,0.0,445.0,0.0,0.0,0.0,0.0,0.0,0.0,453.0,0.0,0.0,454.0,0.0,0.0
1595,MINYAK JAGUNG CAP DAISY,2 kg,BARANGAN BERBUNGKUS,MINYAK DAN LEMAK,0.0,0.0,0.0,325.0,0.0,0.0,317.0,0.0,0.0,0.0,0.0,0.0,0.0,0.0,0.0,0.0,316.0,0.0,0.0,0.0,0.0,0.0,0.0,327.0,0.0,0.0,328.0,0.0,0.0
1596,MINYAK JAGUNG CAP MAZOLA,2 kg,BARANGAN BERBUNGKUS,MINYAK DAN LEMAK,0.0,0.0,0.0,13.0,0.0,0.0,13.0,0.0,0.0,0.0,0.0,0.0,0.0,0.0,0.0,0.0,15.0,0.0,0.0,0.0,0.0,0.0,0.0,16.0,0.0,0.0,16.0,0.0,0.0
1597,MINYAK JAGUNG CAP VECORN,2 kg,BARANGAN BERBUNGKUS,MINYAK DAN LEMAK,0.0,0.0,0.0,106.0,0.0,0.0,101.0,0.0,0.0,0.0,0.0,0.0,0.0,0.0,0.0,0.0,106.0,0.0,0.0,0.0,0.0,0.0,0.0,101.0,0.0,0.0,106.0,0.0,0.0
1598,MINYAK MASAK SEBATIAN CAP HELANG,2 kg,BARANGAN BERBUNGKUS,MINYAK DAN LEMAK,0.0,0.0,0.0,245.0,0.0,0.0,249.0,0.0,0.0,0.0,0.0,0.0,0.0,0.0,0.0,0.0,253.0,0.0,0.0,0.0,0.0,0.0,0.0,277.0,0.0,0.0,287.0,0.0,0.0
1599,MINYAK MASAK SEBATIAN CAP NEPTUNE,2 kg,BARANGAN BERBUNGKUS,MINYAK DAN LEMAK,0.0,0.0,0.0,30.0,0.0,0.0,27.0,0.0,0.0,0.0,0.0,0.0,0.0,0.0,0.0,0.0,26.0,0.0,0.0,0.0,0.0,0.0,0.0,22.0,0.0,0.0,20.0,0.0,0.0
1600,MINYAK MASAK SEBATIAN CAP PISAU,2 kg,BARANGAN BERBUNGKUS,MINYAK DAN LEMAK,0.0,0.0,0.0,288.0,0.0,0.0,286.0,0.0,0.0,0.0,0.0,0.0,0.0,0.0,0.0,0.0,327.0,0.0,0.0,0.0,0.0,0.0,0.0,337.0,0.0,0.0,346.0,0.0,0.0
1601,MINYAK MASAK TULEN CAP BURUH,2 kg,BARANGAN BERBUNGKUS,MINYAK DAN LEMAK,0.0,0.0,0.0,239.0,0.0,0.0,257.0,0.0,0.0,0.0,0.0,0.0,0.0,0.0,0.0,0.0,306.0,0.0,0.0,0.0,0.0,0.0,0.0,337.0,0.0,0.0,353.0,0.0,0.0
1602,MINYAK MASAK TULEN CAP VESAWIT,2 kg,BARANGAN BERBUNGKUS,MINYAK DAN LEMAK,0.0,0.0,0.0,135.0,0.0,0.0,133.0,0.0,0.0,0.0,0.0,0.0,0.0,0.0,0.0,0.0,157.0,0.0,0.0,0.0,0.0,0.0,0.0,173.0,0.0,0.0,191.0,0.0,0.0
1603,MINYAK SAPI CAP WINDMILL GHEEBLEND,400 g,BARANGAN BERBUNGKUS,MINYAK DAN LEMAK,0.0,0.0,0.0,283.0,0.0,0.0,287.0,0.0,0.0,0.0,0.0,0.0,0.0,0.0,0.0,0.0,290.0,0.0,0.0,0.0,0.0,0.0,0.0,293.0,0.0,0.0,300.0,0.0,0.0
1604,ASAM JAWA (TIDAK BERBIJI) ADABI,200 g,BARANGAN BERBUNGKUS,REMPAH RATUS (BERBUNGKUS),0.0,0.0,0.0,341.0,0.0,0.0,341.0,0.0,0.0,0.0,0.0,0.0,0.0,0.0,0.0,0.0,355.0,0.0,0.0,0.0,0.0,0.0,0.0,359.0,0.0,0.0,364.0,0.0,0.0
1605,GARAM HALUS BIASA (PELBAGAI JENAMA),+-350g,BARANGAN BERBUNGKUS,REMPAH RATUS (BERBUNGKUS),0.0,0.0,0.0,257.0,0.0,0.0,257.0,0.0,0.0,0.0,0.0,0.0,0.0,0.0,0.0,0.0,269.0,0.0,0.0,0.0,0.0,0.0,0.0,268.0,0.0,0.0,268.0,0.0,0.0
1606,MENTEGA KACANG HALUS LADY'S CHOICE,500 g,BARANGAN BERBUNGKUS,SAPUAN (SPREADS),0.0,0.0,0.0,345.0,0.0,0.0,369.0,0.0,0.0,0.0,0.0,0.0,0.0,0.0,0.0,0.0,373.0,0.0,0.0,0.0,0.0,0.0,0.0,370.0,0.0,0.0,371.0,0.0,0.0
1607,LEPAAN FARMCOWS,250 g,BARANGAN BERBUNGKUS,SAPUAN (SPREADS),0.0,0.0,0.0,303.0,0.0,0.0,307.0,0.0,0.0,0.0,0.0,0.0,0.0,0.0,0.0,0.0,324.0,0.0,0.0,0.0,0.0,0.0,0.0,329.0,0.0,0.0,334.0,0.0,0.0
1610,SANTAN KELAPA JENAMA M&S,500 ml,BARANGAN BERBUNGKUS,SANTAN (KOTAK),0.0,0.0,0.0,76.0,0.0,0.0,79.0,0.0,0.0,0.0,0.0,0.0,0.0,0.0,0.0,0.0,96.0,0.0,0.0,0.0,0.0,0.0,0.0,109.0,0.0,0.0,122.0,0.0,0.0
1611,SANTAN KELAPA JENAMA KARA,200 ml,BARANGAN BERBUNGKUS,SANTAN (KOTAK),0.0,0.0,0.0,330.0,0.0,0.0,326.0,0.0,0.0,0.0,0.0,0.0,0.0,0.0,0.0,0.0,383.0,0.0,0.0,0.0,0.0,0.0,0.0,389.0,0.0,0.0,395.0,0.0,0.0
1612,SANTAN KELAPA JENAMA HARMUNI,200 ml,BARANGAN BERBUNGKUS,SANTAN (KOTAK),0.0,0.0,0.0,114.0,0.0,0.0,118.0,0.0,0.0,0.0,0.0,0.0,0.0,0.0,0.0,0.0,124.0,0.0,0.0,0.0,0.0,0.0,0.0,117.0,0.0,0.0,119.0,0.0,0.0
1613,ESEN STAR BRAND 'PELBAGAI PERISA',25 ml,BARANGAN BERBUNGKUS,ESEN DAN RAGI,0.0,0.0,0.0,338.0,0.0,0.0,336.0,0.0,0.0,0.0,0.0,0.0,0.0,0.0,0.0,0.0,332.0,0.0,0.0,0.0,0.0,0.0,0.0,327.0,0.0,0.0,317.0,0.0,0.0
1615,MENTEGA ANCHOR (SALTED),227g,BARANGAN BERBUNGKUS,MENTEGA,0.0,0.0,0.0,369.0,0.0,0.0,380.0,0.0,0.0,0.0,0.0,0.0,0.0,0.0,0.0,0.0,379.0,0.0,0.0,0.0,0.0,0.0,0.0,392.0,0.0,0.0,378.0,0.0,0.0
1616,MAURIPAN YIS SEGERA,11g,BARANGAN BERBUNGKUS,ESEN DAN RAGI,0.0,0.0,0.0,218.0,0.0,0.0,221.0,0.0,0.0,0.0,0.0,0.0,0.0,0.0,0.0,0.0,214.0,0.0,0.0,0.0,0.0,0.0,0.0,211.0,0.0,0.0,221.0,0.0,0.0
1618,SUSU ISIAN PEKAT MANIS CAP F & N,500 g,BARANGAN BERBUNGKUS,KRIMER DAN SUSU TEPUNG,0.0,0.0,0.0,180.0,0.0,0.0,181.0,0.0,0.0,0.0,0.0,0.0,0.0,0.0,0.0,0.0,182.0,0.0,0.0,0.0,0.0,0.0,0.0,182.0,0.0,0.0,184.0,0.0,0.0
1619,SUSU TEPUNG SEGERA DUTCHLADY (BIASA ),600 g,BARANGAN BERBUNGKUS,KRIMER DAN SUSU TEPUNG,0.0,0.0,0.0,192.0,0.0,0.0,188.0,0.0,0.0,0.0,0.0,0.0,0.0,0.0,0.0,0.0,203.0,0.0,0.0,0.0,0.0,0.0,0.0,205.0,0.0,0.0,207.0,0.0,0.0
1628,NESTLE CERELAC GANDUM DAN MADU - KOTAK,225g,SUSU DAN BARANGAN BAYI,MAKANAN BAYI,0.0,0.0,0.0,359.0,0.0,0.0,359.0,0.0,0.0,0.0,0.0,0.0,0.0,0.0,0.0,0.0,353.0,0.0,0.0,0.0,0.0,0.0,0.0,360.0,0.0,0.0,358.0,0.0,0.0
1629,NESTLE CERELAC BERAS MERAH & SUSU - TIN,350 g,SUSU DAN BARANGAN BAYI,MAKANAN BAYI,0.0,0.0,0.0,416.0,0.0,0.0,409.0,0.0,0.0,0.0,0.0,0.0,0.0,0.0,0.0,0.0,409.0,0.0,0.0,0.0,0.0,0.0,0.0,417.0,0.0,0.0,412.0,0.0,0.0
1630,BERUS GIGI COLGATE (TWISTER - SOFT),1 batang,PRODUK KEBERSIHAN,PENJAGAAN DIRI,0.0,0.0,0.0,0.0,0.0,0.0,0.0,0.0,0.0,0.0,0.0,0.0,0.0,0.0,0.0,0.0,0.0,0.0,0.0,0.0,0.0,0.0,0.0,246.0,0.0,0.0,0.0,0.0,0.0
1635,NESTLE COFFEE-MATE,450 g,MINUMAN,BAHAN-BAHAN MINUMAN,0.0,0.0,0.0,0.0,0.0,0.0,0.0,0.0,0.0,0.0,0.0,0.0,0.0,0.0,0.0,0.0,1.0,0.0,0.0,0.0,0.0,0.0,0.0,309.0,0.0,0.0,0.0,0.0,0.0
1636,MILO (PAKET),400 g,MINUMAN,BAHAN-BAHAN MINUMAN,0.0,0.0,0.0,0.0,0.0,0.0,0.0,0.0,0.0,0.0,0.0,0.0,0.0,0.0,0.0,0.0,1.0,0.0,0.0,0.0,0.0,0.0,0.0,403.0,0.0,0.0,0.0,0.0,0.0
1637,MILO (PAKET),1kg,MINUMAN,BAHAN-BAHAN MINUMAN,0.0,0.0,0.0,0.0,0.0,0.0,0.0,0.0,0.0,0.0,0.0,0.0,0.0,0.0,0.0,0.0,0.0,0.0,0.0,0.0,0.0,0.0,0.0,44.0,0.0,0.0,0.0,0.0,0.0
1638,MILO 3 IN 1 (PAKET) - ORIGINAL,30x33g,MINUMAN,BAHAN-BAHAN MINUMAN,0.0,0.0,0.0,0.0,0.0,0.0,0.0,0.0,0.0,0.0,0.0,0.0,0.0,0.0,0.0,0.0,0.0,0.0,0.0,0.0,0.0,0.0,0.0,27.0,0.0,0.0,0.0,0.0,0.0
1645,SERBUK KOPI CAP KAPAL API (KASAR) (BERBUNGKUS),180 g,MINUMAN,BAHAN-BAHAN MINUMAN,0.0,0.0,0.0,0.0,0.0,0.0,0.0,0.0,0.0,0.0,0.0,0.0,0.0,0.0,0.0,0.0,0.0,0.0,0.0,0.0,0.0,0.0,0.0,224.0,0.0,0.0,0.0,0.0,0.0
1646,SERBUK KOPI HANG TUAH ROBUSTA,200 g,MINUMAN,BAHAN-BAHAN MINUMAN,0.0,0.0,0.0,0.0,0.0,0.0,0.0,0.0,0.0,0.0,0.0,0.0,0.0,0.0,0.0,0.0,0.0,0.0,0.0,0.0,0.0,0.0,0.0,60.0,0.0,0.0,0.0,0.0,0.0
1647,TEH LIPTON (SERBUK),400 g,MINUMAN,BAHAN-BAHAN MINUMAN,0.0,0.0,0.0,0.0,0.0,0.0,0.0,0.0,0.0,0.0,0.0,0.0,0.0,0.0,0.0,0.0,1.0,0.0,0.0,0.0,0.0,0.0,0.0,316.0,0.0,0.0,0.0,0.0,0.0
1650,TEH LIPTON (UNCANG),100 beg,MINUMAN,BAHAN-BAHAN MINUMAN,0.0,0.0,0.0,0.0,0.0,0.0,0.0,0.0,0.0,0.0,0.0,0.0,0.0,0.0,0.0,0.0,1.0,0.0,0.0,0.0,0.0,0.0,0.0,327.0,0.0,0.0,0.0,0.0,0.0
1651,YEO'S SOYA (KOTAK),250 ml,MINUMAN,TERSEDIA MINUM,0.0,0.0,0.0,0.0,0.0,0.0,0.0,0.0,0.0,0.0,0.0,0.0,0.0,0.0,0.0,0.0,0.0,0.0,0.0,0.0,0.0,0.0,0.0,31.0,0.0,0.0,0.0,0.0,0.0
1804,KEPAK AYAM (CHICKEN WING) (1KG),1kg,BARANGAN SEGAR,AYAM,410.0,409.0,405.0,411.0,408.0,406.0,407.0,410.0,409.0,404.0,401.0,402.0,407.0,406.0,401.0,408.0,408.0,409.0,411.0,359.0,409.0,402.0,404.0,405.0,408.0,409.0,416.0,354.0,356.0
1818,KACANG BOTOL,1kg,BARANGAN SEGAR,SAYUR-SAYURAN,188.0,188.0,179.0,177.0,176.0,180.0,182.0,195.0,184.0,186.0,177.0,188.0,188.0,187.0,197.0,196.0,187.0,189.0,187.0,155.0,194.0,198.0,187.0,178.0,174.0,189.0,190.0,174.0,179.0
1819,LENGKUAS,1kg,BARANGAN SEGAR,SAYUR-SAYURAN,391.0,392.0,398.0,399.0,398.0,401.0,405.0,406.0,406.0,406.0,409.0,405.0,413.0,415.0,410.0,413.0,415.0,410.0,412.0,354.0,414.0,416.0,416.0,411.0,410.0,406.0,413.0,377.0,379.0
1820,TELUR MASIN,1 biji,BARANGAN SEGAR,TELUR,124.0,123.0,124.0,122.0,122.0,118.0,123.0,123.0,126.0,124.0,118.0,118.0,116.0,117.0,120.0,122.0,122.0,120.0,123.0,110.0,123.0,122.0,121.0,119.0,117.0,118.0,122.0,120.0,118.0
1821,TELUR MASIN,4 Biji,BARANGAN SEGAR,TELUR,343.0,340.0,342.0,342.0,337.0,330.0,334.0,336.0,338.0,339.0,336.0,330.0,341.0,340.0,334.0,335.0,330.0,327.0,332.0,302.0,333.0,327.0,327.0,331.0,326.0,327.0,335.0,304.0,304.0
1822,BERAS SUPER SPECIAL TEMPATAN SABAH RICE VAGAS TOKOU,10 kg,BARANGAN BERBUNGKUS,BERAS,0.0,0.0,0.0,7.0,0.0,0.0,8.0,0.0,0.0,0.0,0.0,0.0,0.0,0.0,0.0,0.0,10.0,0.0,0.0,0.0,0.0,0.0,0.0,10.0,0.0,0.0,11.0,0.0,0.0
1823,BERAS TQR SABAH CAP TKC 5%,10 kg,BARANGAN BERBUNGKUS,BERAS,0.0,0.0,0.0,9.0,0.0,0.0,10.0,0.0,0.0,0.0,0.0,0.0,0.0,0.0,0.0,0.0,11.0,0.0,0.0,0.0,0.0,0.0,0.0,11.0,0.0,0.0,9.0,0.0,0.0
1824,BERAS SUPER HUMA CAP KELISA EMAS (SABAH),10 kg,BARANGAN BERBUNGKUS,BERAS,0.0,0.0,0.0,8.0,0.0,0.0,7.0,0.0,0.0,0.0,0.0,0.0,0.0,0.0,0.0,0.0,8.0,0.0,0.0,0.0,0.0,0.0,0.0,8.0,0.0,0.0,6.0,0.0,0.0
1825,BERAS SUPER CAP ANGGUR SAZARICE 5% (IMPORT THAILAND),10 kg,BARANGAN BERBUNGKUS,BERAS,37.0,36.0,34.0,37.0,30.0,29.0,37.0,33.0,34.0,35.0,36.0,35.0,37.0,40.0,40.0,40.0,45.0,42.0,42.0,42.0,43.0,44.0,46.0,50.0,44.0,45.0,52.0,0.0,0.0
1826,BERAS SUPER CAP RODA SAZARICE 5% (IMPORT THAILAND),10 kg,BARANGAN BERBUNGKUS,BERAS,35.0,33.0,32.0,37.0,28.0,31.0,38.0,34.0,35.0,36.0,34.0,32.0,34.0,36.0,37.0,37.0,42.0,39.0,41.0,44.0,43.0,44.0,45.0,52.0,46.0,44.0,54.0,0.0,0.0
1827,"TEPUNG GANDUM NGP (BERBUNGKUS, CAP MUHIBAH)",1kg,BARANGAN BERBUNGKUS,TEPUNG,0.0,0.0,0.0,27.0,0.0,0.0,24.0,0.0,0.0,0.0,0.0,0.0,0.0,0.0,0.0,0.0,31.0,0.0,0.0,0.0,0.0,0.0,0.0,34.0,0.0,0.0,32.0,0.0,0.0
1828,KICAP SOYA PEKAT MANIS CAP AYAM,330 ml,BARANGAN BERBUNGKUS,KICAP DAN SOS,0.0,0.0,0.0,34.0,0.0,0.0,33.0,0.0,0.0,0.0,0.0,0.0,0.0,0.0,0.0,0.0,36.0,0.0,0.0,0.0,0.0,0.0,0.0,38.0,0.0,0.0,37.0,0.0,0.0
1829,BUTTERLITE (LEPA SUSU ISTIMEWA),250 g,BARANGAN BERBUNGKUS,SAPUAN (SPREADS),0.0,0.0,0.0,22.0,0.0,0.0,25.0,0.0,0.0,0.0,0.0,0.0,0.0,0.0,0.0,0.0,23.0,0.0,0.0,0.0,0.0,0.0,0.0,23.0,0.0,0.0,21.0,0.0,0.0
1832,BERAS CAP GOLDEN SARAWAK (SST5%),10 kg,BARANGAN BERBUNGKUS,BERAS,0.0,0.0,0.0,11.0,0.0,0.0,11.0,0.0,0.0,0.0,0.0,0.0,0.0,0.0,0.0,0.0,12.0,0.0,0.0,0.0,0.0,0.0,0.0,13.0,0.0,0.0,15.0,0.0,0.0
1833,BERAS PREMIUM CAP UNCLE TAN,10 kg,BARANGAN BERBUNGKUS,BERAS,49.0,49.0,49.0,48.0,46.0,46.0,47.0,46.0,48.0,48.0,47.0,45.0,49.0,50.0,50.0,50.0,51.0,51.0,52.0,52.0,51.0,49.0,51.0,51.0,51.0,51.0,51.0,51.0,48.0
1837,KICAP TONG NAM (DARK SOY SAUCE),330 ml,BARANGAN BERBUNGKUS,KICAP DAN SOS,0.0,0.0,0.0,44.0,0.0,0.0,46.0,0.0,0.0,0.0,0.0,0.0,0.0,0.0,0.0,0.0,43.0,0.0,0.0,0.0,0.0,0.0,0.0,46.0,0.0,0.0,40.0,0.0,0.0
1838,SERBUK KARI IKAN ALAGAPPAS,200 g,BARANGAN BERBUNGKUS,REMPAH RATUS (BERBUNGKUS),0.0,0.0,0.0,13.0,0.0,0.0,15.0,0.0,0.0,0.0,0.0,0.0,0.0,0.0,0.0,0.0,15.0,0.0,0.0,0.0,0.0,0.0,0.0,14.0,0.0,0.0,13.0,0.0,0.0
1839,SERBUK KARI DAGING ALAGAPPAS,200 g,BARANGAN BERBUNGKUS,REMPAH RATUS (BERBUNGKUS),0.0,0.0,0.0,7.0,0.0,0.0,11.0,0.0,0.0,0.0,0.0,0.0,0.0,0.0,0.0,0.0,11.0,0.0,0.0,0.0,0.0,0.0,0.0,11.0,0.0,0.0,9.0,0.0,0.0
1849,TEPUNG NAIK SENDIRI CAP 'BLUE KEY',1kg,BARANGAN BERBUNGKUS,TEPUNG,0.0,0.0,0.0,347.0,0.0,0.0,343.0,0.0,0.0,0.0,0.0,0.0,0.0,0.0,0.0,0.0,345.0,0.0,0.0,0.0,0.0,0.0,0.0,352.0,0.0,0.0,365.0,0.0,0.0
1851,TENOM COFFEE WANG EMAS (SERBUK),180 g,MINUMAN,BAHAN-BAHAN MINUMAN,0.0,0.0,0.0,0.0,0.0,0.0,0.0,0.0,0.0,0.0,0.0,0.0,0.0,0.0,0.0,0.0,0.0,0.0,0.0,0.0,0.0,0.0,0.0,10.0,0.0,0.0,0.0,0.0,0.0
1852,DESA FRESH MILK (KOTAK),1 liter,MINUMAN,TERSEDIA MINUM,0.0,0.0,0.0,0.0,0.0,0.0,0.0,0.0,0.0,0.0,0.0,0.0,0.0,0.0,0.0,0.0,0.0,0.0,0.0,0.0,0.0,0.0,0.0,5.0,0.0,0.0,0.0,0.0,0.0
1854,KORDIAL F&N SUN VALLEY (GRENADINE),2 liter,MINUMAN,BAHAN-BAHAN MINUMAN,0.0,0.0,0.0,0.0,0.0,0.0,0.0,0.0,0.0,0.0,0.0,0.0,0.0,0.0,0.0,0.0,1.0,0.0,0.0,0.0,0.0,0.0,0.0,72.0,0.0,0.0,0.0,0.0,0.0
1856,SERBUK KOPIMAS COFFEE (BOLD TRADITIONS),200 g,MINUMAN,BAHAN-BAHAN MINUMAN,0.0,0.0,0.0,0.0,0.0,0.0,0.0,0.0,0.0,0.0,0.0,0.0,0.0,0.0,0.0,0.0,0.0,0.0,0.0,0.0,0.0,0.0,0.0,4.0,0.0,0.0,0.0,0.0,0.0
1870,"TEPUNG GANDUM NGP (BERBUNGKUS, CAP  FAIZA)",1kg,BARANGAN BERBUNGKUS,TEPUNG,0.0,0.0,0.0,225.0,0.0,0.0,230.0,0.0,0.0,0.0,0.0,0.0,0.0,0.0,0.0,0.0,232.0,0.0,0.0,0.0,0.0,0.0,0.0,233.0,0.0,0.0,232.0,0.0,0.0
1871,KRIMER SEJAT CAIR SAJI,390g,BARANGAN BERBUNGKUS,KRIMER DAN SUSU TEPUNG,0.0,0.0,0.0,233.0,0.0,0.0,250.0,0.0,0.0,0.0,0.0,0.0,0.0,0.0,0.0,0.0,256.0,0.0,0.0,0.0,0.0,0.0,0.0,272.0,0.0,0.0,268.0,0.0,0.0
1872,MAYONIS SEBENAR LADY'S CHOICE,220ml,BARANGAN BERBUNGKUS,SAPUAN (SPREADS),0.0,0.0,0.0,380.0,0.0,0.0,391.0,0.0,0.0,0.0,0.0,0.0,0.0,0.0,0.0,0.0,391.0,0.0,0.0,0.0,0.0,0.0,0.0,403.0,0.0,0.0,407.0,0.0,0.0
1873,KRIMER MANIS CAP TEAPOT,500 g,BARANGAN BERBUNGKUS,KRIMER DAN SUSU TEPUNG,0.0,0.0,0.0,197.0,0.0,0.0,196.0,0.0,0.0,0.0,0.0,0.0,0.0,0.0,0.0,0.0,193.0,0.0,0.0,0.0,0.0,0.0,0.0,204.0,0.0,0.0,204.0,0.0,0.0
1876,PELEMBUT PAKAIAN - DOWNY (PREMIUM PARFUM PASSION),800ml,PRODUK KEBERSIHAN,PENJAGAAN RUMAH,0.0,0.0,0.0,0.0,0.0,0.0,0.0,0.0,0.0,0.0,0.0,0.0,0.0,0.0,0.0,0.0,0.0,0.0,0.0,0.0,0.0,0.0,0.0,257.0,0.0,0.0,0.0,0.0,0.0
1879,SEVEN UP LEMON & LIME (TIN),320ml,MINUMAN,TERSEDIA MINUM,0.0,0.0,0.0,0.0,0.0,0.0,0.0,0.0,0.0,0.0,0.0,0.0,0.0,0.0,0.0,0.0,0.0,0.0,0.0,0.0,0.0,0.0,0.0,255.0,0.0,0.0,0.0,0.0,0.0
1881,SERBUK CABAI ALAGAPPAS,230g,BARANGAN BERBUNGKUS,REMPAH RATUS (BERBUNGKUS),0.0,0.0,0.0,83.0,0.0,0.0,84.0,0.0,0.0,0.0,0.0,0.0,0.0,0.0,0.0,0.0,86.0,0.0,0.0,0.0,0.0,0.0,0.0,87.0,0.0,0.0,88.0,0.0,0.0
1882,TUNA CAP AYAM (TUNA MAYONNAISE),160 g,BARANGAN BERBUNGKUS,IKAN DALAM TIN,0.0,0.0,0.0,405.0,0.0,0.0,414.0,0.0,0.0,0.0,0.0,0.0,0.0,0.0,0.0,0.0,423.0,0.0,0.0,0.0,0.0,0.0,0.0,418.0,0.0,0.0,422.0,0.0,0.0
1899,CILI KERING KERINTING (BERTANGKAI/TIDAK BERTANGKAI),1kg,BARANGAN KERING,CILI KERING,358.0,360.0,361.0,370.0,367.0,363.0,365.0,362.0,362.0,364.0,360.0,363.0,357.0,356.0,347.0,356.0,362.0,358.0,355.0,303.0,355.0,359.0,362.0,367.0,367.0,367.0,343.0,300.0,300.0
1900,CILI KERING LEPER (BERTANGKAI/TIDAK BERTANGKAI),1kg,BARANGAN KERING,CILI KERING,183.0,184.0,184.0,182.0,187.0,183.0,180.0,179.0,181.0,185.0,182.0,179.0,179.0,182.0,175.0,176.0,182.0,180.0,180.0,173.0,185.0,184.0,181.0,185.0,183.0,183.0,180.0,149.0,148.0
1904,DUMEX DUGRO 3 (1-3 TAHUN) PERISA ASLI (850G),850g,SUSU DAN BARANGAN BAYI,SUSU BAYI,0.0,0.0,0.0,389.0,0.0,0.0,392.0,0.0,0.0,0.0,0.0,0.0,0.0,0.0,0.0,0.0,399.0,0.0,0.0,0.0,0.0,0.0,0.0,404.0,0.0,0.0,404.0,0.0,0.0
1907,DAGING KAMBING BEBIRI IMPORT BERTULANG (LAMB) (AUSTRALIA - KOTAK) (1KG),1kg,BARANGAN SEGAR,DAGING,48.0,45.0,46.0,49.0,49.0,49.0,49.0,51.0,50.0,50.0,48.0,49.0,51.0,52.0,51.0,51.0,52.0,50.0,50.0,50.0,50.0,50.0,49.0,49.0,47.0,48.0,47.0,41.0,39.0
1908,DAGING KAMBING BEBIRI IMPORT BERTULANG (LAMB) (NEW ZEALAND - KOTAK),1kg,BARANGAN SEGAR,DAGING,22.0,26.0,26.0,20.0,20.0,22.0,21.0,24.0,24.0,24.0,20.0,20.0,21.0,22.0,22.0,24.0,24.0,22.0,24.0,25.0,27.0,28.0,26.0,28.0,27.0,26.0,26.0,22.0,22.0
1909,DAGING KAMBING BEBIRI IMPORT TANPA TULANG (LAMB) (TIDAK TERMASUK PAHA - AUSTRALIA),1kg,BARANGAN SEGAR,DAGING,3.0,3.0,3.0,3.0,3.0,3.0,3.0,3.0,3.0,3.0,3.0,3.0,2.0,3.0,3.0,3.0,3.0,3.0,3.0,3.0,3.0,3.0,3.0,3.0,3.0,3.0,3.0,3.0,4.0
1910,DAGING KAMBING BEBIRI IMPORT TANPA TULANG (LAMB) (TIDAK TERMASUK PAHA - NEW ZEALAND),1kg,BARANGAN SEGAR,DAGING,0.0,0.0,0.0,0.0,1.0,0.0,0.0,0.0,0.0,0.0,0.0,0.0,0.0,0.0,0.0,0.0,0.0,0.0,0.0,0.0,0.0,0.0,0.0,0.0,0.0,0.0,0.0,0.0,0.0
1911,DAGING PAHA KAMBING BEBIRI IMPORT BERTULANG (LAMB) (AUSTRALIA),1kg,BARANGAN SEGAR,DAGING,16.0,16.0,14.0,14.0,15.0,14.0,13.0,15.0,14.0,14.0,14.0,13.0,13.0,14.0,14.0,13.0,15.0,16.0,15.0,15.0,15.0,14.0,15.0,14.0,15.0,15.0,13.0,13.0,13.0
1912,DAGING PAHA KAMBING BEBIRI IMPORT BERTULANG (LAMB) (NEW ZEALAND),1kg,BARANGAN SEGAR,DAGING,7.0,7.0,7.0,6.0,7.0,8.0,8.0,7.0,7.0,7.0,7.0,6.0,7.0,7.0,7.0,7.0,8.0,8.0,8.0,8.0,8.0,8.0,8.0,7.0,6.0,8.0,7.0,8.0,9.0
1913,DAGING LEMBU IMPORT (BLOCK),1kg,BARANGAN SEGAR,DAGING,5.0,6.0,7.0,8.0,7.0,7.0,7.0,7.0,7.0,7.0,7.0,6.0,7.0,7.0,7.0,8.0,6.0,6.0,6.0,6.0,6.0,4.0,4.0,4.0,4.0,5.0,5.0,6.0,5.0
1914,DAGING KERBAU IMPORT (INDIA) (BLOCK),1kg,BARANGAN SEGAR,DAGING,95.0,96.0,91.0,101.0,97.0,95.0,94.0,97.0,99.0,99.0,95.0,96.0,99.0,101.0,100.0,97.0,95.0,95.0,95.0,94.0,94.0,91.0,95.0,100.0,106.0,107.0,104.0,81.0,78.0
1915,IKAN JENAHAK (KEPINGAN),1kg,BARANGAN SEGAR,BAHAN LAUT,164.0,173.0,171.0,171.0,171.0,174.0,171.0,169.0,173.0,175.0,167.0,173.0,179.0,181.0,179.0,181.0,167.0,171.0,175.0,152.0,178.0,174.0,167.0,165.0,175.0,185.0,182.0,185.0,181.0
1916,IKAN DEMUDUK/CUPAK/CERMIN (b	$ 3 EKOR SEKILOGRAM),1kg,BARANGAN SEGAR,BAHAN LAUT,37.0,42.0,43.0,45.0,44.0,47.0,45.0,45.0,44.0,46.0,39.0,40.0,42.0,45.0,44.0,42.0,42.0,45.0,44.0,41.0,50.0,47.0,48.0,45.0,51.0,50.0,51.0,43.0,40.0
1917,IKAN PARANG (KEPINGAN),1kg,BARANGAN SEGAR,BAHAN LAUT,33.0,31.0,35.0,38.0,37.0,36.0,34.0,36.0,31.0,35.0,34.0,34.0,39.0,38.0,38.0,41.0,44.0,39.0,38.0,34.0,34.0,35.0,34.0,36.0,37.0,45.0,45.0,47.0,46.0
1918,IKAN TERUBOK (b	$ 4 EKOR SEKILOGRAM),1kg,BARANGAN SEGAR,BAHAN LAUT,31.0,28.0,34.0,32.0,30.0,32.0,32.0,33.0,33.0,29.0,29.0,31.0,25.0,30.0,34.0,27.0,34.0,34.0,33.0,36.0,33.0,31.0,36.0,31.0,31.0,28.0,28.0,25.0,25.0
1919,UDANG PUTIH BESAR (ANTARA 20 HINGGA 30 EKOR SEKILOGRAM),1kg,BARANGAN SEGAR,BAHAN LAUT,12.0,12.0,10.0,9.0,9.0,9.0,6.0,6.0,8.0,7.0,10.0,10.0,8.0,9.0,8.0,11.0,7.0,8.0,9.0,10.0,11.0,9.0,11.0,11.0,13.0,10.0,9.0,12.0,11.0
1920,KERANG (SAIZ SEDERHANA),1kg,BARANGAN SEGAR,BAHAN LAUT,200.0,192.0,196.0,185.0,180.0,183.0,198.0,199.0,194.0,196.0,183.0,193.0,200.0,193.0,203.0,190.0,173.0,178.0,186.0,163.0,191.0,183.0,188.0,169.0,169.0,181.0,194.0,183.0,184.0
1921,IKAN TILAPIA MERAH (ANTARA 2 HINGGA 5 EKOR SEKILOGRAM),1kg,BARANGAN SEGAR,IKAN DARAT,231.0,241.0,233.0,228.0,238.0,244.0,238.0,242.0,256.0,248.0,240.0,239.0,250.0,249.0,249.0,247.0,242.0,243.0,249.0,209.0,243.0,250.0,255.0,247.0,248.0,254.0,250.0,241.0,246.0
1922,SADERI,1kg,BARANGAN SEGAR,SAYUR-SAYURAN,317.0,319.0,316.0,311.0,301.0,306.0,313.0,316.0,319.0,314.0,303.0,308.0,315.0,323.0,315.0,322.0,319.0,320.0,311.0,268.0,310.0,326.0,322.0,306.0,296.0,298.0,299.0,283.0,274.0
1923,TERUNG BULAT,1kg,BARANGAN SEGAR,SAYUR-SAYURAN,287.0,287.0,284.0,289.0,282.0,290.0,287.0,283.0,276.0,279.0,275.0,275.0,269.0,265.0,268.0,270.0,274.0,273.0,279.0,244.0,284.0,276.0,274.0,279.0,272.0,271.0,267.0,269.0,268.0
1924,SERBUK KUNYIT ALAGAPPAS,230g,BARANGAN BERBUNGKUS,REMPAH RATUS (BERBUNGKUS),0.0,0.0,0.0,5.0,0.0,0.0,6.0,0.0,0.0,0.0,0.0,0.0,0.0,0.0,0.0,0.0,6.0,0.0,0.0,0.0,0.0,0.0,0.0,7.0,0.0,0.0,5.0,0.0,0.0
1925,CILI API/PADI MERAH,1kg,BARANGAN SEGAR,SAYUR-SAYURAN,22.0,20.0,21.0,18.0,20.0,18.0,16.0,16.0,17.0,15.0,12.0,17.0,17.0,18.0,18.0,19.0,21.0,20.0,19.0,21.0,21.0,22.0,19.0,29.0,28.0,30.0,29.0,14.0,13.0
1926,CILI AKAR HIJAU,1kg,BARANGAN SEGAR,SAYUR-SAYURAN,344.0,348.0,348.0,347.0,352.0,353.0,355.0,365.0,360.0,364.0,362.0,356.0,358.0,358.0,353.0,363.0,363.0,361.0,362.0,303.0,351.0,348.0,348.0,354.0,350.0,352.0,345.0,337.0,336.0
1927,CILI AKAR MERAH,1kg,BARANGAN SEGAR,SAYUR-SAYURAN,348.0,352.0,353.0,355.0,354.0,359.0,357.0,361.0,361.0,358.0,352.0,358.0,361.0,363.0,363.0,368.0,372.0,367.0,364.0,310.0,358.0,359.0,365.0,364.0,361.0,356.0,356.0,350.0,342.0
1928,LIMAU KASTURI,1kg,BARANGAN SEGAR,SAYUR-SAYURAN,365.0,372.0,375.0,373.0,364.0,372.0,375.0,383.0,385.0,394.0,386.0,384.0,393.0,391.0,382.0,394.0,387.0,406.0,412.0,349.0,401.0,399.0,397.0,384.0,386.0,388.0,377.0,350.0,351.0
1929,SANTAN KELAPA SEGAR (PEKAT),1kg,BARANGAN SEGAR,KELAPA,14.0,14.0,14.0,12.0,13.0,14.0,15.0,16.0,16.0,17.0,15.0,15.0,15.0,17.0,17.0,17.0,14.0,16.0,16.0,16.0,17.0,18.0,17.0,19.0,20.0,19.0,18.0,19.0,18.0
1930,TELUR AYAM KAMPUNG,10 biji,BARANGAN SEGAR,TELUR,217.0,221.0,220.0,222.0,221.0,220.0,220.0,221.0,224.0,222.0,223.0,226.0,230.0,229.0,234.0,242.0,235.0,234.0,234.0,190.0,239.0,241.0,239.0,234.0,231.0,228.0,231.0,229.0,227.0
1931,BAWANG BESAR IMPORT (PAKISTAN),1kg,BARANGAN KERING,BAWANG,56.0,56.0,56.0,52.0,53.0,53.0,53.0,54.0,53.0,55.0,60.0,60.0,57.0,56.0,51.0,58.0,57.0,59.0,61.0,52.0,55.0,56.0,59.0,59.0,60.0,60.0,60.0,58.0,54.0
1934,MINYAK MASAK SEBATIAN CAP ADELA GOLD,1kg,BARANGAN BERBUNGKUS,MINYAK DAN LEMAK,0.0,0.0,0.0,2.0,0.0,0.0,2.0,0.0,0.0,0.0,0.0,0.0,0.0,0.0,0.0,0.0,1.0,0.0,0.0,0.0,0.0,0.0,0.0,1.0,0.0,0.0,1.0,0.0,0.0
1935,MINYAK MASAK SEBATIAN CAP ADELA GOLD,2 kg,BARANGAN BERBUNGKUS,MINYAK DAN LEMAK,0.0,0.0,0.0,6.0,0.0,0.0,7.0,0.0,0.0,0.0,0.0,0.0,0.0,0.0,0.0,0.0,6.0,0.0,0.0,0.0,0.0,0.0,0.0,6.0,0.0,0.0,7.0,0.0,0.0
1936,MINYAK MASAK SEBATIAN CAP ADELA GOLD,5 kg,BARANGAN BERBUNGKUS,MINYAK DAN LEMAK,0.0,0.0,0.0,8.0,0.0,0.0,8.0,0.0,0.0,0.0,0.0,0.0,0.0,0.0,0.0,0.0,8.0,0.0,0.0,0.0,0.0,0.0,0.0,8.0,0.0,0.0,5.0,0.0,0.0
1937,MINYAK MASAK TULEN CAP SAJI,1kg,BARANGAN BERBUNGKUS,MINYAK DAN LEMAK,0.0,0.0,0.0,137.0,0.0,0.0,141.0,0.0,0.0,0.0,0.0,0.0,0.0,0.0,0.0,0.0,171.0,0.0,0.0,0.0,0.0,0.0,0.0,206.0,0.0,0.0,222.0,0.0,0.0
1938,MINYAK MASAK TULEN CAP SAJI,2 kg,BARANGAN BERBUNGKUS,MINYAK DAN LEMAK,0.0,0.0,0.0,103.0,0.0,0.0,103.0,0.0,0.0,0.0,0.0,0.0,0.0,0.0,0.0,0.0,109.0,0.0,0.0,0.0,0.0,0.0,0.0,143.0,0.0,0.0,169.0,0.0,0.0
1939,MINYAK MASAK TULEN CAP SAJI,5 kg,BARANGAN BERBUNGKUS,MINYAK DAN LEMAK,0.0,0.0,0.0,244.0,0.0,0.0,241.0,0.0,0.0,0.0,0.0,0.0,0.0,0.0,0.0,0.0,260.0,0.0,0.0,0.0,0.0,0.0,0.0,282.0,0.0,0.0,290.0,0.0,0.0
1940,MINYAK MASAK TULEN CAP ALIF,1kg,BARANGAN BERBUNGKUS,MINYAK DAN LEMAK,0.0,0.0,0.0,4.0,0.0,0.0,3.0,0.0,0.0,0.0,0.0,0.0,0.0,0.0,0.0,0.0,3.0,0.0,0.0,0.0,0.0,0.0,0.0,2.0,0.0,0.0,2.0,0.0,0.0
1941,MINYAK MASAK TULEN CAP ALIF,2 kg,BARANGAN BERBUNGKUS,MINYAK DAN LEMAK,0.0,0.0,0.0,57.0,0.0,0.0,65.0,0.0,0.0,0.0,0.0,0.0,0.0,0.0,0.0,0.0,71.0,0.0,0.0,0.0,0.0,0.0,0.0,69.0,0.0,0.0,76.0,0.0,0.0
1942,MINYAK MASAK TULEN CAP ALIF,5 kg,BARANGAN BERBUNGKUS,MINYAK DAN LEMAK,0.0,0.0,0.0,91.0,0.0,0.0,90.0,0.0,0.0,0.0,0.0,0.0,0.0,0.0,0.0,0.0,110.0,0.0,0.0,0.0,0.0,0.0,0.0,135.0,0.0,0.0,148.0,0.0,0.0
1943,KACANG MERAH (IMPORT),1kg,BARANGAN KERING,KACANG,373.0,373.0,373.0,375.0,376.0,374.0,375.0,377.0,375.0,373.0,373.0,369.0,368.0,368.0,358.0,374.0,372.0,377.0,377.0,343.0,378.0,378.0,373.0,377.0,372.0,373.0,375.0,328.0,327.0
1944,KACANG SOYA (IMPORT),1kg,BARANGAN KERING,KACANG,289.0,289.0,290.0,294.0,295.0,295.0,291.0,292.0,293.0,294.0,294.0,297.0,296.0,297.0,292.0,299.0,298.0,298.0,297.0,269.0,297.0,298.0,301.0,303.0,300.0,303.0,305.0,285.0,283.0
1945,TAUHU (JENIS KERAS),sekeping,BARANGAN SEGAR,TAUHU DAN TEMPE,146.0,150.0,150.0,145.0,145.0,151.0,152.0,149.0,152.0,151.0,146.0,148.0,151.0,149.0,154.0,154.0,153.0,152.0,155.0,145.0,155.0,154.0,155.0,153.0,153.0,155.0,147.0,151.0,153.0
1946,TEMPE (BUNGKUSAN PLASTIK),sekeping,BARANGAN SEGAR,TAUHU DAN TEMPE,276.0,284.0,283.0,279.0,279.0,279.0,277.0,278.0,279.0,281.0,274.0,276.0,279.0,295.0,296.0,301.0,292.0,284.0,296.0,247.0,302.0,302.0,298.0,291.0,294.0,300.0,301.0,296.0,298.0
1947,SERBUK PENAIK ROYAL (TIN),113g,BARANGAN BERBUNGKUS,ESEN DAN RAGI,0.0,0.0,0.0,209.0,0.0,0.0,221.0,0.0,0.0,0.0,0.0,0.0,0.0,0.0,0.0,0.0,232.0,0.0,0.0,0.0,0.0,0.0,0.0,244.0,0.0,0.0,246.0,0.0,0.0
1948,RAGI BULAT/RAGI TAPAI,1 biji,BARANGAN BERBUNGKUS,ESEN DAN RAGI,0.0,0.0,0.0,2.0,0.0,0.0,2.0,0.0,0.0,0.0,0.0,0.0,0.0,0.0,0.0,0.0,2.0,0.0,0.0,0.0,0.0,0.0,0.0,2.0,0.0,0.0,2.0,0.0,0.0
1949,ROTI WHOLEMEAL (PELBAGAI JENAMA),400 g,BARANGAN BERBUNGKUS,ROTI,0.0,0.0,0.0,3.0,0.0,0.0,4.0,0.0,0.0,0.0,0.0,0.0,0.0,0.0,0.0,0.0,4.0,0.0,0.0,0.0,0.0,0.0,0.0,6.0,0.0,0.0,3.0,0.0,0.0
1950,BUNGA RAYA YIS SEGERA,11g,BARANGAN BERBUNGKUS,ESEN DAN RAGI,0.0,0.0,0.0,13.0,0.0,0.0,14.0,0.0,0.0,0.0,0.0,0.0,0.0,0.0,0.0,0.0,19.0,0.0,0.0,0.0,0.0,0.0,0.0,17.0,0.0,0.0,19.0,0.0,0.0
1951,BERAS SUPER CAP 3A BOY (IMPORT),10 kg,BARANGAN BERBUNGKUS,BERAS,52.0,50.0,50.0,52.0,50.0,49.0,52.0,51.0,52.0,54.0,50.0,47.0,50.0,52.0,52.0,51.0,55.0,53.0,55.0,54.0,52.0,49.0,51.0,53.0,52.0,50.0,51.0,53.0,51.0
1952,KRIMER SEJAT CAP F&N,390g,BARANGAN BERBUNGKUS,KRIMER DAN SUSU TEPUNG,0.0,0.0,0.0,364.0,0.0,0.0,366.0,0.0,0.0,0.0,0.0,0.0,0.0,0.0,0.0,0.0,396.0,0.0,0.0,0.0,0.0,0.0,0.0,395.0,0.0,0.0,374.0,0.0,0.0
1953,KRIMER MANIS PEKAT CAP SAJI,500 g,BARANGAN BERBUNGKUS,KRIMER DAN SUSU TEPUNG,0.0,0.0,0.0,239.0,0.0,0.0,230.0,0.0,0.0,0.0,0.0,0.0,0.0,0.0,0.0,0.0,252.0,0.0,0.0,0.0,0.0,0.0,0.0,255.0,0.0,0.0,249.0,0.0,0.0
1955,YOGURT MARIGOLD (LOW FAT) (STRAWBERRY),130g,MINUMAN,TERSEDIA MINUM,0.0,0.0,0.0,0.0,0.0,0.0,0.0,0.0,0.0,0.0,0.0,0.0,0.0,0.0,0.0,0.0,0.0,0.0,0.0,0.0,0.0,0.0,0.0,278.0,0.0,0.0,0.0,0.0,0.0
1958,NANKID OPTIPRO LANGKAH 3 RUMUSAN UNTUK KANAK-KANAK,600 g,SUSU DAN BARANGAN BAYI,SUSU BAYI,0.0,0.0,0.0,2.0,0.0,0.0,2.0,0.0,0.0,0.0,0.0,0.0,0.0,0.0,0.0,0.0,2.0,0.0,0.0,0.0,0.0,0.0,0.0,2.0,0.0,0.0,0.0,0.0,0.0
1960,SUSU SEGAR KURMA FARM FRESH,700 g,MINUMAN,TERSEDIA MINUM,0.0,0.0,0.0,0.0,0.0,0.0,0.0,0.0,0.0,0.0,0.0,0.0,0.0,0.0,0.0,0.0,0.0,0.0,0.0,0.0,0.0,0.0,0.0,168.0,0.0,0.0,0.0,0.0,0.0
1961,ANMUM ESSENTIAL LANGKAH 4 PERISA ASLI (TANPA GULA TAMBAHAN) - TIN,1.5kg,SUSU DAN BARANGAN BAYI,SUSU BAYI,0.0,0.0,0.0,39.0,0.0,0.0,38.0,0.0,0.0,0.0,0.0,0.0,0.0,0.0,0.0,0.0,41.0,0.0,0.0,0.0,0.0,0.0,0.0,43.0,0.0,0.0,42.0,0.0,0.0
1963,REFILL ANMUM ESSENTIAL LANGKAH 4 PERISA ASLI (TANPA GULA TAMBAHAN) - KOTAK,550 g,SUSU DAN BARANGAN BAYI,SUSU BAYI,0.0,0.0,0.0,218.0,0.0,0.0,219.0,0.0,0.0,0.0,0.0,0.0,0.0,0.0,0.0,0.0,211.0,0.0,0.0,0.0,0.0,0.0,0.0,218.0,0.0,0.0,217.0,0.0,0.0
1964,QUAKER OATS INSTANT OATMEALS,1kg,MINUMAN,BAHAN-BAHAN MINUMAN,0.0,0.0,0.0,0.0,0.0,0.0,0.0,0.0,0.0,0.0,0.0,0.0,0.0,0.0,0.0,0.0,0.0,0.0,0.0,0.0,0.0,0.0,0.0,23.0,0.0,0.0,0.0,0.0,0.0
1965,PEDIASURE (VANILA),600 g,SUSU DAN BARANGAN BAYI,SUSU BAYI,0.0,0.0,0.0,321.0,0.0,0.0,322.0,0.0,0.0,0.0,0.0,0.0,0.0,0.0,0.0,0.0,310.0,0.0,0.0,0.0,0.0,0.0,0.0,321.0,0.0,0.0,322.0,0.0,0.0
1966,MILNA BISKUT RUSK (ASLI),130g,SUSU DAN BARANGAN BAYI,MAKANAN BAYI,0.0,0.0,0.0,263.0,0.0,0.0,259.0,0.0,0.0,0.0,0.0,0.0,0.0,0.0,0.0,0.0,287.0,0.0,0.0,0.0,0.0,0.0,0.0,285.0,0.0,0.0,280.0,0.0,0.0
1972,MAMYPOKO EXTRA DRY,M54,SUSU DAN BARANGAN BAYI,LAMPIN PAKAI BUANG,0.0,0.0,0.0,73.0,0.0,0.0,66.0,0.0,0.0,0.0,0.0,0.0,0.0,0.0,0.0,0.0,75.0,0.0,0.0,0.0,0.0,0.0,0.0,77.0,0.0,0.0,81.0,0.0,0.0
1976,MAGGI MI SEGERA PERISA KARI,5 X 79g,BARANGAN BERBUNGKUS,MI SEGERA,0.0,0.0,0.0,459.0,0.0,0.0,452.0,0.0,0.0,0.0,0.0,0.0,0.0,0.0,0.0,0.0,463.0,0.0,0.0,0.0,0.0,0.0,0.0,470.0,0.0,0.0,461.0,0.0,0.0
1977,CINTAN MI SEGERA PERISA AYAM,5 X 75g,BARANGAN BERBUNGKUS,MI SEGERA,0.0,0.0,0.0,233.0,0.0,0.0,227.0,0.0,0.0,0.0,0.0,0.0,0.0,0.0,0.0,0.0,232.0,0.0,0.0,0.0,0.0,0.0,0.0,222.0,0.0,0.0,230.0,0.0,0.0
1978,MI SEDAP MI GORENG PERISA ASLI,5 X 90g,BARANGAN BERBUNGKUS,MI SEGERA,0.0,0.0,0.0,413.0,0.0,0.0,407.0,0.0,0.0,0.0,0.0,0.0,0.0,0.0,0.0,0.0,416.0,0.0,0.0,0.0,0.0,0.0,0.0,424.0,0.0,0.0,430.0,0.0,0.0
1980,SABUN MANDIAN DETTOL ANTIBACTERIAL (FRESH),500 ml,PRODUK KEBERSIHAN,PENJAGAAN DIRI,0.0,0.0,0.0,0.0,0.0,0.0,0.0,0.0,0.0,0.0,0.0,0.0,0.0,0.0,0.0,0.0,0.0,0.0,0.0,0.0,0.0,0.0,0.0,230.0,0.0,0.0,0.0,0.0,0.0
1981,SABUN MANDIAN LUX (MAGICAL SPELL),220 ml,PRODUK KEBERSIHAN,PENJAGAAN DIRI,0.0,0.0,0.0,0.0,0.0,0.0,0.0,0.0,0.0,0.0,0.0,0.0,0.0,0.0,0.0,0.0,0.0,0.0,0.0,0.0,0.0,0.0,0.0,3.0,0.0,0.0,0.0,0.0,0.0
1984,SYAMPU HEAD & SHOULDERS (SMOOTH & SILKY),330 ml,PRODUK KEBERSIHAN,PENJAGAAN DIRI,0.0,0.0,0.0,0.0,0.0,0.0,0.0,0.0,0.0,0.0,0.0,0.0,0.0,0.0,0.0,0.0,0.0,0.0,0.0,0.0,0.0,0.0,0.0,82.0,0.0,0.0,0.0,0.0,0.0
1985,TUALA WANITA KOTEX SOFT & SMOOTH (MAXI - NON WING),10 PAD,PRODUK KEBERSIHAN,PENJAGAAN DIRI,0.0,0.0,0.0,0.0,0.0,0.0,0.0,0.0,0.0,0.0,0.0,0.0,0.0,0.0,0.0,0.0,0.0,0.0,0.0,0.0,0.0,0.0,0.0,38.0,0.0,0.0,0.0,0.0,0.0
1986,TUALA WANITA LIBRESSE (MAXI - NON WING),10 PAD,PRODUK KEBERSIHAN,PENJAGAAN DIRI,0.0,0.0,0.0,0.0,0.0,0.0,0.0,0.0,0.0,0.0,0.0,0.0,0.0,0.0,0.0,0.0,1.0,0.0,0.0,0.0,0.0,0.0,0.0,232.0,0.0,0.0,0.0,0.0,0.0
1987,DEODORAN NIVEA MAN (BLACK & WHITE INVISIBLE - ORIGINAL),150 ml,PRODUK KEBERSIHAN,PENJAGAAN DIRI,0.0,0.0,0.0,0.0,0.0,0.0,0.0,0.0,0.0,0.0,0.0,0.0,0.0,0.0,0.0,0.0,0.0,0.0,0.0,0.0,0.0,0.0,0.0,107.0,0.0,0.0,0.0,0.0,0.0
1988,DEODORAN NIVEA (EXTRA BRIGHTENING),150 ml,PRODUK KEBERSIHAN,PENJAGAAN DIRI,0.0,0.0,0.0,0.0,0.0,0.0,0.0,0.0,0.0,0.0,0.0,0.0,0.0,0.0,0.0,0.0,0.0,0.0,0.0,0.0,0.0,0.0,0.0,186.0,0.0,0.0,0.0,0.0,0.0
1989,DEODORAN REXONA MEN (SPORT DEFENSE),50 ml,PRODUK KEBERSIHAN,PENJAGAAN DIRI,0.0,0.0,0.0,0.0,0.0,0.0,0.0,0.0,0.0,0.0,0.0,0.0,0.0,0.0,0.0,0.0,0.0,0.0,0.0,0.0,0.0,0.0,0.0,22.0,0.0,0.0,0.0,0.0,0.0
1990,DEODORAN REXONA (POWDER DRY BRIGHTENING),50 ml,PRODUK KEBERSIHAN,PENJAGAAN DIRI,0.0,0.0,0.0,0.0,0.0,0.0,0.0,0.0,0.0,0.0,0.0,0.0,0.0,0.0,0.0,0.0,0.0,0.0,0.0,0.0,0.0,0.0,0.0,10.0,0.0,0.0,0.0,0.0,0.0
1991,SABUN SERBUK BREEZE (POWER CLEAN),750 g,PRODUK KEBERSIHAN,PENJAGAAN RUMAH,0.0,0.0,0.0,0.0,0.0,0.0,0.0,0.0,0.0,0.0,0.0,0.0,0.0,0.0,0.0,0.0,0.0,0.0,0.0,0.0,0.0,0.0,0.0,265.0,0.0,0.0,0.0,0.0,0.0
1992,SABUN SERBUK ATTACK (AROMA FRESH + COLOUR),800 g,PRODUK KEBERSIHAN,PENJAGAAN RUMAH,0.0,0.0,0.0,0.0,0.0,0.0,0.0,0.0,0.0,0.0,0.0,0.0,0.0,0.0,0.0,0.0,1.0,0.0,0.0,0.0,0.0,0.0,0.0,210.0,0.0,0.0,0.0,0.0,0.0
1993,SABUN SERBUK TOP (SUPER COLOUR),750 g,PRODUK KEBERSIHAN,PENJAGAAN RUMAH,0.0,0.0,0.0,0.0,0.0,0.0,0.0,0.0,0.0,0.0,0.0,0.0,0.0,0.0,0.0,0.0,1.0,0.0,0.0,0.0,0.0,0.0,0.0,263.0,0.0,0.0,0.0,0.0,0.0
1996,PELEMBUT PAKAIAN - SOFTLAN (FLORAL FANTASY),1 liter,PRODUK KEBERSIHAN,PENJAGAAN RUMAH,0.0,0.0,0.0,0.0,0.0,0.0,0.0,0.0,0.0,0.0,0.0,0.0,0.0,0.0,0.0,0.0,0.0,0.0,0.0,0.0,0.0,0.0,0.0,11.0,0.0,0.0,0.0,0.0,0.0
1998,PENCUCI PELBAGAI GUNA DETTOL (LAVENDER),2.5 liter,PRODUK KEBERSIHAN,PENJAGAAN RUMAH,0.0,0.0,0.0,0.0,0.0,0.0,0.0,0.0,0.0,0.0,0.0,0.0,0.0,0.0,0.0,0.0,0.0,0.0,0.0,0.0,0.0,0.0,0.0,91.0,0.0,0.0,0.0,0.0,0.0
1999,PENCUCI PELBAGAI GUNA MR MUSCLE (LAVENDER),2 liter,PRODUK KEBERSIHAN,PENJAGAAN RUMAH,0.0,0.0,0.0,0.0,0.0,0.0,0.0,0.0,0.0,0.0,0.0,0.0,0.0,0.0,0.0,0.0,1.0,0.0,0.0,0.0,0.0,0.0,0.0,367.0,0.0,0.0,0.0,0.0,0.0
2000,PENCUCI PELBAGAI GUNA AJAX FABULOSO (LAVENDER),2 liter,PRODUK KEBERSIHAN,PENJAGAAN RUMAH,0.0,0.0,0.0,0.0,0.0,0.0,0.0,0.0,0.0,0.0,0.0,0.0,0.0,0.0,0.0,0.0,1.0,0.0,0.0,0.0,0.0,0.0,0.0,370.0,0.0,0.0,0.0,0.0,0.0
2001,DUMEX DUPRO 2 (RUMUSAN SUSULAN),850g,SUSU DAN BARANGAN BAYI,SUSU BAYI,0.0,0.0,0.0,365.0,0.0,0.0,366.0,0.0,0.0,0.0,0.0,0.0,0.0,0.0,0.0,0.0,378.0,0.0,0.0,0.0,0.0,0.0,0.0,380.0,0.0,0.0,387.0,0.0,0.0
2002,PELUNTUR CLOROX (ORIGINAL),1 liter,PRODUK KEBERSIHAN,PENJAGAAN RUMAH,0.0,0.0,0.0,0.0,0.0,0.0,0.0,0.0,0.0,0.0,0.0,0.0,0.0,0.0,0.0,0.0,0.0,0.0,0.0,0.0,0.0,0.0,0.0,342.0,0.0,0.0,0.0,0.0,0.0
2003,BIHUN KERING IMPORT (PELBAGAI JENAMA),400 g,BARANGAN BERBUNGKUS,BIHUN,0.0,0.0,0.0,37.0,0.0,0.0,37.0,0.0,0.0,0.0,0.0,0.0,0.0,0.0,0.0,0.0,42.0,0.0,0.0,0.0,0.0,0.0,0.0,41.0,0.0,0.0,39.0,0.0,0.0
2009,DUTCH LADY 123 (BIASA),850g,SUSU DAN BARANGAN BAYI,SUSU BAYI,0.0,0.0,0.0,422.0,0.0,0.0,424.0,0.0,0.0,0.0,0.0,0.0,0.0,0.0,0.0,0.0,433.0,0.0,0.0,0.0,0.0,0.0,0.0,424.0,0.0,0.0,417.0,0.0,0.0
2010,DUTCH LADY 456 (BIASA),850g,SUSU DAN BARANGAN BAYI,SUSU BAYI,0.0,0.0,0.0,430.0,0.0,0.0,441.0,0.0,0.0,0.0,0.0,0.0,0.0,0.0,0.0,0.0,444.0,0.0,0.0,0.0,0.0,0.0,0.0,427.0,0.0,0.0,422.0,0.0,0.0
2011,KIUB SUP TOM YAM (MAGGI),6 X 10g,BARANGAN BERBUNGKUS,REMPAH RATUS (BERBUNGKUS),0.0,0.0,0.0,375.0,0.0,0.0,381.0,0.0,0.0,0.0,0.0,0.0,0.0,0.0,0.0,0.0,382.0,0.0,0.0,0.0,0.0,0.0,0.0,394.0,0.0,0.0,394.0,0.0,0.0
2012,KICAP TAMIN (DARK SOY SAUCE),350ml,BARANGAN BERBUNGKUS,KICAP DAN SOS,0.0,0.0,0.0,77.0,0.0,0.0,78.0,0.0,0.0,0.0,0.0,0.0,0.0,0.0,0.0,0.0,81.0,0.0,0.0,0.0,0.0,0.0,0.0,92.0,0.0,0.0,93.0,0.0,0.0
2014,ENFAGROW A+ MIND PRO LANGKAH 3 VANILA (KOTAK),500 g,SUSU DAN BARANGAN BAYI,SUSU BAYI,0.0,0.0,0.0,225.0,0.0,0.0,222.0,0.0,0.0,0.0,0.0,0.0,0.0,0.0,0.0,0.0,221.0,0.0,0.0,0.0,0.0,0.0,0.0,228.0,0.0,0.0,224.0,0.0,0.0
2017,DYNAMO POWER GEL (PERFECT CLEAN),2.6kg,PRODUK KEBERSIHAN,PENJAGAAN RUMAH,0.0,0.0,0.0,0.0,0.0,0.0,0.0,0.0,0.0,0.0,0.0,0.0,0.0,0.0,0.0,0.0,0.0,0.0,0.0,0.0,0.0,0.0,0.0,8.0,0.0,0.0,0.0,0.0,0.0
2018,SABUN PENCUCI SUNLIGHT (LEMON),900ml,PRODUK KEBERSIHAN,PENJAGAAN RUMAH,0.0,0.0,0.0,0.0,0.0,0.0,0.0,0.0,0.0,0.0,0.0,0.0,0.0,0.0,0.0,0.0,0.0,0.0,0.0,0.0,0.0,0.0,0.0,83.0,0.0,0.0,0.0,0.0,0.0
2019,NESCAFE 3 IN 1 ORIGINAL (AROMATIC & BALANCED),25 x 18g,MINUMAN,BAHAN-BAHAN MINUMAN,0.0,0.0,0.0,0.0,0.0,0.0,0.0,0.0,0.0,0.0,0.0,0.0,0.0,0.0,0.0,0.0,1.0,0.0,0.0,0.0,0.0,0.0,0.0,377.0,0.0,0.0,0.0,0.0,0.0
2020,YOGURT LACTEL (FAT FREE) (STRAWBERRY),130g,MINUMAN,TERSEDIA MINUM,0.0,0.0,0.0,0.0,0.0,0.0,0.0,0.0,0.0,0.0,0.0,0.0,0.0,0.0,0.0,0.0,0.0,0.0,0.0,0.0,0.0,0.0,0.0,301.0,0.0,0.0,0.0,0.0,0.0
