item_code,item,unit,item_group,item_category,2025-03-01,2025-03-02,2025-03-03,2025-03-04,2025-03-05,2025-03-06,2025-03-07,2025-03-08,2025-03-09,2025-03-10,2025-03-11,2025-03-12,2025-03-13,2025-03-14,2025-03-15,2025-03-16,2025-03-17,2025-03-18,2025-03-19,2025-03-20,2025-03-21,2025-03-22,2025-03-23,2025-03-24,2025-03-25,2025-03-26,2025-03-27,2025-03-28,2025-03-29,2025-03-30
1,AYAM BERSIH - STANDARD,1kg,BARANGAN SEGAR,AYAM,62.0,48.0,84.0,94.0,100.0,100.0,100.0,100.0,97.0,98.0,97.0,98.0,99.0,101.0,99.0,100.0,100.0,29.0,100.0,98.0,95.0,89.0,82.0,75.0,92.0,99.0,100.0,100.0,97.0,77.0
2,AYAM BERSIH - SUPER,1kg,BARANGAN SEGAR,AYAM,29.0,29.0,29.0,30.0,29.0,31.0,34.0,31.0,31.0,32.0,33.0,34.0,34.0,34.0,33.0,32.0,30.0,26.0,31.0,32.0,31.0,30.0,32.0,31.0,31.0,31.0,30.0,30.0,30.0,13.0
9,DAGING KAMBING BEBIRI IMPORT BERTULANG (MUTTON) (AUSTRALIA - KOTAK),1kg,BARANGAN SEGAR,DAGING,55.0,41.0,46.0,48.0,52.0,50.0,50.0,57.0,57.0,51.0,53.0,49.0,45.0,40.0,37.0,33.0,33.0,11.0,44.0,45.0,50.0,50.0,41.0,40.0,52.0,55.0,50.0,49.0,48.0,45.0
10,DAGING KAMBING BEBIRI IMPORT BERTULANG (MUTTON) (NEW ZEALAND - KOTAK),1kg,BARANGAN SEGAR,DAGING,0.0,0.0,0.0,0.0,0.0,1.0,1.0,1.0,1.0,0.0,0.0,0.0,0.0,0.0,0.0,0.0,1.0,0.0,1.0,1.0,1.0,1.0,1.0,0.0,0.0,0.0,0.0,0.0,0.0,0.0
11,DAGING KAMBING BEBIRI IMPORT TANPA TULANG (MUTTON) (TIDAK TERMASUK PAHA - AUSTRALIA),1kg,BARANGAN SEGAR,DAGING,4.0,3.0,2.0,3.0,3.0,3.0,2.0,2.0,2.0,2.0,2.0,2.0,2.0,2.0,2.0,3.0,3.0,0.0,3.0,3.0,3.0,3.0,3.0,3.0,3.0,3.0,3.0,3.0,3.0,3.0
12,DAGING KAMBING BEBIRI IMPORT TANPA TULANG (MUTTON) (TIDAK TERMASUK PAHA - NEW ZEALAND),1kg,BARANGAN SEGAR,DAGING,0.0,0.0,0.0,0.0,0.0,0.0,0.0,0.0,0.0,0.0,0.0,0.0,0.0,0.0,0.0,0.0,0.0,0.0,0.0,0.0,0.0,0.0,0.0,0.0,1.0,0.0,0.0,0.0,0.0,0.0
14,DAGING KERBAU IMPORT (INDIA) * (TOP SIDE),1kg,BARANGAN SEGAR,DAGING,13.0,12.0,13.0,12.0,13.0,12.0,14.0,13.0,12.0,12.0,12.0,14.0,14.0,13.0,13.0,12.0,15.0,10.0,13.0,13.0,12.0,11.0,11.0,7.0,10.0,10.0,10.0,9.0,9.0,4.0
16,BETIK BIASA,1kg,BARANGAN SEGAR,BUAH-BUAHAN,100.0,79.0,85.0,81.0,86.0,97.0,96.0,96.0,93.0,88.0,81.0,88.0,88.0,88.0,90.0,86.0,82.0,29.0,86.0,91.0,94.0,96.0,84.0,72.0,84.0,86.0,98.0,97.0,96.0,69.0
18,PISANG BERANGAN,1kg,BARANGAN SEGAR,BUAH-BUAHAN,68.0,50.0,49.0,51.0,59.0,67.0,71.0,71.0,71.0,70.0,64.0,64.0,65.0,58.0,65.0,70.0,65.0,17.0,62.0,66.0,69.0,72.0,61.0,58.0,60.0,66.0,64.0,69.0,68.0,51.0
19,PISANG EMAS,1kg,BARANGAN SEGAR,BUAH-BUAHAN,34.0,22.0,26.0,31.0,28.0,29.0,30.0,32.0,32.0,30.0,29.0,26.0,30.0,29.0,32.0,37.0,33.0,9.0,27.0,29.0,39.0,36.0,32.0,20.0,20.0,22.0,27.0,32.0,32.0,30.0
20,TEMBIKAI MERAH BERBIJI,1kg,BARANGAN SEGAR,BUAH-BUAHAN,44.0,36.0,31.0,29.0,37.0,39.0,40.0,42.0,43.0,38.0,37.0,45.0,50.0,50.0,56.0,49.0,50.0,34.0,48.0,50.0,54.0,50.0,42.0,43.0,45.0,46.0,43.0,46.0,46.0,23.0
21,TEMBIKAI MERAH TANPA BIJI,1kg,BARANGAN SEGAR,BUAH-BUAHAN,104.0,75.0,78.0,80.0,93.0,104.0,103.0,106.0,103.0,103.0,102.0,108.0,108.0,112.0,108.0,110.0,110.0,45.0,113.0,114.0,115.0,108.0,90.0,92.0,100.0,109.0,108.0,105.0,106.0,68.0
22,DRAGON FRUIT MERAH,1kg,BARANGAN SEGAR,BUAH-BUAHAN,56.0,44.0,44.0,44.0,55.0,66.0,71.0,74.0,72.0,68.0,64.0,65.0,72.0,76.0,73.0,76.0,72.0,29.0,67.0,68.0,73.0,71.0,56.0,57.0,63.0,70.0,75.0,78.0,74.0,46.0
24,TEMBIKAI SUSU,1kg,BARANGAN SEGAR,BUAH-BUAHAN,70.0,57.0,57.0,61.0,63.0,70.0,78.0,81.0,88.0,90.0,90.0,91.0,94.0,95.0,99.0,89.0,87.0,41.0,93.0,94.0,94.0,95.0,79.0,78.0,87.0,92.0,98.0,97.0,101.0,70.0
25,NENAS BIASA (JOSAPINE/MORRIS/SARAWAK),1 biji,BARANGAN SEGAR,BUAH-BUAHAN,97.0,73.0,80.0,91.0,95.0,100.0,98.0,100.0,99.0,96.0,99.0,99.0,96.0,96.0,102.0,101.0,103.0,35.0,99.0,104.0,100.0,102.0,88.0,89.0,103.0,102.0,105.0,100.0,100.0,74.0
26,ANGGUR HIJAU BERBIJI,1kg,BARANGAN SEGAR,BUAH-BUAHAN,0.0,0.0,0.0,1.0,1.0,2.0,2.0,2.0,2.0,2.0,3.0,3.0,2.0,2.0,2.0,2.0,2.0,2.0,2.0,2.0,2.0,2.0,2.0,1.0,0.0,0.0,0.0,0.0,0.0,0.0
27,ANGGUR MERAH BERBIJI,1kg,BARANGAN SEGAR,BUAH-BUAHAN,34.0,28.0,24.0,26.0,24.0,23.0,24.0,26.0,26.0,28.0,26.0,26.0,25.0,25.0,26.0,25.0,24.0,18.0,26.0,26.0,25.0,25.0,19.0,20.0,26.0,25.0,27.0,28.0,27.0,14.0
31,LAI KUNING (SAIZ M),1 biji,BARANGAN SEGAR,BUAH-BUAHAN,8.0,7.0,6.0,6.0,6.0,7.0,7.0,6.0,6.0,6.0,6.0,6.0,6.0,7.0,6.0,7.0,9.0,3.0,10.0,11.0,10.0,12.0,10.0,8.0,10.0,10.0,9.0,10.0,10.0,10.0
38,JAMBU BATU BERBIJI,1kg,BARANGAN SEGAR,BUAH-BUAHAN,75.0,58.0,65.0,69.0,68.0,74.0,75.0,71.0,72.0,65.0,67.0,66.0,69.0,68.0,72.0,70.0,69.0,23.0,67.0,68.0,67.0,68.0,56.0,56.0,65.0,64.0,65.0,63.0,67.0,54.0
39,JAMBU BATU TANPA BIJI,1kg,BARANGAN SEGAR,BUAH-BUAHAN,36.0,23.0,26.0,24.0,27.0,33.0,37.0,36.0,35.0,38.0,34.0,34.0,34.0,39.0,44.0,42.0,41.0,12.0,43.0,43.0,40.0,44.0,39.0,38.0,38.0,39.0,41.0,41.0,42.0,36.0
43,IKAN BAWAL HITAM (ANTARA 2 HINGGA 5 EKOR SEKILOGRAM),1kg,BARANGAN SEGAR,BAHAN LAUT,38.0,30.0,36.0,38.0,42.0,39.0,31.0,29.0,30.0,43.0,41.0,41.0,40.0,45.0,48.0,45.0,43.0,19.0,47.0,46.0,45.0,45.0,38.0,38.0,42.0,40.0,37.0,36.0,40.0,24.0
47,IKAN CENCARU (ANTARA 4 HINGGA 6 EKOR SEKILOGRAM),1kg,BARANGAN SEGAR,BAHAN LAUT,77.0,63.0,64.0,74.0,78.0,76.0,88.0,80.0,82.0,85.0,84.0,83.0,90.0,83.0,80.0,81.0,72.0,24.0,77.0,74.0,80.0,86.0,71.0,63.0,76.0,80.0,73.0,77.0,68.0,65.0
49,IKAN GELAMA (ANTARA 5 HINGGA 10 EKOR SEKILOGRAM),1kg,BARANGAN SEGAR,BAHAN LAUT,47.0,35.0,29.0,33.0,41.0,42.0,47.0,44.0,53.0,53.0,48.0,52.0,52.0,61.0,60.0,47.0,44.0,12.0,49.0,55.0,56.0,51.0,45.0,43.0,59.0,61.0,54.0,53.0,56.0,42.0
51,IKAN JENAHAK (b	% 1 KILOGRAM SEEKOR),1kg,BARANGAN SEGAR,BAHAN LAUT,26.0,17.0,18.0,21.0,25.0,25.0,26.0,26.0,27.0,26.0,24.0,26.0,26.0,31.0,28.0,30.0,26.0,9.0,24.0,27.0,26.0,27.0,20.0,18.0,24.0,27.0,26.0,26.0,26.0,22.0
52,KEPALA IKAN JENAHAK,1kg,BARANGAN SEGAR,BAHAN LAUT,37.0,24.0,29.0,29.0,38.0,36.0,32.0,39.0,40.0,43.0,41.0,38.0,44.0,46.0,46.0,40.0,46.0,14.0,41.0,44.0,38.0,40.0,35.0,34.0,32.0,41.0,36.0,40.0,43.0,28.0
55,IKAN KEMBUNG KECIL/PELALING (ANTARA 10 HINGGA 18 EKOR SEKILOGRAM),1kg,BARANGAN SEGAR,BAHAN LAUT,38.0,30.0,32.0,38.0,45.0,44.0,42.0,40.0,39.0,38.0,40.0,41.0,40.0,41.0,41.0,39.0,38.0,12.0,40.0,41.0,41.0,41.0,34.0,29.0,38.0,38.0,39.0,37.0,38.0,33.0
60,IKAN MERAH (b	% 1 KILOGRAM SEEKOR),1kg,BARANGAN SEGAR,BAHAN LAUT,28.0,18.0,18.0,22.0,27.0,22.0,26.0,31.0,34.0,34.0,29.0,29.0,31.0,33.0,30.0,32.0,28.0,12.0,30.0,29.0,35.0,33.0,24.0,22.0,31.0,30.0,30.0,32.0,33.0,27.0
64,KEPALA IKAN MERAH,1kg,BARANGAN SEGAR,BAHAN LAUT,21.0,17.0,14.0,22.0,20.0,25.0,25.0,36.0,28.0,31.0,35.0,32.0,31.0,40.0,37.0,39.0,40.0,14.0,26.0,27.0,30.0,34.0,29.0,25.0,28.0,33.0,25.0,29.0,29.0,26.0
65,IKAN KERAPU (ANTARA 2 HINGGA 5 EKOR SEKILOGRAM),1kg,BARANGAN SEGAR,BAHAN LAUT,7.0,5.0,3.0,3.0,5.0,7.0,7.0,5.0,8.0,11.0,9.0,9.0,10.0,8.0,9.0,7.0,9.0,1.0,11.0,6.0,4.0,6.0,6.0,11.0,13.0,13.0,10.0,11.0,14.0,11.0
66,IKAN PARANG (ANTARA 1 HINGGA 3 EKOR SEKILOGRAM),1kg,BARANGAN SEGAR,BAHAN LAUT,3.0,1.0,1.0,5.0,3.0,4.0,4.0,3.0,3.0,3.0,1.0,3.0,2.0,2.0,3.0,0.0,3.0,1.0,4.0,2.0,2.0,6.0,3.0,3.0,6.0,3.0,2.0,4.0,5.0,5.0
68,IKAN PARI (KEPINGAN),1kg,BARANGAN SEGAR,BAHAN LAUT,59.0,45.0,50.0,68.0,61.0,57.0,58.0,58.0,50.0,50.0,44.0,41.0,42.0,42.0,47.0,48.0,51.0,17.0,58.0,64.0,59.0,60.0,43.0,49.0,57.0,52.0,60.0,58.0,59.0,40.0
69,IKAN SELAR KUNING (b	% 11 EKOR SEKILOGRAM),1kg,BARANGAN SEGAR,BAHAN LAUT,48.0,42.0,37.0,38.0,36.0,28.0,37.0,43.0,48.0,45.0,39.0,46.0,49.0,44.0,49.0,48.0,44.0,10.0,42.0,42.0,39.0,36.0,33.0,34.0,39.0,36.0,41.0,49.0,45.0,34.0
70,IKAN SELAR PELATA (≤ 7 EKOR SEKILOGRAM),1kg,BARANGAN SEGAR,BAHAN LAUT,70.0,38.0,42.0,45.0,62.0,75.0,74.0,69.0,73.0,66.0,69.0,72.0,78.0,79.0,80.0,82.0,76.0,29.0,82.0,85.0,85.0,81.0,69.0,67.0,70.0,67.0,57.0,62.0,76.0,57.0
73,IKAN SENANGIN (ANTARA 2 HINGGA 8 EKOR SEKILOGRAM),1kg,BARANGAN SEGAR,BAHAN LAUT,20.0,13.0,12.0,16.0,20.0,16.0,20.0,20.0,24.0,25.0,24.0,22.0,24.0,23.0,27.0,26.0,17.0,4.0,20.0,21.0,23.0,20.0,26.0,20.0,20.0,21.0,23.0,25.0,22.0,19.0
78,IKAN TAMBAN BELURU (ANTARA 10 HINGGA 19 EKOR SEKILOGRAM),1kg,BARANGAN SEGAR,BAHAN LAUT,2.0,2.0,3.0,3.0,1.0,3.0,1.0,2.0,2.0,3.0,2.0,2.0,2.0,2.0,2.0,4.0,4.0,0.0,2.0,3.0,3.0,3.0,2.0,1.0,1.0,2.0,1.0,2.0,3.0,1.0
79,IKAN TENGGIRI PAPAN (ANTARA 1 HINGGA 2 EKOR SEKILOGRAM),1kg,BARANGAN SEGAR,BAHAN LAUT,9.0,7.0,7.0,7.0,8.0,7.0,8.0,12.0,8.0,8.0,11.0,9.0,9.0,8.0,8.0,7.0,5.0,6.0,10.0,12.0,8.0,8.0,10.0,9.0,10.0,11.0,11.0,10.0,12.0,15.0
82,IKAN TENGGIRI BATANG (ANTARA 1 HINGGA 2 EKOR SEKILOGRAM),1kg,BARANGAN SEGAR,BAHAN LAUT,11.0,8.0,11.0,12.0,13.0,12.0,14.0,12.0,15.0,10.0,11.0,12.0,14.0,14.0,16.0,18.0,16.0,5.0,16.0,20.0,19.0,19.0,14.0,12.0,14.0,17.0,17.0,17.0,16.0,15.0
87,IKAN HARUAN (ANTARA 2 HINGGA 5 EKOR SEKILOGRAM),1kg,BARANGAN SEGAR,IKAN DARAT,1.0,1.0,1.0,1.0,1.0,1.0,1.0,1.0,1.0,1.0,1.0,1.0,0.0,1.0,1.0,1.0,1.0,0.0,0.0,0.0,0.0,0.0,0.0,0.0,0.0,0.0,0.0,0.0,0.0,0.0
88,IKAN KELI (ANTARA 2 HINGGA 5 EKOR SEKILOGRAM),1kg,BARANGAN SEGAR,IKAN DARAT,84.0,64.0,64.0,67.0,75.0,84.0,79.0,83.0,80.0,77.0,70.0,76.0,80.0,78.0,79.0,81.0,79.0,28.0,80.0,88.0,85.0,80.0,67.0,66.0,71.0,73.0,80.0,71.0,74.0,57.0
89,IKAN TILAPIA HITAM (ANTARA 2 HINGGA 5 EKOR SEKILOGRAM),1kg,BARANGAN SEGAR,IKAN DARAT,52.0,40.0,35.0,41.0,32.0,43.0,44.0,36.0,34.0,33.0,37.0,33.0,29.0,37.0,44.0,46.0,43.0,9.0,39.0,49.0,49.0,39.0,42.0,45.0,50.0,43.0,50.0,49.0,45.0,40.0
92,CILI HIJAU,1kg,BARANGAN SEGAR,SAYUR-SAYURAN,93.0,66.0,68.0,76.0,88.0,91.0,90.0,92.0,88.0,87.0,87.0,87.0,90.0,96.0,93.0,90.0,86.0,33.0,96.0,96.0,95.0,95.0,84.0,83.0,87.0,92.0,95.0,96.0,89.0,58.0
93,CILI MERAH - KULAI,1kg,BARANGAN SEGAR,SAYUR-SAYURAN,20.0,16.0,16.0,17.0,22.0,21.0,22.0,21.0,22.0,23.0,23.0,23.0,27.0,23.0,25.0,25.0,25.0,13.0,23.0,21.0,26.0,28.0,24.0,22.0,23.0,25.0,24.0,24.0,24.0,8.0
94,CILI MERAH - MINYAK,1kg,BARANGAN SEGAR,SAYUR-SAYURAN,75.0,51.0,58.0,67.0,75.0,78.0,70.0,71.0,68.0,65.0,64.0,73.0,75.0,83.0,83.0,82.0,85.0,33.0,87.0,87.0,84.0,82.0,71.0,74.0,81.0,89.0,93.0,92.0,93.0,70.0
95,HALIA BASAH (TUA),1kg,BARANGAN SEGAR,SAYUR-SAYURAN,125.0,99.0,105.0,111.0,123.0,125.0,127.0,125.0,126.0,126.0,122.0,125.0,124.0,125.0,124.0,123.0,122.0,52.0,124.0,125.0,124.0,124.0,110.0,107.0,119.0,121.0,124.0,125.0,125.0,86.0
96,KACANG BENDI,1kg,BARANGAN SEGAR,SAYUR-SAYURAN,74.0,59.0,53.0,52.0,55.0,62.0,67.0,72.0,74.0,66.0,64.0,64.0,73.0,77.0,80.0,77.0,75.0,33.0,69.0,70.0,72.0,73.0,68.0,68.0,72.0,70.0,69.0,72.0,72.0,47.0
97,KACANG BUNCIS,1kg,BARANGAN SEGAR,SAYUR-SAYURAN,89.0,66.0,68.0,71.0,79.0,84.0,79.0,85.0,88.0,86.0,90.0,90.0,89.0,94.0,94.0,95.0,90.0,40.0,93.0,92.0,96.0,96.0,84.0,84.0,94.0,94.0,94.0,93.0,91.0,60.0
98,KACANG PANJANG,1kg,BARANGAN SEGAR,SAYUR-SAYURAN,71.0,62.0,55.0,56.0,74.0,74.0,80.0,85.0,84.0,75.0,75.0,74.0,80.0,84.0,79.0,73.0,76.0,30.0,68.0,65.0,62.0,63.0,55.0,61.0,72.0,76.0,74.0,82.0,80.0,56.0
101,KELAPA BIJI,1 biji,BARANGAN SEGAR,KELAPA,12.0,11.0,9.0,11.0,11.0,11.0,11.0,11.0,11.0,10.0,10.0,9.0,8.0,8.0,8.0,8.0,9.0,2.0,9.0,9.0,10.0,10.0,10.0,10.0,10.0,10.0,10.0,9.0,9.0,9.0
102,KELAPA PARUT,1kg,BARANGAN SEGAR,KELAPA,2.0,2.0,1.0,1.0,1.0,1.0,1.0,2.0,1.0,1.0,2.0,2.0,1.0,2.0,2.0,2.0,1.0,0.0,1.0,1.0,1.0,1.0,2.0,2.0,3.0,3.0,4.0,3.0,4.0,2.0
103,SANTAN KELAPA SEGAR (BIASA),1kg,BARANGAN SEGAR,KELAPA,13.0,11.0,9.0,12.0,14.0,15.0,15.0,14.0,15.0,13.0,14.0,14.0,14.0,14.0,20.0,20.0,17.0,7.0,16.0,17.0,17.0,16.0,16.0,14.0,19.0,23.0,22.0,20.0,18.0,16.0
104,KUBIS BULAT IMPORT (CHINA),1kg,BARANGAN SEGAR,SAYUR-SAYURAN,87.0,61.0,74.0,85.0,88.0,92.0,100.0,102.0,99.0,96.0,97.0,97.0,96.0,96.0,97.0,96.0,97.0,36.0,96.0,96.0,93.0,90.0,79.0,78.0,87.0,98.0,89.0,86.0,86.0,67.0
105,KUBIS BULAT (TEMPATAN),1kg,BARANGAN SEGAR,SAYUR-SAYURAN,32.0,29.0,27.0,24.0,26.0,31.0,33.0,33.0,34.0,29.0,29.0,30.0,31.0,31.0,29.0,31.0,31.0,20.0,34.0,33.0,34.0,29.0,31.0,34.0,38.0,32.0,35.0,36.0,38.0,13.0
108,KUNYIT HIDUP,1kg,BARANGAN SEGAR,SAYUR-SAYURAN,111.0,83.0,88.0,98.0,108.0,112.0,111.0,111.0,114.0,115.0,116.0,116.0,116.0,116.0,116.0,116.0,115.0,48.0,115.0,118.0,116.0,117.0,103.0,97.0,111.0,115.0,113.0,112.0,111.0,76.0
109,LOBAK MERAH,1kg,BARANGAN SEGAR,SAYUR-SAYURAN,113.0,87.0,96.0,110.0,115.0,119.0,122.0,124.0,119.0,120.0,124.0,121.0,124.0,125.0,126.0,124.0,121.0,55.0,124.0,121.0,122.0,121.0,106.0,106.0,118.0,121.0,110.0,121.0,125.0,83.0
112,TERUNG PANJANG,1kg,BARANGAN SEGAR,SAYUR-SAYURAN,94.0,76.0,75.0,78.0,87.0,93.0,93.0,93.0,91.0,97.0,96.0,95.0,97.0,95.0,90.0,94.0,91.0,43.0,92.0,96.0,93.0,95.0,85.0,85.0,93.0,91.0,90.0,90.0,90.0,54.0
113,TIMUN,1kg,BARANGAN SEGAR,SAYUR-SAYURAN,109.0,85.0,95.0,101.0,104.0,109.0,110.0,109.0,110.0,113.0,111.0,119.0,119.0,120.0,115.0,116.0,119.0,50.0,117.0,117.0,119.0,119.0,109.0,115.0,126.0,129.0,131.0,132.0,127.0,80.0
114,TOMATO,1kg,BARANGAN SEGAR,SAYUR-SAYURAN,82.0,65.0,85.0,88.0,103.0,110.0,109.0,110.0,106.0,100.0,102.0,107.0,112.0,113.0,113.0,113.0,115.0,45.0,118.0,117.0,116.0,112.0,94.0,103.0,117.0,120.0,116.0,115.0,118.0,78.0
118,TELUR AYAM GRED A (BERAT 65.0 GM HINGGA 69.9 GM SEBIJI),10 biji,BARANGAN SEGAR,TELUR,23.0,13.0,10.0,15.0,12.0,19.0,24.0,31.0,21.0,16.0,16.0,15.0,17.0,23.0,32.0,27.0,25.0,5.0,17.0,18.0,31.0,27.0,28.0,28.0,27.0,21.0,23.0,27.0,33.0,26.0
119,TELUR AYAM GRED B (BERAT 60.0 GM HINGGA 64.9 GM),10 biji,BARANGAN SEGAR,TELUR,34.0,25.0,21.0,22.0,20.0,22.0,30.0,40.0,37.0,33.0,29.0,23.0,28.0,33.0,40.0,42.0,40.0,11.0,32.0,37.0,41.0,39.0,37.0,39.0,45.0,39.0,39.0,41.0,45.0,39.0
120,TELUR AYAM GRED C (BERAT 55.0 GM HINGGA 59.9 GM SEBIJI),10 biji,BARANGAN SEGAR,TELUR,41.0,29.0,26.0,30.0,27.0,29.0,36.0,45.0,44.0,37.0,43.0,35.0,36.0,33.0,41.0,42.0,44.0,13.0,40.0,45.0,46.0,44.0,40.0,42.0,48.0,44.0,43.0,43.0,47.0,39.0
124,TELUR PUYUH,15 Biji,BARANGAN SEGAR,TELUR,80.0,65.0,66.0,71.0,73.0,72.0,73.0,73.0,76.0,80.0,76.0,77.0,77.0,81.0,81.0,80.0,83.0,31.0,80.0,80.0,78.0,74.0,71.0,71.0,77.0,75.0,80.0,80.0,80.0,65.0
125,TELUR ITIK,10 biji,BARANGAN SEGAR,TELUR,7.0,8.0,8.0,6.0,7.0,7.0,7.0,7.0,7.0,7.0,7.0,5.0,4.0,4.0,4.0,7.0,6.0,0.0,6.0,6.0,4.0,3.0,4.0,5.0,6.0,6.0,7.0,7.0,6.0,6.0
129,BAWANG BESAR KUNING/HOLLAND,1kg,BARANGAN KERING,BAWANG,116.0,94.0,100.0,110.0,120.0,121.0,118.0,119.0,118.0,119.0,119.0,121.0,121.0,123.0,123.0,122.0,121.0,56.0,122.0,118.0,119.0,120.0,108.0,112.0,128.0,127.0,128.0,128.0,128.0,84.0
131,BAWANG KECIL MERAH ROSE IMPORT (INDIA),1kg,BARANGAN KERING,BAWANG,53.0,40.0,44.0,42.0,44.0,46.0,48.0,49.0,49.0,51.0,52.0,45.0,44.0,48.0,48.0,47.0,47.0,26.0,48.0,51.0,55.0,57.0,51.0,52.0,59.0,63.0,65.0,65.0,58.0,30.0
132,BAWANG KECIL MERAH IMPORT (THAILAND),1kg,BARANGAN KERING,BAWANG,20.0,15.0,14.0,18.0,18.0,24.0,27.0,28.0,31.0,31.0,30.0,26.0,26.0,26.0,27.0,28.0,24.0,9.0,25.0,26.0,29.0,27.0,28.0,29.0,32.0,30.0,31.0,30.0,30.0,18.0
148,IKAN BILIS GRED B (KOPEK),1kg,BARANGAN KERING,HASIL LAUT KERING,70.0,53.0,62.0,69.0,72.0,75.0,78.0,81.0,83.0,82.0,82.0,83.0,83.0,84.0,83.0,82.0,85.0,38.0,85.0,87.0,87.0,87.0,80.0,82.0,88.0,86.0,87.0,86.0,87.0,55.0
152,KACANG HIJAU (IMPORT),1kg,BARANGAN KERING,KACANG,90.0,75.0,79.0,83.0,91.0,91.0,92.0,91.0,93.0,93.0,93.0,92.0,93.0,91.0,92.0,92.0,92.0,42.0,92.0,92.0,92.0,93.0,83.0,84.0,92.0,94.0,93.0,90.0,92.0,58.0
154,SERBUK KUNYIT (TIDAK BERBUNGKUS),100 g,BARANGAN BERBUNGKUS,REMPAH RATUS (TIDAK BERBUNGKUS),0.0,0.0,50.0,0.0,0.0,0.0,0.0,0.0,0.0,57.0,0.0,0.0,0.0,0.0,0.0,0.0,55.0,0.0,0.0,10.0,0.0,0.0,0.0,44.0,0.0,0.0,55.0,0.0,0.0,0.0
155,SERBUK CILI  (TIDAK BERBUNGKUS),100 g,BARANGAN BERBUNGKUS,REMPAH RATUS (TIDAK BERBUNGKUS),0.0,0.0,47.0,0.0,0.0,0.0,0.0,0.0,0.0,62.0,0.0,0.0,0.0,0.0,0.0,0.0,60.0,0.0,0.0,13.0,0.0,0.0,0.0,45.0,0.0,0.0,58.0,0.0,0.0,0.0
160,UBI KENTANG RUSSET,1kg,BARANGAN KERING,UBI KENTANG,64.0,46.0,52.0,57.0,63.0,61.0,66.0,65.0,67.0,64.0,68.0,70.0,67.0,66.0,65.0,69.0,72.0,25.0,72.0,68.0,72.0,70.0,60.0,60.0,70.0,55.0,54.0,50.0,45.0,38.0
180,TEH BOH (UNCANG),100 beg,MINUMAN,BAHAN-BAHAN MINUMAN,0.0,0.0,0.0,0.0,0.0,0.0,0.0,0.0,0.0,0.0,0.0,0.0,0.0,0.0,0.0,0.0,0.0,0.0,0.0,11.0,0.0,0.0,0.0,95.0,0.0,0.0,0.0,0.0,0.0,0.0
190,SARDIN CAP AYAM (SOS TOMATO),155 g,BARANGAN BERBUNGKUS,IKAN DALAM TIN,0.0,0.0,89.0,0.0,0.0,0.0,0.0,0.0,0.0,108.0,0.0,0.0,0.0,0.0,0.0,0.0,111.0,0.0,0.0,13.0,0.0,0.0,0.0,99.0,0.0,0.0,109.0,0.0,0.0,0.0
191,SARDIN CAP AYAM (SOS TOMATO),425 g,BARANGAN BERBUNGKUS,IKAN DALAM TIN,0.0,0.0,96.0,0.0,0.0,0.0,0.0,0.0,0.0,115.0,0.0,0.0,0.0,0.0,0.0,0.0,113.0,0.0,0.0,13.0,0.0,0.0,0.0,100.0,0.0,0.0,105.0,0.0,0.0,0.0
192,SARDIN CAP KING CUP (SOS TOMATO),155 g,BARANGAN BERBUNGKUS,IKAN DALAM TIN,0.0,0.0,81.0,0.0,0.0,0.0,0.0,0.0,0.0,92.0,0.0,0.0,0.0,0.0,0.0,0.0,99.0,0.0,0.0,13.0,0.0,0.0,0.0,87.0,0.0,0.0,99.0,0.0,0.0,0.0
193,SARDIN CAP KING CUP (SOS TOMATO),425 g,BARANGAN BERBUNGKUS,IKAN DALAM TIN,0.0,0.0,75.0,0.0,0.0,0.0,0.0,0.0,0.0,88.0,0.0,0.0,0.0,0.0,0.0,0.0,94.0,0.0,0.0,14.0,0.0,0.0,0.0,83.0,0.0,0.0,97.0,0.0,0.0,0.0
195,MACKAREL CAP AYAM (SOS TOMATO),425 g,BARANGAN BERBUNGKUS,IKAN DALAM TIN,0.0,0.0,97.0,0.0,0.0,0.0,0.0,0.0,0.0,113.0,0.0,0.0,0.0,0.0,0.0,0.0,110.0,0.0,0.0,13.0,0.0,0.0,0.0,99.0,0.0,0.0,107.0,0.0,0.0,0.0
197,MACKAREL CAP KING CUP (SOS TOMATO),425 g,BARANGAN BERBUNGKUS,IKAN DALAM TIN,0.0,0.0,78.0,0.0,0.0,0.0,0.0,0.0,0.0,89.0,0.0,0.0,0.0,0.0,0.0,0.0,94.0,0.0,0.0,10.0,0.0,0.0,0.0,82.0,0.0,0.0,90.0,0.0,0.0,0.0
199,TUNA CAP TC BOY (SANDWICH DELITE),150 g,BARANGAN BERBUNGKUS,IKAN DALAM TIN,0.0,0.0,41.0,0.0,0.0,0.0,0.0,0.0,0.0,50.0,0.0,0.0,0.0,0.0,0.0,0.0,50.0,0.0,0.0,5.0,0.0,0.0,0.0,41.0,0.0,0.0,48.0,0.0,0.0,0.0
201,JEM STRAWBERI LADY'S CHOICE,400 g,BARANGAN BERBUNGKUS,SAPUAN (SPREADS),0.0,0.0,86.0,0.0,0.0,0.0,0.0,0.0,0.0,98.0,0.0,0.0,0.0,0.0,0.0,0.0,97.0,0.0,0.0,14.0,0.0,0.0,0.0,86.0,0.0,0.0,100.0,0.0,0.0,0.0
202,SERI KAYA YEO'S,480 g,BARANGAN BERBUNGKUS,SAPUAN (SPREADS),0.0,0.0,84.0,0.0,0.0,0.0,0.0,0.0,0.0,94.0,0.0,0.0,0.0,0.0,0.0,0.0,101.0,0.0,0.0,12.0,0.0,0.0,0.0,87.0,0.0,0.0,97.0,0.0,0.0,0.0
203,MAINLAND CHESDALE CHEDDAR CHEESE SPREAD 12 CHEDDAR,250 g,BARANGAN BERBUNGKUS,SAPUAN (SPREADS),0.0,0.0,69.0,0.0,0.0,0.0,0.0,0.0,0.0,92.0,0.0,0.0,0.0,0.0,0.0,0.0,101.0,0.0,0.0,12.0,0.0,0.0,0.0,96.0,0.0,0.0,108.0,0.0,0.0,0.0
205,MARJERIN DAISY,480 g,BARANGAN BERBUNGKUS,SAPUAN (SPREADS),0.0,0.0,93.0,0.0,0.0,0.0,0.0,0.0,0.0,111.0,0.0,0.0,0.0,0.0,0.0,0.0,108.0,0.0,0.0,14.0,0.0,0.0,0.0,100.0,0.0,0.0,111.0,0.0,0.0,0.0
206,MARJERIN PLANTA,480 g,BARANGAN BERBUNGKUS,SAPUAN (SPREADS),0.0,0.0,73.0,0.0,0.0,0.0,0.0,0.0,0.0,89.0,0.0,0.0,0.0,0.0,0.0,0.0,89.0,0.0,0.0,13.0,0.0,0.0,0.0,75.0,0.0,0.0,88.0,0.0,0.0,0.0
214,KICAP LEMAK MANIS CAP KIPAS UDANG,345ml,BARANGAN BERBUNGKUS,KICAP DAN SOS,0.0,0.0,94.0,0.0,0.0,0.0,0.0,0.0,0.0,101.0,0.0,0.0,0.0,0.0,0.0,0.0,114.0,0.0,0.0,12.0,0.0,0.0,0.0,104.0,0.0,0.0,112.0,0.0,0.0,0.0
215,KICAP LEMAK MANIS CAP JALEN,650 ml,BARANGAN BERBUNGKUS,KICAP DAN SOS,0.0,0.0,65.0,0.0,0.0,0.0,0.0,0.0,0.0,84.0,0.0,0.0,0.0,0.0,0.0,0.0,87.0,0.0,0.0,11.0,0.0,0.0,0.0,67.0,0.0,0.0,82.0,0.0,0.0,0.0
217,SOS TOMATO MAGGI,325 g,BARANGAN BERBUNGKUS,KICAP DAN SOS,0.0,0.0,84.0,0.0,0.0,0.0,0.0,0.0,0.0,99.0,0.0,0.0,0.0,0.0,0.0,0.0,98.0,0.0,0.0,11.0,0.0,0.0,0.0,87.0,0.0,0.0,95.0,0.0,0.0,0.0
218,SOS CILI LIFE,340 g,BARANGAN BERBUNGKUS,KICAP DAN SOS,0.0,0.0,77.0,0.0,0.0,0.0,0.0,0.0,0.0,95.0,0.0,0.0,0.0,0.0,0.0,0.0,100.0,0.0,0.0,13.0,0.0,0.0,0.0,88.0,0.0,0.0,100.0,0.0,0.0,0.0
224,SUSU SEGAR DUTCH LADY,1 liter,MINUMAN,TERSEDIA MINUM,0.0,0.0,0.0,0.0,0.0,0.0,0.0,0.0,0.0,0.0,0.0,0.0,0.0,0.0,0.0,0.0,0.0,0.0,0.0,12.0,0.0,0.0,0.0,72.0,0.0,0.0,0.0,0.0,0.0,0.0
228,COCA COLA (BOTOL),1.5 liter,MINUMAN,TERSEDIA MINUM,0.0,0.0,0.0,0.0,0.0,0.0,0.0,0.0,0.0,0.0,0.0,0.0,0.0,0.0,0.0,0.0,0.0,0.0,0.0,13.0,0.0,0.0,0.0,103.0,0.0,0.0,0.0,0.0,0.0,0.0
229,F&N OREN (TIN),325 ml,MINUMAN,TERSEDIA MINUM,0.0,0.0,0.0,0.0,0.0,0.0,0.0,0.0,0.0,0.0,0.0,0.0,0.0,0.0,0.0,0.0,0.0,0.0,0.0,6.0,0.0,0.0,0.0,61.0,0.0,0.0,0.0,0.0,0.0,0.0
230,F&N OREN (BOTOL),1.5 liter,MINUMAN,TERSEDIA MINUM,0.0,0.0,0.0,0.0,0.0,0.0,0.0,0.0,0.0,0.0,0.0,0.0,0.0,0.0,0.0,0.0,0.0,0.0,0.0,13.0,0.0,0.0,0.0,100.0,0.0,0.0,0.0,0.0,0.0,0.0
232,MIRINDA OREN (BOTOL),1.5 liter,MINUMAN,TERSEDIA MINUM,0.0,0.0,0.0,0.0,0.0,0.0,0.0,0.0,0.0,0.0,0.0,0.0,0.0,0.0,0.0,0.0,0.0,0.0,0.0,10.0,0.0,0.0,0.0,98.0,0.0,0.0,0.0,0.0,0.0,0.0
235,JUS OREN PEEL FRESH (MARIGOLD),1 liter,MINUMAN,TERSEDIA MINUM,0.0,0.0,0.0,0.0,0.0,0.0,0.0,0.0,0.0,0.0,0.0,0.0,0.0,0.0,0.0,0.0,0.0,0.0,0.0,13.0,0.0,0.0,0.0,86.0,0.0,0.0,0.0,0.0,0.0,0.0
239,RED BULL (BOTOL),150 ml,MINUMAN,TERSEDIA MINUM,0.0,0.0,0.0,0.0,0.0,0.0,0.0,0.0,0.0,0.0,0.0,0.0,0.0,0.0,0.0,0.0,0.0,0.0,0.0,5.0,0.0,0.0,0.0,47.0,0.0,0.0,0.0,0.0,0.0,0.0
240,LIVITA WITH HONEY (BOTOL),150 ml,MINUMAN,TERSEDIA MINUM,0.0,0.0,0.0,0.0,0.0,0.0,0.0,0.0,0.0,0.0,0.0,0.0,0.0,0.0,0.0,0.0,0.0,0.0,0.0,4.0,0.0,0.0,0.0,24.0,0.0,0.0,0.0,0.0,0.0,0.0
246,MINYAK JAGUNG CAP MAZOLA,1kg,BARANGAN BERBUNGKUS,MINYAK DAN LEMAK,0.0,0.0,57.0,0.0,0.0,0.0,0.0,0.0,0.0,64.0,0.0,0.0,0.0,0.0,0.0,0.0,59.0,0.0,0.0,6.0,0.0,0.0,0.0,53.0,0.0,0.0,58.0,0.0,0.0,0.0
254,MINYAK MASAK SEBATIAN CAP HELANG,5 kg,BARANGAN BERBUNGKUS,MINYAK DAN LEMAK,0.0,0.0,90.0,0.0,0.0,0.0,0.0,0.0,0.0,100.0,0.0,0.0,0.0,0.0,0.0,0.0,104.0,0.0,0.0,9.0,0.0,0.0,0.0,98.0,0.0,0.0,110.0,0.0,0.0,0.0
257,MINYAK MASAK SEBATIAN CAP NEPTUNE,5 kg,BARANGAN BERBUNGKUS,MINYAK DAN LEMAK,0.0,0.0,73.0,0.0,0.0,0.0,0.0,0.0,0.0,86.0,0.0,0.0,0.0,0.0,0.0,0.0,90.0,0.0,0.0,12.0,0.0,0.0,0.0,71.0,0.0,0.0,81.0,0.0,0.0,0.0
260,MINYAK MASAK SEBATIAN CAP PISAU,5 kg,BARANGAN BERBUNGKUS,MINYAK DAN LEMAK,0.0,0.0,94.0,0.0,0.0,0.0,0.0,0.0,0.0,108.0,0.0,0.0,0.0,0.0,0.0,0.0,109.0,0.0,0.0,12.0,0.0,0.0,0.0,98.0,0.0,0.0,111.0,0.0,0.0,0.0
263,MINYAK MASAK TULEN CAP BURUH,5 kg,BARANGAN BERBUNGKUS,MINYAK DAN LEMAK,0.0,0.0,62.0,0.0,0.0,0.0,0.0,0.0,0.0,89.0,0.0,0.0,0.0,0.0,0.0,0.0,92.0,0.0,0.0,11.0,0.0,0.0,0.0,83.0,0.0,0.0,104.0,0.0,0.0,0.0
266,MINYAK MASAK TULEN CAP SERI MURNI,5 kg,BARANGAN BERBUNGKUS,MINYAK DAN LEMAK,0.0,0.0,69.0,0.0,0.0,0.0,0.0,0.0,0.0,86.0,0.0,0.0,0.0,0.0,0.0,0.0,81.0,0.0,0.0,2.0,0.0,0.0,0.0,81.0,0.0,0.0,82.0,0.0,0.0,0.0
267,MINYAK MASAK TULEN CAP VESAWIT,1kg,BARANGAN BERBUNGKUS,MINYAK DAN LEMAK,0.0,0.0,21.0,0.0,0.0,0.0,0.0,0.0,0.0,24.0,0.0,0.0,0.0,0.0,0.0,0.0,22.0,0.0,0.0,1.0,0.0,0.0,0.0,25.0,0.0,0.0,28.0,0.0,0.0,0.0
271,MINYAK SAPI CAP QBB,400 g,BARANGAN BERBUNGKUS,MINYAK DAN LEMAK,0.0,0.0,48.0,0.0,0.0,0.0,0.0,0.0,0.0,58.0,0.0,0.0,0.0,0.0,0.0,0.0,57.0,0.0,0.0,7.0,0.0,0.0,0.0,53.0,0.0,0.0,58.0,0.0,0.0,0.0
272,ROTI SANDWICH GARDENIA ORIGINAL CLASSIC,400 g,BARANGAN BERBUNGKUS,ROTI,0.0,0.0,83.0,0.0,0.0,0.0,0.0,0.0,0.0,97.0,0.0,0.0,0.0,0.0,0.0,0.0,100.0,0.0,0.0,14.0,0.0,0.0,0.0,85.0,0.0,0.0,98.0,0.0,0.0,0.0
292,UBAT GIGI COLGATE (PUDINA SEGAR),250 g,PRODUK KEBERSIHAN,PENJAGAAN DIRI,0.0,0.0,0.0,0.0,0.0,0.0,0.0,0.0,0.0,0.0,0.0,0.0,0.0,0.0,0.0,0.0,0.0,0.0,0.0,13.0,0.0,0.0,0.0,91.0,0.0,0.0,0.0,0.0,0.0,0.0
293,UBAT GIGI DARLIE DOUBLE ACTION (PUDINA ASLI),250 g,PRODUK KEBERSIHAN,PENJAGAAN DIRI,0.0,0.0,0.0,0.0,0.0,0.0,0.0,0.0,0.0,0.0,0.0,0.0,0.0,0.0,0.0,0.0,0.0,0.0,0.0,10.0,0.0,0.0,0.0,100.0,0.0,0.0,0.0,0.0,0.0,0.0
295,UBAT GIGI FRESH & WHITE (PUDINA SEGAR),160 g,PRODUK KEBERSIHAN,PENJAGAAN DIRI,0.0,0.0,0.0,0.0,0.0,0.0,0.0,0.0,0.0,0.0,0.0,0.0,0.0,0.0,0.0,0.0,0.0,0.0,0.0,2.0,0.0,0.0,0.0,42.0,0.0,0.0,0.0,0.0,0.0,0.0
299,LACTOGEN 1 RUMUSAN BAYI (KOTAK),650g,SUSU DAN BARANGAN BAYI,SUSU BAYI,0.0,0.0,94.0,0.0,0.0,0.0,0.0,0.0,0.0,103.0,0.0,0.0,0.0,0.0,0.0,0.0,108.0,0.0,0.0,11.0,0.0,0.0,0.0,100.0,0.0,0.0,106.0,0.0,0.0,0.0
300,LACTOGEN 2 RUMUSAN SUSULAN (KOTAK),650g,SUSU DAN BARANGAN BAYI,SUSU BAYI,0.0,0.0,88.0,0.0,0.0,0.0,0.0,0.0,0.0,97.0,0.0,0.0,0.0,0.0,0.0,0.0,107.0,0.0,0.0,11.0,0.0,0.0,0.0,98.0,0.0,0.0,104.0,0.0,0.0,0.0
320,SUSU SEJAT PENUH KRIM CAP IDEAL,390g,BARANGAN BERBUNGKUS,KRIMER DAN SUSU TEPUNG,0.0,0.0,83.0,0.0,0.0,0.0,0.0,0.0,0.0,96.0,0.0,0.0,0.0,0.0,0.0,0.0,85.0,0.0,0.0,11.0,0.0,0.0,0.0,60.0,0.0,0.0,59.0,0.0,0.0,0.0
327,SUSU TEPUNG ISIAN KURANG LEMAK 'OMEGA PLUS',1kg,BARANGAN BERBUNGKUS,KRIMER DAN SUSU TEPUNG,0.0,0.0,85.0,0.0,0.0,0.0,0.0,0.0,0.0,102.0,0.0,0.0,0.0,0.0,0.0,0.0,105.0,0.0,0.0,10.0,0.0,0.0,0.0,97.0,0.0,0.0,108.0,0.0,0.0,0.0
332,SUSU TEPUNG SEGERA FERNLEAF (INSTANT),550 g,BARANGAN BERBUNGKUS,KRIMER DAN SUSU TEPUNG,0.0,0.0,29.0,0.0,0.0,0.0,0.0,0.0,0.0,27.0,0.0,0.0,0.0,0.0,0.0,0.0,27.0,0.0,0.0,4.0,0.0,0.0,0.0,26.0,0.0,0.0,27.0,0.0,0.0,0.0
334,SUSU ANLENE ACTIFIT 3X PERISA ASLI,600 g,BARANGAN BERBUNGKUS,KRIMER DAN SUSU TEPUNG,0.0,0.0,41.0,0.0,0.0,0.0,0.0,0.0,0.0,40.0,0.0,0.0,0.0,0.0,0.0,0.0,40.0,0.0,0.0,0.0,0.0,0.0,0.0,42.0,0.0,0.0,41.0,0.0,0.0,0.0
335,SUSU ANLENE GOLD 5X,600 g,BARANGAN BERBUNGKUS,KRIMER DAN SUSU TEPUNG,0.0,0.0,32.0,0.0,0.0,0.0,0.0,0.0,0.0,31.0,0.0,0.0,0.0,0.0,0.0,0.0,34.0,0.0,0.0,0.0,0.0,0.0,0.0,32.0,0.0,0.0,32.0,0.0,0.0,0.0
336,ANMUM MATERNA (BIASA/COKLAT),650g,BARANGAN BERBUNGKUS,KRIMER DAN SUSU TEPUNG,0.0,0.0,108.0,0.0,0.0,0.0,0.0,0.0,0.0,123.0,0.0,0.0,0.0,0.0,0.0,0.0,127.0,0.0,0.0,13.0,0.0,0.0,0.0,113.0,0.0,0.0,124.0,0.0,0.0,0.0
343,KULIT KAYU MANIS,100 g,BARANGAN BERBUNGKUS,REMPAH RATUS (TIDAK BERBUNGKUS),0.0,0.0,74.0,0.0,0.0,0.0,0.0,0.0,0.0,88.0,0.0,0.0,0.0,0.0,0.0,0.0,88.0,0.0,0.0,14.0,0.0,0.0,0.0,75.0,0.0,0.0,88.0,0.0,0.0,0.0
345,SUSU TEPUNG ISIAN KURANG LEMAK 'OMEGA PLUS',600 g,BARANGAN BERBUNGKUS,KRIMER DAN SUSU TEPUNG,0.0,0.0,92.0,0.0,0.0,0.0,0.0,0.0,0.0,108.0,0.0,0.0,0.0,0.0,0.0,0.0,116.0,0.0,0.0,13.0,0.0,0.0,0.0,102.0,0.0,0.0,114.0,0.0,0.0,0.0
346,REMPAH KURMA (TIDAK BERBUNGKUS),100 g,BARANGAN BERBUNGKUS,REMPAH RATUS (TIDAK BERBUNGKUS),0.0,0.0,25.0,0.0,0.0,0.0,0.0,0.0,0.0,30.0,0.0,0.0,0.0,0.0,0.0,0.0,31.0,0.0,0.0,5.0,0.0,0.0,0.0,24.0,0.0,0.0,28.0,0.0,0.0,0.0
347,REMPAH SUP (TIDAK BERBUNGKUS),100 g,BARANGAN BERBUNGKUS,REMPAH RATUS (TIDAK BERBUNGKUS),0.0,0.0,18.0,0.0,0.0,0.0,0.0,0.0,0.0,23.0,0.0,0.0,0.0,0.0,0.0,0.0,25.0,0.0,0.0,4.0,0.0,0.0,0.0,21.0,0.0,0.0,22.0,0.0,0.0,0.0
350,SERBUK KARI IKAN BABAS,250 g,BARANGAN BERBUNGKUS,REMPAH RATUS (BERBUNGKUS),0.0,0.0,98.0,0.0,0.0,0.0,0.0,0.0,0.0,116.0,0.0,0.0,0.0,0.0,0.0,0.0,119.0,0.0,0.0,14.0,0.0,0.0,0.0,101.0,0.0,0.0,113.0,0.0,0.0,0.0
360,SUP BUNJUT ADABI,8 g,BARANGAN BERBUNGKUS,REMPAH RATUS (BERBUNGKUS),0.0,0.0,90.0,0.0,0.0,0.0,0.0,0.0,0.0,101.0,0.0,0.0,0.0,0.0,0.0,0.0,106.0,0.0,0.0,13.0,0.0,0.0,0.0,95.0,0.0,0.0,108.0,0.0,0.0,0.0
361,SUP PUNJUT MAK SITI,10 g,BARANGAN BERBUNGKUS,REMPAH RATUS (BERBUNGKUS),0.0,0.0,38.0,0.0,0.0,0.0,0.0,0.0,0.0,46.0,0.0,0.0,0.0,0.0,0.0,0.0,46.0,0.0,0.0,7.0,0.0,0.0,0.0,42.0,0.0,0.0,45.0,0.0,0.0,0.0
364,SERBUK CILI BABAS,250 g,BARANGAN BERBUNGKUS,REMPAH RATUS (BERBUNGKUS),0.0,0.0,97.0,0.0,0.0,0.0,0.0,0.0,0.0,116.0,0.0,0.0,0.0,0.0,0.0,0.0,120.0,0.0,0.0,13.0,0.0,0.0,0.0,105.0,0.0,0.0,118.0,0.0,0.0,0.0
365,SERBUK KUNYIT CAMPURAN (SEBATIAN) ADABI,250 g,BARANGAN BERBUNGKUS,REMPAH RATUS (BERBUNGKUS),0.0,0.0,88.0,0.0,0.0,0.0,0.0,0.0,0.0,105.0,0.0,0.0,0.0,0.0,0.0,0.0,111.0,0.0,0.0,13.0,0.0,0.0,0.0,89.0,0.0,0.0,107.0,0.0,0.0,0.0
367,SERBUK KUNYIT BABAS,250 g,BARANGAN BERBUNGKUS,REMPAH RATUS (BERBUNGKUS),0.0,0.0,89.0,0.0,0.0,0.0,0.0,0.0,0.0,106.0,0.0,0.0,0.0,0.0,0.0,0.0,113.0,0.0,0.0,14.0,0.0,0.0,0.0,99.0,0.0,0.0,110.0,0.0,0.0,0.0
368,KACANG TANAH (IMPORT),1kg,BARANGAN KERING,KACANG,70.0,60.0,64.0,67.0,74.0,76.0,78.0,78.0,78.0,78.0,77.0,78.0,77.0,77.0,79.0,80.0,80.0,37.0,76.0,78.0,77.0,76.0,66.0,66.0,75.0,75.0,77.0,78.0,77.0,46.0
388,KRIMER MANIS CAP JUNJUNG,500 g,BARANGAN BERBUNGKUS,KRIMER DAN SUSU TEPUNG,0.0,0.0,69.0,0.0,0.0,0.0,0.0,0.0,0.0,77.0,0.0,0.0,0.0,0.0,0.0,0.0,79.0,0.0,0.0,10.0,0.0,0.0,0.0,68.0,0.0,0.0,74.0,0.0,0.0,0.0
716,CILI API/PADI HIJAU,1kg,BARANGAN SEGAR,SAYUR-SAYURAN,24.0,22.0,23.0,24.0,26.0,26.0,21.0,21.0,26.0,23.0,22.0,21.0,21.0,24.0,22.0,22.0,21.0,6.0,21.0,21.0,23.0,25.0,23.0,22.0,26.0,25.0,24.0,28.0,28.0,25.0
843,ANMUM LACTA (BIASA),650g,BARANGAN BERBUNGKUS,KRIMER DAN SUSU TEPUNG,0.0,0.0,95.0,0.0,0.0,0.0,0.0,0.0,0.0,111.0,0.0,0.0,0.0,0.0,0.0,0.0,113.0,0.0,0.0,12.0,0.0,0.0,0.0,100.0,0.0,0.0,112.0,0.0,0.0,0.0
845,SOTONG (≥ 6 EKOR SEKILOGRAM),1kg,BARANGAN SEGAR,BAHAN LAUT,61.0,44.0,44.0,48.0,57.0,55.0,55.0,58.0,62.0,51.0,59.0,56.0,62.0,63.0,64.0,66.0,65.0,28.0,66.0,69.0,65.0,64.0,58.0,59.0,70.0,73.0,73.0,82.0,80.0,55.0
847,KETAM RENJONG/BUNGA (ANTARA 5 HINGGA 8 EKOR SEKILOGRAM),1kg,BARANGAN SEGAR,BAHAN LAUT,58.0,41.0,52.0,56.0,47.0,56.0,52.0,52.0,53.0,46.0,43.0,46.0,45.0,45.0,50.0,48.0,49.0,20.0,49.0,55.0,60.0,62.0,57.0,53.0,65.0,67.0,68.0,76.0,75.0,59.0
849,UDANG PUTIH KECIL (b	% 61 EKOR SEKILOGRAM),1kg,BARANGAN SEGAR,BAHAN LAUT,23.0,16.0,9.0,12.0,7.0,5.0,10.0,13.0,12.0,16.0,14.0,12.0,14.0,14.0,19.0,21.0,15.0,6.0,15.0,17.0,15.0,18.0,16.0,17.0,18.0,16.0,19.0,20.0,21.0,19.0
850,UDANG HARIMAU (ANTARA 20 HINGGA 30 EKOR SEKILOGRAM),1kg,BARANGAN SEGAR,BAHAN LAUT,20.0,17.0,18.0,22.0,23.0,25.0,24.0,26.0,27.0,23.0,23.0,26.0,28.0,26.0,28.0,28.0,25.0,7.0,27.0,29.0,29.0,30.0,27.0,27.0,33.0,34.0,35.0,34.0,36.0,25.0
861,UBI KENTANG HOLLAND,1kg,BARANGAN KERING,UBI KENTANG,5.0,5.0,4.0,5.0,5.0,5.0,5.0,5.0,5.0,4.0,4.0,4.0,4.0,4.0,4.0,4.0,4.0,1.0,4.0,4.0,4.0,4.0,4.0,3.0,3.0,3.0,3.0,3.0,3.0,2.0
863,JINTAN MANIS (KASAR),100 g,BARANGAN BERBUNGKUS,REMPAH RATUS (TIDAK BERBUNGKUS),0.0,0.0,77.0,0.0,0.0,0.0,0.0,0.0,0.0,91.0,0.0,0.0,0.0,0.0,0.0,0.0,89.0,0.0,0.0,13.0,0.0,0.0,0.0,75.0,0.0,0.0,87.0,0.0,0.0,0.0
864,BUNGA CENGKIH,100 g,BARANGAN BERBUNGKUS,REMPAH RATUS (TIDAK BERBUNGKUS),0.0,0.0,61.0,0.0,0.0,0.0,0.0,0.0,0.0,71.0,0.0,0.0,0.0,0.0,0.0,0.0,71.0,0.0,0.0,10.0,0.0,0.0,0.0,60.0,0.0,0.0,70.0,0.0,0.0,0.0
865,BUNGA LAWANG,100 g,BARANGAN BERBUNGKUS,REMPAH RATUS (TIDAK BERBUNGKUS),0.0,0.0,57.0,0.0,0.0,0.0,0.0,0.0,0.0,63.0,0.0,0.0,0.0,0.0,0.0,0.0,67.0,0.0,0.0,10.0,0.0,0.0,0.0,57.0,0.0,0.0,65.0,0.0,0.0,0.0
866,BUAH PELAGA,100 g,BARANGAN BERBUNGKUS,REMPAH RATUS (TIDAK BERBUNGKUS),0.0,0.0,24.0,0.0,0.0,0.0,0.0,0.0,0.0,27.0,0.0,0.0,0.0,0.0,0.0,0.0,29.0,0.0,0.0,3.0,0.0,0.0,0.0,26.0,0.0,0.0,29.0,0.0,0.0,0.0
867,BUAH KERAS,100 g,BARANGAN BERBUNGKUS,REMPAH RATUS (TIDAK BERBUNGKUS),0.0,0.0,70.0,0.0,0.0,0.0,0.0,0.0,0.0,81.0,0.0,0.0,0.0,0.0,0.0,0.0,84.0,0.0,0.0,13.0,0.0,0.0,0.0,74.0,0.0,0.0,86.0,0.0,0.0,0.0
868,BUAH PALA,100 g,BARANGAN BERBUNGKUS,REMPAH RATUS (TIDAK BERBUNGKUS),0.0,0.0,26.0,0.0,0.0,0.0,0.0,0.0,0.0,34.0,0.0,0.0,0.0,0.0,0.0,0.0,32.0,0.0,0.0,5.0,0.0,0.0,0.0,27.0,0.0,0.0,34.0,0.0,0.0,0.0
869,BIJI SAWI,100 g,BARANGAN BERBUNGKUS,REMPAH RATUS (TIDAK BERBUNGKUS),0.0,0.0,72.0,0.0,0.0,0.0,0.0,0.0,0.0,84.0,0.0,0.0,0.0,0.0,0.0,0.0,85.0,0.0,0.0,13.0,0.0,0.0,0.0,73.0,0.0,0.0,84.0,0.0,0.0,0.0
870,BIJI KETUMBAR,100 g,BARANGAN BERBUNGKUS,REMPAH RATUS (TIDAK BERBUNGKUS),0.0,0.0,70.0,0.0,0.0,0.0,0.0,0.0,0.0,80.0,0.0,0.0,0.0,0.0,0.0,0.0,81.0,0.0,0.0,12.0,0.0,0.0,0.0,66.0,0.0,0.0,80.0,0.0,0.0,0.0
871,LADA HITAM,100 g,BARANGAN BERBUNGKUS,REMPAH RATUS (TIDAK BERBUNGKUS),0.0,0.0,75.0,0.0,0.0,0.0,0.0,0.0,0.0,85.0,0.0,0.0,0.0,0.0,0.0,0.0,86.0,0.0,0.0,12.0,0.0,0.0,0.0,73.0,0.0,0.0,84.0,0.0,0.0,0.0
873,LADA PUTIH,100 g,BARANGAN BERBUNGKUS,REMPAH RATUS (TIDAK BERBUNGKUS),0.0,0.0,67.0,0.0,0.0,0.0,0.0,0.0,0.0,83.0,0.0,0.0,0.0,0.0,0.0,0.0,84.0,0.0,0.0,13.0,0.0,0.0,0.0,71.0,0.0,0.0,83.0,0.0,0.0,0.0
883,KRIMER MANIS BERVITAMIN CAP F&N,500 g,BARANGAN BERBUNGKUS,KRIMER DAN SUSU TEPUNG,0.0,0.0,87.0,0.0,0.0,0.0,0.0,0.0,0.0,99.0,0.0,0.0,0.0,0.0,0.0,0.0,94.0,0.0,0.0,11.0,0.0,0.0,0.0,91.0,0.0,0.0,94.0,0.0,0.0,0.0
884,KRIMER MANIS CAP GOLD COIN,500 g,BARANGAN BERBUNGKUS,KRIMER DAN SUSU TEPUNG,0.0,0.0,81.0,0.0,0.0,0.0,0.0,0.0,0.0,97.0,0.0,0.0,0.0,0.0,0.0,0.0,95.0,0.0,0.0,12.0,0.0,0.0,0.0,84.0,0.0,0.0,91.0,0.0,0.0,0.0
896,HALBA,100 g,BARANGAN BERBUNGKUS,REMPAH RATUS (TIDAK BERBUNGKUS),0.0,0.0,51.0,0.0,0.0,0.0,0.0,0.0,0.0,62.0,0.0,0.0,0.0,0.0,0.0,0.0,62.0,0.0,0.0,10.0,0.0,0.0,0.0,52.0,0.0,0.0,65.0,0.0,0.0,0.0
904,BERAS SUPER CAP RAMBUTAN 5% (IMPORT),10 kg,BARANGAN BERBUNGKUS,BERAS,67.0,45.0,53.0,60.0,62.0,62.0,65.0,68.0,72.0,68.0,72.0,74.0,70.0,72.0,68.0,71.0,70.0,23.0,65.0,67.0,67.0,66.0,60.0,60.0,66.0,67.0,66.0,68.0,72.0,55.0
910,KORDIAL F&N (SIRAP ROS),2 liter,MINUMAN,BAHAN-BAHAN MINUMAN,0.0,0.0,0.0,0.0,0.0,0.0,0.0,0.0,0.0,0.0,0.0,0.0,0.0,0.0,0.0,0.0,0.0,0.0,0.0,11.0,0.0,0.0,0.0,67.0,0.0,0.0,0.0,0.0,0.0,0.0
917,"TEPUNG GANDUM NGP (BERBUNGKUS, CAP SAUH)",1kg,BARANGAN BERBUNGKUS,TEPUNG,0.0,0.0,101.0,0.0,0.0,0.0,0.0,0.0,0.0,108.0,0.0,0.0,0.0,0.0,0.0,0.0,112.0,0.0,0.0,13.0,0.0,0.0,0.0,101.0,0.0,0.0,114.0,0.0,0.0,0.0
918,MINYAK MASAK PAKET (PELBAGAI JENAMA),1kg,BARANGAN BERBUNGKUS,MINYAK DAN LEMAK,0.0,0.0,15.0,0.0,0.0,0.0,0.0,0.0,0.0,15.0,0.0,0.0,0.0,0.0,0.0,0.0,21.0,0.0,0.0,1.0,0.0,0.0,0.0,23.0,0.0,0.0,20.0,0.0,0.0,0.0
919,SUSU TEPUNG PENUH KRIM DUTCHLADY,600 g,BARANGAN BERBUNGKUS,KRIMER DAN SUSU TEPUNG,0.0,0.0,51.0,0.0,0.0,0.0,0.0,0.0,0.0,57.0,0.0,0.0,0.0,0.0,0.0,0.0,60.0,0.0,0.0,8.0,0.0,0.0,0.0,52.0,0.0,0.0,62.0,0.0,0.0,0.0
929,NESCAFE CLASSIC (PAKET),200 g,MINUMAN,BAHAN-BAHAN MINUMAN,0.0,0.0,0.0,0.0,0.0,0.0,0.0,0.0,0.0,0.0,0.0,0.0,0.0,0.0,0.0,0.0,0.0,0.0,0.0,11.0,0.0,0.0,0.0,76.0,0.0,0.0,0.0,0.0,0.0,0.0
957,SOS CILI KIMBALL,340 g,BARANGAN BERBUNGKUS,KICAP DAN SOS,0.0,0.0,93.0,0.0,0.0,0.0,0.0,0.0,0.0,108.0,0.0,0.0,0.0,0.0,0.0,0.0,110.0,0.0,0.0,12.0,0.0,0.0,0.0,100.0,0.0,0.0,110.0,0.0,0.0,0.0
992,BERAS CAP JATI (SST5%),10 kg,BARANGAN BERBUNGKUS,BERAS,0.0,0.0,1.0,0.0,0.0,0.0,0.0,0.0,0.0,0.0,0.0,0.0,0.0,0.0,0.0,0.0,0.0,0.0,0.0,0.0,0.0,0.0,0.0,0.0,0.0,0.0,0.0,0.0,0.0,0.0
1070,SOS CILI MAGGI,340 g,BARANGAN BERBUNGKUS,KICAP DAN SOS,0.0,0.0,92.0,0.0,0.0,0.0,0.0,0.0,0.0,107.0,0.0,0.0,0.0,0.0,0.0,0.0,111.0,0.0,0.0,11.0,0.0,0.0,0.0,96.0,0.0,0.0,106.0,0.0,0.0,0.0
1081,MACKAREL CAP KING CUP (SOS TOMATO),155 g,BARANGAN BERBUNGKUS,IKAN DALAM TIN,0.0,0.0,71.0,0.0,0.0,0.0,0.0,0.0,0.0,79.0,0.0,0.0,0.0,0.0,0.0,0.0,81.0,0.0,0.0,12.0,0.0,0.0,0.0,68.0,0.0,0.0,80.0,0.0,0.0,0.0
1082,MACKAREL CAP AYAM (SOS TOMATO),155 g,BARANGAN BERBUNGKUS,IKAN DALAM TIN,0.0,0.0,92.0,0.0,0.0,0.0,0.0,0.0,0.0,115.0,0.0,0.0,0.0,0.0,0.0,0.0,117.0,0.0,0.0,13.0,0.0,0.0,0.0,104.0,0.0,0.0,113.0,0.0,0.0,0.0
1084,TEH BOH (SERBUK),500 g,MINUMAN,BAHAN-BAHAN MINUMAN,0.0,0.0,0.0,0.0,0.0,0.0,0.0,0.0,0.0,0.0,0.0,0.0,0.0,0.0,0.0,0.0,0.0,0.0,0.0,11.0,0.0,0.0,0.0,90.0,0.0,0.0,0.0,0.0,0.0,0.0
1086,MINYAK JAGUNG CAP DAISY,1kg,BARANGAN BERBUNGKUS,MINYAK DAN LEMAK,0.0,0.0,96.0,0.0,0.0,0.0,0.0,0.0,0.0,106.0,0.0,0.0,0.0,0.0,0.0,0.0,105.0,0.0,0.0,12.0,0.0,0.0,0.0,96.0,0.0,0.0,109.0,0.0,0.0,0.0
1087,MINYAK JAGUNG CAP DAISY,3 kg,BARANGAN BERBUNGKUS,MINYAK DAN LEMAK,0.0,0.0,99.0,0.0,0.0,0.0,0.0,0.0,0.0,113.0,0.0,0.0,0.0,0.0,0.0,0.0,113.0,0.0,0.0,14.0,0.0,0.0,0.0,102.0,0.0,0.0,116.0,0.0,0.0,0.0
1088,MINYAK JAGUNG CAP MAZOLA,3 kg,BARANGAN BERBUNGKUS,MINYAK DAN LEMAK,0.0,0.0,31.0,0.0,0.0,0.0,0.0,0.0,0.0,37.0,0.0,0.0,0.0,0.0,0.0,0.0,33.0,0.0,0.0,4.0,0.0,0.0,0.0,28.0,0.0,0.0,32.0,0.0,0.0,0.0
1089,MINYAK JAGUNG CAP VECORN,3 kg,BARANGAN BERBUNGKUS,MINYAK DAN LEMAK,0.0,0.0,28.0,0.0,0.0,0.0,0.0,0.0,0.0,34.0,0.0,0.0,0.0,0.0,0.0,0.0,34.0,0.0,0.0,2.0,0.0,0.0,0.0,29.0,0.0,0.0,32.0,0.0,0.0,0.0
1090,MINYAK JAGUNG CAP VECORN,1kg,BARANGAN BERBUNGKUS,MINYAK DAN LEMAK,0.0,0.0,59.0,0.0,0.0,0.0,0.0,0.0,0.0,72.0,0.0,0.0,0.0,0.0,0.0,0.0,74.0,0.0,0.0,6.0,0.0,0.0,0.0,69.0,0.0,0.0,71.0,0.0,0.0,0.0
1091,MINYAK MASAK SEBATIAN CAP HELANG,1kg,BARANGAN BERBUNGKUS,MINYAK DAN LEMAK,0.0,0.0,55.0,0.0,0.0,0.0,0.0,0.0,0.0,59.0,0.0,0.0,0.0,0.0,0.0,0.0,60.0,0.0,0.0,5.0,0.0,0.0,0.0,62.0,0.0,0.0,65.0,0.0,0.0,0.0
1092,MINYAK MASAK SEBATIAN CAP NEPTUNE,1kg,BARANGAN BERBUNGKUS,MINYAK DAN LEMAK,0.0,0.0,13.0,0.0,0.0,0.0,0.0,0.0,0.0,10.0,0.0,0.0,0.0,0.0,0.0,0.0,10.0,0.0,0.0,0.0,0.0,0.0,0.0,9.0,0.0,0.0,11.0,0.0,0.0,0.0
1093,MINYAK MASAK SEBATIAN CAP PISAU,1kg,BARANGAN BERBUNGKUS,MINYAK DAN LEMAK,0.0,0.0,62.0,0.0,0.0,0.0,0.0,0.0,0.0,65.0,0.0,0.0,0.0,0.0,0.0,0.0,66.0,0.0,0.0,5.0,0.0,0.0,0.0,64.0,0.0,0.0,70.0,0.0,0.0,0.0
1094,MINYAK MASAK TULEN CAP BURUH,1kg,BARANGAN BERBUNGKUS,MINYAK DAN LEMAK,0.0,0.0,45.0,0.0,0.0,0.0,0.0,0.0,0.0,56.0,0.0,0.0,0.0,0.0,0.0,0.0,48.0,0.0,0.0,2.0,0.0,0.0,0.0,40.0,0.0,0.0,63.0,0.0,0.0,0.0
1095,MINYAK MASAK TULEN CAP VESAWIT,5 kg,BARANGAN BERBUNGKUS,MINYAK DAN LEMAK,0.0,0.0,66.0,0.0,0.0,0.0,0.0,0.0,0.0,75.0,0.0,0.0,0.0,0.0,0.0,0.0,82.0,0.0,0.0,6.0,0.0,0.0,0.0,74.0,0.0,0.0,80.0,0.0,0.0,0.0
1097,SOS CILI MAGGI,500 g,BARANGAN BERBUNGKUS,KICAP DAN SOS,0.0,0.0,109.0,0.0,0.0,0.0,0.0,0.0,0.0,120.0,0.0,0.0,0.0,0.0,0.0,0.0,124.0,0.0,0.0,14.0,0.0,0.0,0.0,106.0,0.0,0.0,121.0,0.0,0.0,0.0
1100,MINYAK MASAK TULEN CAP SERI MURNI,1kg,BARANGAN BERBUNGKUS,MINYAK DAN LEMAK,0.0,0.0,18.0,0.0,0.0,0.0,0.0,0.0,0.0,19.0,0.0,0.0,0.0,0.0,0.0,0.0,19.0,0.0,0.0,2.0,0.0,0.0,0.0,13.0,0.0,0.0,18.0,0.0,0.0,0.0
1101,MINYAK MASAK TULEN CAP SERI MURNI,2 kg,BARANGAN BERBUNGKUS,MINYAK DAN LEMAK,0.0,0.0,53.0,0.0,0.0,0.0,0.0,0.0,0.0,75.0,0.0,0.0,0.0,0.0,0.0,0.0,82.0,0.0,0.0,6.0,0.0,0.0,0.0,72.0,0.0,0.0,74.0,0.0,0.0,0.0
1105,SUSU ANLENE ACTIFIT 3X COKLAT,600 g,BARANGAN BERBUNGKUS,KRIMER DAN SUSU TEPUNG,0.0,0.0,33.0,0.0,0.0,0.0,0.0,0.0,0.0,32.0,0.0,0.0,0.0,0.0,0.0,0.0,35.0,0.0,0.0,0.0,0.0,0.0,0.0,35.0,0.0,0.0,34.0,0.0,0.0,0.0
1109,TELUR AYAM GRED A,30 biji,BARANGAN SEGAR,TELUR,48.0,33.0,32.0,35.0,40.0,47.0,63.0,56.0,55.0,47.0,46.0,49.0,53.0,55.0,61.0,57.0,53.0,17.0,48.0,56.0,65.0,65.0,52.0,45.0,54.0,52.0,56.0,60.0,65.0,50.0
1110,TELUR AYAM GRED B,30 biji,BARANGAN SEGAR,TELUR,71.0,49.0,52.0,59.0,66.0,64.0,83.0,85.0,84.0,85.0,88.0,83.0,80.0,82.0,87.0,87.0,91.0,29.0,81.0,84.0,86.0,89.0,73.0,72.0,86.0,78.0,72.0,71.0,74.0,57.0
1111,TELUR AYAM GRED C,30 biji,BARANGAN SEGAR,TELUR,86.0,63.0,71.0,77.0,82.0,78.0,84.0,86.0,89.0,90.0,92.0,90.0,92.0,88.0,91.0,93.0,95.0,30.0,89.0,92.0,94.0,89.0,79.0,70.0,65.0,63.0,71.0,77.0,77.0,65.0
1114,SOS TIRAM KIMBALL,510 g,BARANGAN BERBUNGKUS,KICAP DAN SOS,0.0,0.0,72.0,0.0,0.0,0.0,0.0,0.0,0.0,93.0,0.0,0.0,0.0,0.0,0.0,0.0,95.0,0.0,0.0,9.0,0.0,0.0,0.0,91.0,0.0,0.0,102.0,0.0,0.0,0.0
1115,KICAP LEMAK MASIN CAP KIPAS UDANG,345ml,BARANGAN BERBUNGKUS,KICAP DAN SOS,0.0,0.0,97.0,0.0,0.0,0.0,0.0,0.0,0.0,111.0,0.0,0.0,0.0,0.0,0.0,0.0,117.0,0.0,0.0,14.0,0.0,0.0,0.0,100.0,0.0,0.0,113.0,0.0,0.0,0.0
1116,SOS TIRAM NONA,510 g,BARANGAN BERBUNGKUS,KICAP DAN SOS,0.0,0.0,50.0,0.0,0.0,0.0,0.0,0.0,0.0,80.0,0.0,0.0,0.0,0.0,0.0,0.0,78.0,0.0,0.0,13.0,0.0,0.0,0.0,67.0,0.0,0.0,76.0,0.0,0.0,0.0
1117,SOS TIRAM ADABI,510 g,BARANGAN BERBUNGKUS,KICAP DAN SOS,0.0,0.0,45.0,0.0,0.0,0.0,0.0,0.0,0.0,64.0,0.0,0.0,0.0,0.0,0.0,0.0,68.0,0.0,0.0,10.0,0.0,0.0,0.0,58.0,0.0,0.0,68.0,0.0,0.0,0.0
1125,SERBUK CILI KIJANG,250 g,BARANGAN BERBUNGKUS,REMPAH RATUS (BERBUNGKUS),0.0,0.0,7.0,0.0,0.0,0.0,0.0,0.0,0.0,8.0,0.0,0.0,0.0,0.0,0.0,0.0,6.0,0.0,0.0,1.0,0.0,0.0,0.0,6.0,0.0,0.0,7.0,0.0,0.0,0.0
1128,LADA BENGGALA HIJAU (CAPSICUM),1kg,BARANGAN SEGAR,SAYUR-SAYURAN,105.0,79.0,85.0,90.0,104.0,103.0,108.0,107.0,109.0,102.0,100.0,100.0,103.0,108.0,106.0,108.0,106.0,44.0,106.0,104.0,102.0,102.0,90.0,92.0,110.0,107.0,112.0,113.0,112.0,75.0
1129,LADA BENGGALA MERAH (CAPSICUM),1kg,BARANGAN SEGAR,SAYUR-SAYURAN,95.0,71.0,77.0,84.0,93.0,99.0,101.0,99.0,94.0,90.0,90.0,94.0,92.0,97.0,102.0,104.0,102.0,38.0,103.0,103.0,102.0,105.0,92.0,86.0,98.0,99.0,100.0,100.0,97.0,70.0
1130,LADA BENGGALA KUNING (CAPSICUM),1kg,BARANGAN SEGAR,SAYUR-SAYURAN,89.0,69.0,77.0,85.0,91.0,96.0,100.0,100.0,98.0,93.0,95.0,95.0,94.0,99.0,100.0,102.0,101.0,38.0,100.0,100.0,103.0,101.0,89.0,83.0,96.0,98.0,97.0,97.0,95.0,71.0
1131,UBI KENTANG IMPORT (CHINA),1kg,BARANGAN KERING,UBI KENTANG,112.0,93.0,97.0,108.0,111.0,109.0,113.0,114.0,111.0,110.0,114.0,116.0,114.0,115.0,113.0,112.0,115.0,53.0,114.0,115.0,113.0,106.0,97.0,103.0,115.0,118.0,96.0,83.0,83.0,54.0
1132,LIMAU NIPIS,1kg,BARANGAN SEGAR,BUAH-BUAHAN,97.0,77.0,79.0,80.0,78.0,90.0,95.0,95.0,93.0,98.0,99.0,95.0,97.0,101.0,101.0,98.0,97.0,42.0,103.0,106.0,105.0,106.0,92.0,90.0,101.0,104.0,105.0,105.0,101.0,65.0
1135,KICAP MANIS ADABI,340ml,BARANGAN BERBUNGKUS,KICAP DAN SOS,0.0,0.0,85.0,0.0,0.0,0.0,0.0,0.0,0.0,96.0,0.0,0.0,0.0,0.0,0.0,0.0,110.0,0.0,0.0,12.0,0.0,0.0,0.0,94.0,0.0,0.0,107.0,0.0,0.0,0.0
1136,KICAP MASIN ADABI,340ml,BARANGAN BERBUNGKUS,KICAP DAN SOS,0.0,0.0,88.0,0.0,0.0,0.0,0.0,0.0,0.0,100.0,0.0,0.0,0.0,0.0,0.0,0.0,106.0,0.0,0.0,11.0,0.0,0.0,0.0,95.0,0.0,0.0,106.0,0.0,0.0,0.0
1137,SOS CILI THAI LIFE,360g,BARANGAN BERBUNGKUS,KICAP DAN SOS,0.0,0.0,87.0,0.0,0.0,0.0,0.0,0.0,0.0,106.0,0.0,0.0,0.0,0.0,0.0,0.0,104.0,0.0,0.0,12.0,0.0,0.0,0.0,96.0,0.0,0.0,106.0,0.0,0.0,0.0
1138,SOS TIRAM MAGGI,340 g,BARANGAN BERBUNGKUS,KICAP DAN SOS,0.0,0.0,90.0,0.0,0.0,0.0,0.0,0.0,0.0,107.0,0.0,0.0,0.0,0.0,0.0,0.0,113.0,0.0,0.0,13.0,0.0,0.0,0.0,101.0,0.0,0.0,116.0,0.0,0.0,0.0
1139,SOS TOMATO LIFE,330 g,BARANGAN BERBUNGKUS,KICAP DAN SOS,0.0,0.0,76.0,0.0,0.0,0.0,0.0,0.0,0.0,89.0,0.0,0.0,0.0,0.0,0.0,0.0,94.0,0.0,0.0,10.0,0.0,0.0,0.0,85.0,0.0,0.0,93.0,0.0,0.0,0.0
1140,MARJERIN PLANTA,240 g,BARANGAN BERBUNGKUS,SAPUAN (SPREADS),0.0,0.0,88.0,0.0,0.0,0.0,0.0,0.0,0.0,102.0,0.0,0.0,0.0,0.0,0.0,0.0,105.0,0.0,0.0,10.0,0.0,0.0,0.0,94.0,0.0,0.0,106.0,0.0,0.0,0.0
1141,MARJERIN DAISY,240 g,BARANGAN BERBUNGKUS,SAPUAN (SPREADS),0.0,0.0,93.0,0.0,0.0,0.0,0.0,0.0,0.0,109.0,0.0,0.0,0.0,0.0,0.0,0.0,110.0,0.0,0.0,12.0,0.0,0.0,0.0,101.0,0.0,0.0,109.0,0.0,0.0,0.0
1142,SARDIN CAP ADABI (SOS TOMATO DENGAN CILI),425 g,BARANGAN BERBUNGKUS,IKAN DALAM TIN,0.0,0.0,90.0,0.0,0.0,0.0,0.0,0.0,0.0,106.0,0.0,0.0,0.0,0.0,0.0,0.0,108.0,0.0,0.0,12.0,0.0,0.0,0.0,84.0,0.0,0.0,93.0,0.0,0.0,0.0
1144,MENTEGA KACANG HALUS LADY'S CHOICE,340 g,BARANGAN BERBUNGKUS,SAPUAN (SPREADS),0.0,0.0,91.0,0.0,0.0,0.0,0.0,0.0,0.0,101.0,0.0,0.0,0.0,0.0,0.0,0.0,104.0,0.0,0.0,12.0,0.0,0.0,0.0,86.0,0.0,0.0,94.0,0.0,0.0,0.0
1145,NESTLE CERELAC BERAS - TIN,500 g,SUSU DAN BARANGAN BAYI,MAKANAN BAYI,0.0,0.0,96.0,0.0,0.0,0.0,0.0,0.0,0.0,116.0,0.0,0.0,0.0,0.0,0.0,0.0,116.0,0.0,0.0,11.0,0.0,0.0,0.0,101.0,0.0,0.0,107.0,0.0,0.0,0.0
1151,SANTAN KELAPA JENAMA AYAM BRAND,1 liter,BARANGAN BERBUNGKUS,SANTAN (KOTAK),0.0,0.0,51.0,0.0,0.0,0.0,0.0,0.0,0.0,54.0,0.0,0.0,0.0,0.0,0.0,0.0,71.0,0.0,0.0,5.0,0.0,0.0,0.0,67.0,0.0,0.0,71.0,0.0,0.0,0.0
1153,PERENCAH TOM YAM ADABI,40 g,BARANGAN BERBUNGKUS,REMPAH RATUS (BERBUNGKUS),0.0,0.0,63.0,0.0,0.0,0.0,0.0,0.0,0.0,70.0,0.0,0.0,0.0,0.0,0.0,0.0,72.0,0.0,0.0,11.0,0.0,0.0,0.0,64.0,0.0,0.0,78.0,0.0,0.0,0.0
1355,100 PLUS (ORIGINAL),1.5 liter,MINUMAN,TERSEDIA MINUM,0.0,0.0,0.0,0.0,0.0,0.0,0.0,0.0,0.0,0.0,0.0,0.0,0.0,0.0,0.0,0.0,0.0,0.0,0.0,12.0,0.0,0.0,0.0,96.0,0.0,0.0,0.0,0.0,0.0,0.0
1367,DAGING PAHA KAMBING BEBIRI IMPORT BERTULANG  (MUTTON) (AUSTRALIA),1kg,BARANGAN SEGAR,DAGING,7.0,7.0,6.0,7.0,9.0,13.0,13.0,13.0,13.0,12.0,13.0,13.0,12.0,13.0,12.0,12.0,12.0,1.0,11.0,10.0,10.0,12.0,12.0,8.0,12.0,13.0,15.0,11.0,11.0,12.0
1370,DAGING LEMBU IMPORT (TOPSIDE),1kg,BARANGAN SEGAR,DAGING,1.0,0.0,0.0,2.0,3.0,2.0,2.0,2.0,1.0,2.0,2.0,2.0,2.0,2.0,2.0,2.0,4.0,1.0,2.0,3.0,3.0,3.0,3.0,2.0,2.0,0.0,1.0,2.0,1.0,1.0
1371,DAGING LEMBU IMPORT (BLADE),1kg,BARANGAN SEGAR,DAGING,2.0,1.0,1.0,2.0,2.0,2.0,2.0,2.0,2.0,2.0,2.0,2.0,2.0,2.0,2.0,2.0,3.0,3.0,2.0,3.0,3.0,3.0,2.0,0.0,1.0,1.0,1.0,2.0,2.0,2.0
1372,DAGING LEMBU IMPORT (CHUCKTENDER),1kg,BARANGAN SEGAR,DAGING,0.0,0.0,0.0,0.0,0.0,0.0,0.0,0.0,1.0,1.0,0.0,0.0,0.0,1.0,1.0,2.0,3.0,2.0,3.0,3.0,2.0,2.0,2.0,1.0,1.0,1.0,1.0,0.0,2.0,2.0
1373,DAGING LEMBU IMPORT (KNUCKLE),1kg,BARANGAN SEGAR,DAGING,1.0,0.0,1.0,1.0,1.0,1.0,1.0,1.0,1.0,2.0,2.0,2.0,2.0,2.0,2.0,2.0,0.0,0.0,1.0,1.0,2.0,2.0,2.0,1.0,1.0,0.0,1.0,1.0,0.0,0.0
1375,DAGING KERBAU IMPORT (INDIA) * (SILVERSIDE),1kg,BARANGAN SEGAR,DAGING,9.0,8.0,8.0,8.0,8.0,8.0,7.0,7.0,7.0,7.0,8.0,8.0,8.0,8.0,7.0,5.0,4.0,4.0,5.0,7.0,5.0,5.0,5.0,4.0,6.0,7.0,6.0,6.0,9.0,8.0
1376,DAGING KERBAU IMPORT (INDIA) * (RUMP),1kg,BARANGAN SEGAR,DAGING,8.0,8.0,7.0,7.0,7.0,7.0,7.0,7.0,7.0,7.0,7.0,6.0,5.0,6.0,6.0,6.0,6.0,3.0,6.0,5.0,5.0,5.0,5.0,3.0,5.0,5.0,5.0,4.0,4.0,3.0
1377,DAGING KERBAU IMPORT (INDIA) * (BLADE),1kg,BARANGAN SEGAR,DAGING,18.0,14.0,15.0,16.0,17.0,17.0,16.0,17.0,17.0,17.0,17.0,17.0,16.0,21.0,22.0,21.0,19.0,12.0,20.0,19.0,17.0,19.0,17.0,17.0,20.0,27.0,24.0,25.0,26.0,19.0
1378,DAGING KERBAU IMPORT (INDIA) * (CHUCK),1kg,BARANGAN SEGAR,DAGING,12.0,7.0,8.0,9.0,12.0,11.0,12.0,12.0,11.0,11.0,13.0,12.0,10.0,14.0,15.0,14.0,13.0,9.0,12.0,11.0,13.0,12.0,9.0,2.0,3.0,2.0,2.0,4.0,3.0,5.0
1379,DAGING BABI (PERUT / BELLY),1kg,BARANGAN SEGAR,DAGING,14.0,11.0,11.0,14.0,14.0,14.0,14.0,13.0,14.0,14.0,14.0,15.0,14.0,14.0,14.0,14.0,14.0,6.0,14.0,14.0,14.0,15.0,11.0,11.0,15.0,14.0,15.0,14.0,13.0,13.0
1380,DAGING BABI (DAGING & LEMAK / LEAN & FAT),1kg,BARANGAN SEGAR,DAGING,8.0,6.0,6.0,7.0,7.0,7.0,7.0,7.0,7.0,7.0,7.0,7.0,6.0,6.0,7.0,7.0,7.0,3.0,7.0,7.0,8.0,8.0,6.0,6.0,7.0,8.0,8.0,8.0,6.0,6.0
1381,DAGING BABI (ISI DAGING / PURE LEAN),1kg,BARANGAN SEGAR,DAGING,6.0,5.0,6.0,7.0,7.0,7.0,7.0,7.0,7.0,7.0,7.0,7.0,6.0,6.0,6.0,6.0,6.0,1.0,6.0,7.0,7.0,7.0,5.0,5.0,6.0,5.0,7.0,7.0,7.0,7.0
1383,DAGING BABI (RUSUK DENGAN DAGING/ RIBS WITH MEAT),1kg,BARANGAN SEGAR,DAGING,12.0,8.0,9.0,12.0,12.0,12.0,12.0,12.0,12.0,12.0,12.0,12.0,11.0,11.0,11.0,12.0,11.0,4.0,12.0,12.0,12.0,12.0,8.0,8.0,10.0,10.0,11.0,11.0,10.0,10.0
1391,UDANG PUTIH BESAR/BANANA PRAWN (BERAT ANTARA 41 EKOR HINGGA 60 EKOR SEKILOGRAM),1kg,BARANGAN SEGAR,BAHAN LAUT,0.0,0.0,1.0,1.0,0.0,0.0,0.0,0.0,0.0,0.0,0.0,2.0,2.0,1.0,1.0,0.0,0.0,0.0,1.0,1.0,0.0,0.0,2.0,0.0,0.0,0.0,0.0,0.0,1.0,1.0
1396,KUBIS BULAT IMPORT (INDONESIA),1kg,BARANGAN SEGAR,SAYUR-SAYURAN,3.0,2.0,2.0,2.0,3.0,3.0,3.0,2.0,1.0,1.0,2.0,2.0,2.0,2.0,2.0,2.0,2.0,2.0,2.0,2.0,2.0,2.0,0.0,0.0,0.0,1.0,1.0,1.0,1.0,2.0
1399,BAWANG PERAI (LEEK) TEMPATAN,1kg,BARANGAN SEGAR,SAYUR-SAYURAN,16.0,15.0,20.0,18.0,18.0,18.0,17.0,16.0,16.0,15.0,16.0,20.0,22.0,21.0,22.0,20.0,19.0,13.0,21.0,20.0,19.0,19.0,20.0,21.0,21.0,23.0,24.0,24.0,24.0,5.0
1400,BAWANG PERAI (LEEK) IMPORT,1kg,BARANGAN SEGAR,SAYUR-SAYURAN,30.0,25.0,26.0,32.0,37.0,38.0,43.0,45.0,51.0,45.0,46.0,43.0,39.0,41.0,41.0,40.0,44.0,19.0,44.0,41.0,44.0,44.0,38.0,41.0,45.0,41.0,45.0,44.0,42.0,29.0
1412,KUBIS PANJANG CHINA - BESAR,1kg,BARANGAN SEGAR,SAYUR-SAYURAN,71.0,55.0,54.0,62.0,61.0,65.0,63.0,60.0,63.0,66.0,63.0,63.0,64.0,65.0,65.0,63.0,60.0,22.0,58.0,59.0,57.0,55.0,47.0,46.0,54.0,51.0,49.0,50.0,50.0,37.0
1419,KACANG DAL BIASA (INDIA),1kg,BARANGAN KERING,KACANG,20.0,17.0,17.0,20.0,22.0,22.0,21.0,21.0,21.0,22.0,22.0,22.0,23.0,23.0,23.0,23.0,21.0,10.0,21.0,21.0,21.0,21.0,18.0,18.0,21.0,20.0,20.0,20.0,20.0,16.0
1420,KACANG DAL MALAVI (INDIA),1kg,BARANGAN KERING,KACANG,52.0,41.0,43.0,49.0,50.0,52.0,52.0,52.0,52.0,51.0,51.0,51.0,51.0,52.0,51.0,51.0,51.0,14.0,51.0,51.0,50.0,50.0,42.0,42.0,49.0,49.0,49.0,47.0,47.0,38.0
1422,KACANG DAL (AUSTRALIA),1kg,BARANGAN KERING,KACANG,78.0,65.0,70.0,73.0,75.0,74.0,77.0,80.0,80.0,78.0,78.0,76.0,75.0,73.0,74.0,76.0,76.0,23.0,76.0,78.0,76.0,76.0,67.0,66.0,75.0,73.0,73.0,72.0,74.0,53.0
1431,DAGING LEMBU TEMPATAN (BAHAGIAN 1 DAGING PAHA (KECUALI BATANG PINANG - TENDERLOIN),1kg,BARANGAN SEGAR,DAGING,1.0,1.0,1.0,1.0,1.0,1.0,1.0,1.0,1.0,1.0,1.0,1.0,1.0,1.0,1.0,1.0,0.0,0.0,0.0,0.0,0.0,1.0,2.0,0.0,0.0,1.0,0.0,0.0,0.0,0.0
1432,DAGING LEMBU TEMPATAN (BAHAGIAN 2 DAGING PEJAL (KECUALI BATANG PINANG - TENDERLOIN),1kg,BARANGAN SEGAR,DAGING,4.0,3.0,4.0,4.0,5.0,4.0,4.0,4.0,4.0,5.0,5.0,5.0,3.0,4.0,3.0,4.0,4.0,0.0,4.0,4.0,4.0,5.0,6.0,4.0,4.0,4.0,6.0,6.0,7.0,8.0
1436,IKAN KERISI (ANTARA 5 HINGGA 10 EKOR SEKILOGRAM),1kg,BARANGAN SEGAR,BAHAN LAUT,85.0,54.0,50.0,62.0,67.0,64.0,61.0,69.0,75.0,76.0,79.0,91.0,90.0,89.0,87.0,84.0,85.0,31.0,83.0,85.0,86.0,85.0,78.0,83.0,89.0,90.0,96.0,90.0,93.0,62.0
1437,IKAN SIAKAP (ANTARA 2 HINGGA 4 EKOR SEKILOGRAM),1kg,BARANGAN SEGAR,BAHAN LAUT,21.0,21.0,18.0,22.0,17.0,17.0,24.0,23.0,21.0,23.0,21.0,24.0,24.0,24.0,24.0,26.0,27.0,10.0,26.0,25.0,27.0,30.0,27.0,27.0,27.0,29.0,27.0,27.0,25.0,24.0
1438,IKAN TENGGIRI BATANG (KEPINGAN),1kg,BARANGAN SEGAR,BAHAN LAUT,83.0,62.0,66.0,69.0,73.0,70.0,63.0,59.0,56.0,71.0,78.0,77.0,77.0,76.0,77.0,75.0,79.0,24.0,79.0,79.0,83.0,76.0,71.0,56.0,64.0,74.0,77.0,74.0,76.0,58.0
1440,BAWANG BESAR IMPORT (INDIA),1kg,BARANGAN KERING,BAWANG,92.0,71.0,77.0,92.0,93.0,96.0,95.0,95.0,96.0,97.0,102.0,101.0,105.0,105.0,101.0,103.0,106.0,40.0,106.0,106.0,103.0,98.0,86.0,86.0,99.0,107.0,107.0,103.0,103.0,72.0
1441,BAWANG BESAR IMPORT (CHINA),1kg,BARANGAN KERING,BAWANG,9.0,9.0,6.0,8.0,6.0,6.0,5.0,5.0,5.0,4.0,5.0,5.0,4.0,5.0,6.0,8.0,6.0,5.0,6.0,7.0,7.0,6.0,3.0,6.0,7.0,7.0,6.0,5.0,5.0,4.0
1442,BAWANG KECIL MERAH BIASA IMPORT (INDIA),1kg,BARANGAN KERING,BAWANG,76.0,53.0,50.0,58.0,71.0,80.0,79.0,83.0,83.0,80.0,83.0,82.0,81.0,80.0,82.0,79.0,83.0,32.0,77.0,80.0,76.0,79.0,71.0,68.0,80.0,80.0,83.0,84.0,82.0,64.0
1443,BAWANG KECIL MERAH IMPORT (CHINA),1kg,BARANGAN KERING,BAWANG,0.0,0.0,2.0,2.0,3.0,1.0,4.0,3.0,3.0,3.0,3.0,4.0,3.0,3.0,2.0,3.0,3.0,3.0,4.0,4.0,3.0,3.0,3.0,3.0,2.0,2.0,2.0,2.0,2.0,0.0
1458,KUBIS BULAT IMPORT (BEIJING),1kg,BARANGAN SEGAR,SAYUR-SAYURAN,99.0,71.0,73.0,83.0,92.0,96.0,102.0,98.0,103.0,99.0,96.0,99.0,103.0,101.0,100.0,103.0,105.0,38.0,106.0,101.0,100.0,99.0,85.0,84.0,95.0,96.0,98.0,91.0,93.0,64.0
1463,KRIMER SEJAT CARNATION,390g,BARANGAN BERBUNGKUS,KRIMER DAN SUSU TEPUNG,0.0,0.0,81.0,0.0,0.0,0.0,0.0,0.0,0.0,95.0,0.0,0.0,0.0,0.0,0.0,0.0,103.0,0.0,0.0,9.0,0.0,0.0,0.0,91.0,0.0,0.0,97.0,0.0,0.0,0.0
1474,BERAS BASMATHI - FAIZA (KASHMIR),5 kg,BARANGAN BERBUNGKUS,BERAS,0.0,0.0,74.0,0.0,0.0,0.0,0.0,0.0,0.0,81.0,0.0,0.0,0.0,0.0,0.0,0.0,95.0,0.0,0.0,12.0,0.0,0.0,0.0,80.0,0.0,0.0,92.0,0.0,0.0,0.0
1475,IKAN BAWAL PUTIH (ANTARA 2 HINGGA 5 EKOR SEKILOGRAM),1kg,BARANGAN SEGAR,BAHAN LAUT,7.0,8.0,4.0,5.0,5.0,9.0,7.0,9.0,8.0,8.0,9.0,7.0,8.0,7.0,8.0,8.0,6.0,0.0,9.0,10.0,11.0,10.0,10.0,9.0,9.0,7.0,7.0,6.0,6.0,6.0
1476,IKAN KEMBUNG (ANTARA 8 HINGGA 12 EKOR SEKILOGRAM),1kg,BARANGAN SEGAR,BAHAN LAUT,17.0,13.0,15.0,17.0,18.0,17.0,21.0,22.0,22.0,20.0,22.0,19.0,22.0,19.0,18.0,20.0,19.0,14.0,23.0,23.0,21.0,18.0,20.0,22.0,26.0,23.0,23.0,24.0,24.0,14.0
1477,IKAN MABUNG (ANTARA 6 HINGGA 10 EKOR SEKILOGRAM),1kg,BARANGAN SEGAR,BAHAN LAUT,40.0,37.0,52.0,53.0,60.0,60.0,66.0,69.0,68.0,60.0,56.0,60.0,61.0,54.0,51.0,48.0,46.0,19.0,61.0,58.0,61.0,54.0,49.0,35.0,44.0,46.0,45.0,43.0,52.0,39.0
1479,BROKOLI,1kg,BARANGAN SEGAR,SAYUR-SAYURAN,15.0,14.0,14.0,17.0,19.0,18.0,18.0,18.0,16.0,15.0,15.0,18.0,17.0,17.0,16.0,16.0,17.0,14.0,18.0,17.0,16.0,17.0,16.0,17.0,18.0,19.0,21.0,19.0,19.0,10.0
1481,KUBIS BUNGA (CAULIFLOWER),1kg,BARANGAN SEGAR,SAYUR-SAYURAN,107.0,79.0,86.0,93.0,97.0,107.0,108.0,109.0,109.0,107.0,108.0,107.0,108.0,100.0,98.0,101.0,108.0,41.0,111.0,110.0,111.0,111.0,98.0,96.0,107.0,111.0,102.0,89.0,83.0,46.0
1482,KUBIS PANJANG (TEMPATAN),1kg,BARANGAN SEGAR,SAYUR-SAYURAN,22.0,18.0,20.0,18.0,17.0,17.0,18.0,20.0,18.0,15.0,17.0,17.0,16.0,20.0,18.0,18.0,20.0,13.0,20.0,21.0,20.0,20.0,18.0,22.0,23.0,20.0,21.0,22.0,23.0,2.0
1483,MEE KUNING BASAH (PELBAGAI JENAMA),+-450g,BARANGAN SEGAR,MEE/KUETIAU,99.0,76.0,85.0,94.0,99.0,101.0,98.0,96.0,93.0,96.0,94.0,95.0,96.0,93.0,93.0,94.0,97.0,34.0,97.0,96.0,96.0,98.0,85.0,86.0,98.0,99.0,98.0,93.0,87.0,67.0
1484,KUETIAU BASAH (PELBAGAI JENAMA),+-450g,BARANGAN SEGAR,MEE/KUETIAU,89.0,71.0,78.0,87.0,92.0,90.0,93.0,92.0,92.0,87.0,86.0,88.0,90.0,89.0,88.0,88.0,89.0,32.0,91.0,90.0,91.0,93.0,83.0,83.0,91.0,92.0,89.0,86.0,81.0,63.0
1485,EPAL HIJAU GRANNY SMITH (SAIZ M),1 biji,BARANGAN SEGAR,BUAH-BUAHAN,64.0,49.0,51.0,62.0,60.0,63.0,65.0,62.0,62.0,59.0,58.0,57.0,58.0,56.0,56.0,50.0,50.0,17.0,49.0,49.0,52.0,48.0,38.0,35.0,42.0,45.0,44.0,41.0,37.0,30.0
1486,EPAL MERAH RED DELICIOUS (SAIZ M),1 biji,BARANGAN SEGAR,BUAH-BUAHAN,14.0,11.0,14.0,14.0,15.0,12.0,13.0,12.0,13.0,12.0,12.0,12.0,11.0,11.0,11.0,11.0,12.0,5.0,12.0,14.0,15.0,15.0,13.0,11.0,14.0,14.0,14.0,15.0,14.0,10.0
1487,OREN VALENCIA (SAIZ M),1 biji,BARANGAN SEGAR,BUAH-BUAHAN,35.0,29.0,32.0,38.0,39.0,37.0,42.0,44.0,41.0,41.0,38.0,41.0,39.0,39.0,40.0,40.0,39.0,15.0,41.0,43.0,40.0,39.0,33.0,34.0,41.0,39.0,42.0,42.0,40.0,35.0
1489,ASAM JAWA (BERBIJI) PELBAGAI JENAMA,200 g,BARANGAN BERBUNGKUS,REMPAH RATUS (BERBUNGKUS),0.0,0.0,79.0,0.0,0.0,0.0,0.0,0.0,0.0,91.0,0.0,0.0,0.0,0.0,0.0,0.0,94.0,0.0,0.0,14.0,0.0,0.0,0.0,82.0,0.0,0.0,98.0,0.0,0.0,0.0
1491,BERAS PULUT THAILAND (SUSU) PELBAGAI JENAMA,1kg,BARANGAN BERBUNGKUS,BERAS,0.0,0.0,66.0,0.0,0.0,0.0,0.0,0.0,0.0,74.0,0.0,0.0,0.0,0.0,0.0,0.0,74.0,0.0,0.0,10.0,0.0,0.0,0.0,67.0,0.0,0.0,72.0,0.0,0.0,0.0
1492,BERAS PULUT THAILAND (BIASA) PELBAGAI JENAMA,1kg,BARANGAN BERBUNGKUS,BERAS,0.0,0.0,73.0,0.0,0.0,0.0,0.0,0.0,0.0,88.0,0.0,0.0,0.0,0.0,0.0,0.0,83.0,0.0,0.0,12.0,0.0,0.0,0.0,69.0,0.0,0.0,76.0,0.0,0.0,0.0
1494,ROTI GARDENIA BREAKTHRU - ROTI GANDUM PENUH,400 g,BARANGAN BERBUNGKUS,ROTI,0.0,0.0,85.0,0.0,0.0,0.0,0.0,0.0,0.0,100.0,0.0,0.0,0.0,0.0,0.0,0.0,101.0,0.0,0.0,14.0,0.0,0.0,0.0,86.0,0.0,0.0,100.0,0.0,0.0,0.0
1498,TEPUNG JAGUNG (PELBAGAI JENAMA),400 g,BARANGAN BERBUNGKUS,TEPUNG,0.0,0.0,93.0,0.0,0.0,0.0,0.0,0.0,0.0,104.0,0.0,0.0,0.0,0.0,0.0,0.0,105.0,0.0,0.0,12.0,0.0,0.0,0.0,90.0,0.0,0.0,97.0,0.0,0.0,0.0
1505,DUTCH LADY UHT COKLAT (KOTAK),200 ml,MINUMAN,TERSEDIA MINUM,0.0,0.0,0.0,0.0,0.0,0.0,0.0,0.0,0.0,0.0,0.0,0.0,0.0,0.0,0.0,0.0,0.0,0.0,0.0,0.0,0.0,0.0,0.0,1.0,0.0,0.0,0.0,0.0,0.0,0.0
1506,DUTCH LADY UHT FULL CREAM (KOTAK),200 ml,MINUMAN,TERSEDIA MINUM,0.0,0.0,0.0,0.0,0.0,0.0,0.0,0.0,0.0,0.0,0.0,0.0,0.0,0.0,0.0,0.0,0.0,0.0,0.0,0.0,0.0,0.0,0.0,1.0,0.0,0.0,0.0,0.0,0.0,0.0
1507,COCA COLA (TIN),320 ml,MINUMAN,TERSEDIA MINUM,0.0,0.0,0.0,0.0,0.0,0.0,0.0,0.0,0.0,0.0,0.0,0.0,0.0,0.0,0.0,0.0,0.0,0.0,0.0,7.0,0.0,0.0,0.0,85.0,0.0,0.0,0.0,0.0,0.0,0.0
1512,MAMEX LANGKAH 1 - RUMUSAN BAYI (KOTAK),600 g,SUSU DAN BARANGAN BAYI,SUSU BAYI,0.0,0.0,37.0,0.0,0.0,0.0,0.0,0.0,0.0,35.0,0.0,0.0,0.0,0.0,0.0,0.0,33.0,0.0,0.0,1.0,0.0,0.0,0.0,37.0,0.0,0.0,37.0,0.0,0.0,0.0
1514,SUSTAGEN JUNIOR 1+ (VANILLA ) - KOTAK,600 g,SUSU DAN BARANGAN BAYI,SUSU BAYI,0.0,0.0,17.0,0.0,0.0,0.0,0.0,0.0,0.0,18.0,0.0,0.0,0.0,0.0,0.0,0.0,21.0,0.0,0.0,0.0,0.0,0.0,0.0,19.0,0.0,0.0,17.0,0.0,0.0,0.0
1515,HEINZ FARLEY RUSKS (ORIGINAL),120 g,SUSU DAN BARANGAN BAYI,MAKANAN BAYI,0.0,0.0,34.0,0.0,0.0,0.0,0.0,0.0,0.0,35.0,0.0,0.0,0.0,0.0,0.0,0.0,36.0,0.0,0.0,3.0,0.0,0.0,0.0,31.0,0.0,0.0,38.0,0.0,0.0,0.0
1517,HEINZ APPLE PUREE,110 g,SUSU DAN BARANGAN BAYI,MAKANAN BAYI,0.0,0.0,38.0,0.0,0.0,0.0,0.0,0.0,0.0,40.0,0.0,0.0,0.0,0.0,0.0,0.0,37.0,0.0,0.0,3.0,0.0,0.0,0.0,35.0,0.0,0.0,37.0,0.0,0.0,0.0
1524,BERUS GIGI COLGATE (ZIG ZAG - SOFT),1 batang,PRODUK KEBERSIHAN,PENJAGAAN DIRI,0.0,0.0,0.0,0.0,0.0,0.0,0.0,0.0,0.0,0.0,0.0,0.0,0.0,0.0,0.0,0.0,0.0,0.0,0.0,10.0,0.0,0.0,0.0,81.0,0.0,0.0,0.0,0.0,0.0,0.0
1525,BERUS GIGI ORAL B (COMPLETE EASY CLEAN - SOFT),1 batang,PRODUK KEBERSIHAN,PENJAGAAN DIRI,0.0,0.0,0.0,0.0,0.0,0.0,0.0,0.0,0.0,0.0,0.0,0.0,0.0,0.0,0.0,0.0,0.0,0.0,0.0,4.0,0.0,0.0,0.0,30.0,0.0,0.0,0.0,0.0,0.0,0.0
1539,SABUN PENCUCI KUAT HARIMAU (LEMON),400 g,PRODUK KEBERSIHAN,PENJAGAAN RUMAH,0.0,0.0,0.0,0.0,0.0,0.0,0.0,0.0,0.0,0.0,0.0,0.0,0.0,0.0,0.0,0.0,0.0,0.0,0.0,7.0,0.0,0.0,0.0,52.0,0.0,0.0,0.0,0.0,0.0,0.0
1544,SERBUK NASI GORENG CINA ADABI,17 g,BARANGAN BERBUNGKUS,REMPAH RATUS (BERBUNGKUS),0.0,0.0,60.0,0.0,0.0,0.0,0.0,0.0,0.0,65.0,0.0,0.0,0.0,0.0,0.0,0.0,66.0,0.0,0.0,8.0,0.0,0.0,0.0,64.0,0.0,0.0,71.0,0.0,0.0,0.0
1545,PERENCAH NASI GORENG IKAN BILIS SERI AJI,26G,BARANGAN BERBUNGKUS,REMPAH RATUS (BERBUNGKUS),0.0,0.0,92.0,0.0,0.0,0.0,0.0,0.0,0.0,106.0,0.0,0.0,0.0,0.0,0.0,0.0,115.0,0.0,0.0,13.0,0.0,0.0,0.0,101.0,0.0,0.0,108.0,0.0,0.0,0.0
1547,PEPSI COLA (TIN),320 ml,MINUMAN,TERSEDIA MINUM,0.0,0.0,0.0,0.0,0.0,0.0,0.0,0.0,0.0,0.0,0.0,0.0,0.0,0.0,0.0,0.0,0.0,0.0,0.0,9.0,0.0,0.0,0.0,78.0,0.0,0.0,0.0,0.0,0.0,0.0
1550,PAHA AYAM (CHICKEN DRUMSTICK),1kg,BARANGAN SEGAR,AYAM,96.0,70.0,76.0,80.0,100.0,102.0,103.0,100.0,95.0,96.0,97.0,102.0,99.0,101.0,95.0,96.0,92.0,34.0,88.0,98.0,101.0,97.0,86.0,81.0,91.0,96.0,95.0,79.0,79.0,51.0
1551,DADA AYAM (CHICKEN KEEL) (1KG),1kg,BARANGAN SEGAR,AYAM,85.0,64.0,64.0,62.0,88.0,91.0,98.0,88.0,84.0,85.0,81.0,95.0,94.0,100.0,96.0,98.0,95.0,35.0,95.0,92.0,98.0,98.0,86.0,86.0,91.0,94.0,94.0,91.0,95.0,63.0
1552,THIGH AYAM,1kg,BARANGAN SEGAR,AYAM,83.0,64.0,69.0,78.0,91.0,90.0,84.0,82.0,74.0,91.0,93.0,91.0,85.0,91.0,88.0,90.0,92.0,30.0,87.0,91.0,85.0,90.0,77.0,74.0,76.0,90.0,92.0,86.0,78.0,64.0
1553,WHOLE LEG AYAM,1kg,BARANGAN SEGAR,AYAM,110.0,83.0,92.0,97.0,105.0,106.0,110.0,106.0,103.0,103.0,100.0,112.0,109.0,114.0,110.0,111.0,110.0,43.0,110.0,117.0,115.0,114.0,101.0,104.0,112.0,104.0,116.0,103.0,101.0,63.0
1554,IKAN MERAH (KEPINGAN),1kg,BARANGAN SEGAR,BAHAN LAUT,55.0,42.0,39.0,44.0,45.0,50.0,62.0,65.0,52.0,58.0,63.0,65.0,62.0,65.0,65.0,71.0,67.0,20.0,55.0,55.0,55.0,54.0,48.0,53.0,55.0,64.0,62.0,63.0,63.0,50.0
1555,UDANG PUTIH/VANNAMEI (TERNAK) (ANTARA 41 HINGGA 60 EKOR SEKILOGRAM),1kg,BARANGAN SEGAR,BAHAN LAUT,63.0,49.0,64.0,64.0,72.0,76.0,82.0,87.0,88.0,79.0,77.0,76.0,85.0,85.0,87.0,83.0,74.0,28.0,78.0,78.0,77.0,78.0,73.0,63.0,77.0,85.0,89.0,92.0,63.0,48.0
1556,BAYAM HIJAU,1kg,BARANGAN SEGAR,SAYUR-SAYURAN,40.0,30.0,33.0,39.0,48.0,53.0,56.0,56.0,61.0,66.0,58.0,65.0,65.0,67.0,66.0,62.0,66.0,28.0,63.0,67.0,65.0,65.0,51.0,52.0,56.0,59.0,63.0,69.0,61.0,46.0
1557,BAYAM MERAH,1kg,BARANGAN SEGAR,SAYUR-SAYURAN,44.0,26.0,30.0,35.0,34.0,39.0,40.0,37.0,39.0,37.0,37.0,43.0,41.0,42.0,39.0,39.0,37.0,18.0,44.0,47.0,43.0,47.0,37.0,35.0,42.0,42.0,43.0,44.0,46.0,31.0
1558,SAWI HIJAU,1kg,BARANGAN SEGAR,SAYUR-SAYURAN,66.0,53.0,49.0,60.0,61.0,65.0,68.0,70.0,74.0,77.0,68.0,72.0,80.0,79.0,78.0,79.0,79.0,42.0,78.0,79.0,82.0,79.0,68.0,75.0,83.0,86.0,82.0,89.0,80.0,51.0
1559,KANGKUNG,1kg,BARANGAN SEGAR,SAYUR-SAYURAN,53.0,43.0,45.0,54.0,53.0,55.0,59.0,61.0,62.0,52.0,57.0,57.0,69.0,71.0,71.0,69.0,69.0,35.0,65.0,71.0,72.0,72.0,58.0,52.0,58.0,65.0,61.0,63.0,58.0,45.0
1560,KAILAN,1kg,BARANGAN SEGAR,SAYUR-SAYURAN,22.0,21.0,19.0,18.0,27.0,26.0,30.0,35.0,38.0,37.0,31.0,33.0,38.0,31.0,29.0,28.0,29.0,9.0,35.0,31.0,42.0,40.0,32.0,35.0,32.0,34.0,34.0,33.0,32.0,20.0
1561,TAUGE KACANG HIJAU,1kg,BARANGAN SEGAR,SAYUR-SAYURAN,96.0,77.0,81.0,88.0,93.0,92.0,92.0,93.0,91.0,89.0,93.0,90.0,87.0,95.0,92.0,91.0,89.0,33.0,89.0,92.0,95.0,95.0,84.0,82.0,96.0,100.0,98.0,98.0,95.0,71.0
1562,UDANG KERING,100 g,BARANGAN KERING,HASIL LAUT KERING,86.0,66.0,73.0,79.0,82.0,83.0,84.0,84.0,87.0,89.0,89.0,86.0,87.0,84.0,82.0,83.0,81.0,36.0,84.0,84.0,83.0,84.0,75.0,73.0,82.0,81.0,79.0,78.0,78.0,52.0
1563,SOTONG KERING (SAIZ SERDAHANA),1kg,BARANGAN KERING,HASIL LAUT KERING,30.0,24.0,24.0,28.0,30.0,27.0,27.0,29.0,30.0,30.0,30.0,30.0,29.0,29.0,30.0,29.0,30.0,11.0,29.0,30.0,31.0,30.0,26.0,26.0,30.0,29.0,31.0,31.0,31.0,20.0
1564,BAWANG PUTIH IMPORT (CHINA),1kg,BARANGAN KERING,BAWANG,116.0,98.0,106.0,116.0,120.0,120.0,122.0,119.0,116.0,120.0,119.0,122.0,121.0,122.0,118.0,107.0,116.0,57.0,121.0,119.0,121.0,119.0,110.0,116.0,129.0,129.0,126.0,128.0,126.0,84.0
1566,SERBUK KARI IKAN (TIDAK BERBUNGKUS),100 g,BARANGAN BERBUNGKUS,REMPAH RATUS (TIDAK BERBUNGKUS),0.0,0.0,29.0,0.0,0.0,0.0,0.0,0.0,0.0,35.0,0.0,0.0,0.0,0.0,0.0,0.0,34.0,0.0,0.0,5.0,0.0,0.0,0.0,29.0,0.0,0.0,33.0,0.0,0.0,0.0
1567,SERBUK KARI DAGING (TIDAK BERBUNGKUS),100 g,BARANGAN BERBUNGKUS,REMPAH RATUS (TIDAK BERBUNGKUS),0.0,0.0,26.0,0.0,0.0,0.0,0.0,0.0,0.0,32.0,0.0,0.0,0.0,0.0,0.0,0.0,33.0,0.0,0.0,6.0,0.0,0.0,0.0,27.0,0.0,0.0,33.0,0.0,0.0,0.0
1568,SERBUK KARI IKAN ADABI,250 g,BARANGAN BERBUNGKUS,REMPAH RATUS (BERBUNGKUS),0.0,0.0,94.0,0.0,0.0,0.0,0.0,0.0,0.0,109.0,0.0,0.0,0.0,0.0,0.0,0.0,111.0,0.0,0.0,13.0,0.0,0.0,0.0,98.0,0.0,0.0,102.0,0.0,0.0,0.0
1569,SERBUK KARI IKAN ALAGAPPAS,250 g,BARANGAN BERBUNGKUS,REMPAH RATUS (BERBUNGKUS),0.0,0.0,30.0,0.0,0.0,0.0,0.0,0.0,0.0,33.0,0.0,0.0,0.0,0.0,0.0,0.0,33.0,0.0,0.0,3.0,0.0,0.0,0.0,32.0,0.0,0.0,35.0,0.0,0.0,0.0
1570,SERBUK KARI AYAM DAN DAGING ADABI,250 g,BARANGAN BERBUNGKUS,REMPAH RATUS (BERBUNGKUS),0.0,0.0,98.0,0.0,0.0,0.0,0.0,0.0,0.0,108.0,0.0,0.0,0.0,0.0,0.0,0.0,113.0,0.0,0.0,13.0,0.0,0.0,0.0,90.0,0.0,0.0,108.0,0.0,0.0,0.0
1571,SERBUK KARI DAGING ALAGAPPAS,250 g,BARANGAN BERBUNGKUS,REMPAH RATUS (BERBUNGKUS),0.0,0.0,32.0,0.0,0.0,0.0,0.0,0.0,0.0,34.0,0.0,0.0,0.0,0.0,0.0,0.0,35.0,0.0,0.0,3.0,0.0,0.0,0.0,33.0,0.0,0.0,38.0,0.0,0.0,0.0
1572,SERBUK KARI DAGING BABAS,250 g,BARANGAN BERBUNGKUS,REMPAH RATUS (BERBUNGKUS),0.0,0.0,97.0,0.0,0.0,0.0,0.0,0.0,0.0,113.0,0.0,0.0,0.0,0.0,0.0,0.0,119.0,0.0,0.0,13.0,0.0,0.0,0.0,104.0,0.0,0.0,113.0,0.0,0.0,0.0
1573,SERBUK KURMA AYAM & DAGING ADABI,250 g,BARANGAN BERBUNGKUS,REMPAH RATUS (BERBUNGKUS),0.0,0.0,99.0,0.0,0.0,0.0,0.0,0.0,0.0,106.0,0.0,0.0,0.0,0.0,0.0,0.0,108.0,0.0,0.0,14.0,0.0,0.0,0.0,97.0,0.0,0.0,104.0,0.0,0.0,0.0
1575,SERBUK KURMA BABAS,125 g,BARANGAN BERBUNGKUS,REMPAH RATUS (BERBUNGKUS),0.0,0.0,82.0,0.0,0.0,0.0,0.0,0.0,0.0,93.0,0.0,0.0,0.0,0.0,0.0,0.0,96.0,0.0,0.0,14.0,0.0,0.0,0.0,81.0,0.0,0.0,99.0,0.0,0.0,0.0
1576,SERBUK KARI KURMA ALAGAPPAS,200 g,BARANGAN BERBUNGKUS,REMPAH RATUS (BERBUNGKUS),0.0,0.0,38.0,0.0,0.0,0.0,0.0,0.0,0.0,43.0,0.0,0.0,0.0,0.0,0.0,0.0,38.0,0.0,0.0,5.0,0.0,0.0,0.0,35.0,0.0,0.0,41.0,0.0,0.0,0.0
1577,SERBUK PERENCAH SUP ADABI,250 g,BARANGAN BERBUNGKUS,REMPAH RATUS (BERBUNGKUS),0.0,0.0,88.0,0.0,0.0,0.0,0.0,0.0,0.0,94.0,0.0,0.0,0.0,0.0,0.0,0.0,100.0,0.0,0.0,13.0,0.0,0.0,0.0,83.0,0.0,0.0,95.0,0.0,0.0,0.0
1578,SERBUK REMPAH SUP MAK SITI,250 g,BARANGAN BERBUNGKUS,REMPAH RATUS (BERBUNGKUS),0.0,0.0,48.0,0.0,0.0,0.0,0.0,0.0,0.0,53.0,0.0,0.0,0.0,0.0,0.0,0.0,50.0,0.0,0.0,7.0,0.0,0.0,0.0,42.0,0.0,0.0,47.0,0.0,0.0,0.0
1579,SERBUK SUP FAIZA,220 g,BARANGAN BERBUNGKUS,REMPAH RATUS (BERBUNGKUS),0.0,0.0,72.0,0.0,0.0,0.0,0.0,0.0,0.0,83.0,0.0,0.0,0.0,0.0,0.0,0.0,80.0,0.0,0.0,12.0,0.0,0.0,0.0,72.0,0.0,0.0,82.0,0.0,0.0,0.0
1581,BERAS CAP RAMBUTAN (SST5%),10 kg,BARANGAN BERBUNGKUS,BERAS,0.0,0.0,2.0,0.0,0.0,0.0,0.0,0.0,0.0,6.0,0.0,0.0,0.0,0.0,0.0,0.0,7.0,0.0,0.0,1.0,0.0,0.0,0.0,13.0,0.0,0.0,16.0,0.0,0.0,0.0
1582,BERAS CAP JASMINE (SST5%),10 kg,BARANGAN BERBUNGKUS,BERAS,0.0,0.0,0.0,0.0,0.0,0.0,0.0,0.0,0.0,1.0,0.0,0.0,0.0,0.0,0.0,0.0,0.0,0.0,0.0,0.0,0.0,0.0,0.0,4.0,0.0,0.0,6.0,0.0,0.0,0.0
1583,BERAS SUPER CAP JATI TWR  5% (IMPORT),10 kg,BARANGAN BERBUNGKUS,BERAS,67.0,48.0,56.0,66.0,70.0,70.0,66.0,67.0,69.0,68.0,70.0,71.0,69.0,68.0,65.0,69.0,58.0,22.0,53.0,61.0,70.0,71.0,60.0,55.0,65.0,66.0,68.0,68.0,68.0,50.0
1585,BIHUN KERING IMPORT (CAP BINTANG),400 g,BARANGAN BERBUNGKUS,BIHUN,0.0,0.0,60.0,0.0,0.0,0.0,0.0,0.0,0.0,75.0,0.0,0.0,0.0,0.0,0.0,0.0,73.0,0.0,0.0,9.0,0.0,0.0,0.0,65.0,0.0,0.0,74.0,0.0,0.0,0.0
1586,ROTI SANDWICH MASSIMO DENGAN GERMA GANDUM,400 g,BARANGAN BERBUNGKUS,ROTI,0.0,0.0,64.0,0.0,0.0,0.0,0.0,0.0,0.0,75.0,0.0,0.0,0.0,0.0,0.0,0.0,76.0,0.0,0.0,10.0,0.0,0.0,0.0,65.0,0.0,0.0,78.0,0.0,0.0,0.0
1587,GULA HALUS CASTOR (PELBAGAI JENAMA),+- 500g,BARANGAN BERBUNGKUS,GULA,0.0,0.0,80.0,0.0,0.0,0.0,0.0,0.0,0.0,96.0,0.0,0.0,0.0,0.0,0.0,0.0,87.0,0.0,0.0,11.0,0.0,0.0,0.0,77.0,0.0,0.0,82.0,0.0,0.0,0.0
1588,GULA MERAH LEMBUT (PELBAGAI JENAMA),+- 500g,BARANGAN BERBUNGKUS,GULA,0.0,0.0,62.0,0.0,0.0,0.0,0.0,0.0,0.0,73.0,0.0,0.0,0.0,0.0,0.0,0.0,74.0,0.0,0.0,12.0,0.0,0.0,0.0,62.0,0.0,0.0,72.0,0.0,0.0,0.0
1589,GULA PUTIH BERTAPIS KASAR (PELBAGAI JENAMA),1kg,BARANGAN BERBUNGKUS,GULA,0.0,0.0,105.0,0.0,0.0,0.0,0.0,0.0,0.0,121.0,0.0,0.0,0.0,0.0,0.0,0.0,123.0,0.0,0.0,14.0,0.0,0.0,0.0,111.0,0.0,0.0,120.0,0.0,0.0,0.0
1590,GULA PUTIH BERTAPIS HALUS (PELBAGAI JENAMA),1kg,BARANGAN BERBUNGKUS,GULA,0.0,0.0,77.0,0.0,0.0,0.0,0.0,0.0,0.0,93.0,0.0,0.0,0.0,0.0,0.0,0.0,88.0,0.0,0.0,10.0,0.0,0.0,0.0,79.0,0.0,0.0,89.0,0.0,0.0,0.0
1591,TEPUNG BERAS (PELBAGAI JENAMA),500 g,BARANGAN BERBUNGKUS,TEPUNG,0.0,0.0,92.0,0.0,0.0,0.0,0.0,0.0,0.0,108.0,0.0,0.0,0.0,0.0,0.0,0.0,115.0,0.0,0.0,12.0,0.0,0.0,0.0,104.0,0.0,0.0,114.0,0.0,0.0,0.0
1593,TEPUNG GANDUM GP (BERBUNGKUS) PELBAGAI JENAMA,1kg,BARANGAN BERBUNGKUS,TEPUNG,0.0,0.0,3.0,0.0,0.0,0.0,0.0,0.0,0.0,4.0,0.0,0.0,0.0,0.0,0.0,0.0,2.0,0.0,0.0,0.0,0.0,0.0,0.0,2.0,0.0,0.0,2.0,0.0,0.0,0.0
1594,TEPUNG PULUT (PELBAGAI JENAMA),500 g,BARANGAN BERBUNGKUS,TEPUNG,0.0,0.0,106.0,0.0,0.0,0.0,0.0,0.0,0.0,122.0,0.0,0.0,0.0,0.0,0.0,0.0,121.0,0.0,0.0,14.0,0.0,0.0,0.0,104.0,0.0,0.0,117.0,0.0,0.0,0.0
1595,MINYAK JAGUNG CAP DAISY,2 kg,BARANGAN BERBUNGKUS,MINYAK DAN LEMAK,0.0,0.0,91.0,0.0,0.0,0.0,0.0,0.0,0.0,103.0,0.0,0.0,0.0,0.0,0.0,0.0,101.0,0.0,0.0,9.0,0.0,0.0,0.0,92.0,0.0,0.0,99.0,0.0,0.0,0.0
1596,MINYAK JAGUNG CAP MAZOLA,2 kg,BARANGAN BERBUNGKUS,MINYAK DAN LEMAK,0.0,0.0,4.0,0.0,0.0,0.0,0.0,0.0,0.0,5.0,0.0,0.0,0.0,0.0,0.0,0.0,3.0,0.0,0.0,0.0,0.0,0.0,0.0,3.0,0.0,0.0,3.0,0.0,0.0,0.0
1597,MINYAK JAGUNG CAP VECORN,2 kg,BARANGAN BERBUNGKUS,MINYAK DAN LEMAK,0.0,0.0,28.0,0.0,0.0,0.0,0.0,0.0,0.0,31.0,0.0,0.0,0.0,0.0,0.0,0.0,32.0,0.0,0.0,3.0,0.0,0.0,0.0,25.0,0.0,0.0,32.0,0.0,0.0,0.0
1598,MINYAK MASAK SEBATIAN CAP HELANG,2 kg,BARANGAN BERBUNGKUS,MINYAK DAN LEMAK,0.0,0.0,78.0,0.0,0.0,0.0,0.0,0.0,0.0,80.0,0.0,0.0,0.0,0.0,0.0,0.0,85.0,0.0,0.0,7.0,0.0,0.0,0.0,78.0,0.0,0.0,85.0,0.0,0.0,0.0
1599,MINYAK MASAK SEBATIAN CAP NEPTUNE,2 kg,BARANGAN BERBUNGKUS,MINYAK DAN LEMAK,0.0,0.0,32.0,0.0,0.0,0.0,0.0,0.0,0.0,29.0,0.0,0.0,0.0,0.0,0.0,0.0,25.0,0.0,0.0,1.0,0.0,0.0,0.0,26.0,0.0,0.0,23.0,0.0,0.0,0.0
1600,MINYAK MASAK SEBATIAN CAP PISAU,2 kg,BARANGAN BERBUNGKUS,MINYAK DAN LEMAK,0.0,0.0,57.0,0.0,0.0,0.0,0.0,0.0,0.0,67.0,0.0,0.0,0.0,0.0,0.0,0.0,72.0,0.0,0.0,8.0,0.0,0.0,0.0,76.0,0.0,0.0,81.0,0.0,0.0,0.0
1601,MINYAK MASAK TULEN CAP BURUH,2 kg,BARANGAN BERBUNGKUS,MINYAK DAN LEMAK,0.0,0.0,34.0,0.0,0.0,0.0,0.0,0.0,0.0,44.0,0.0,0.0,0.0,0.0,0.0,0.0,50.0,0.0,0.0,7.0,0.0,0.0,0.0,51.0,0.0,0.0,68.0,0.0,0.0,0.0
1602,MINYAK MASAK TULEN CAP VESAWIT,2 kg,BARANGAN BERBUNGKUS,MINYAK DAN LEMAK,0.0,0.0,27.0,0.0,0.0,0.0,0.0,0.0,0.0,20.0,0.0,0.0,0.0,0.0,0.0,0.0,20.0,0.0,0.0,1.0,0.0,0.0,0.0,24.0,0.0,0.0,24.0,0.0,0.0,0.0
1603,MINYAK SAPI CAP WINDMILL GHEEBLEND,400 g,BARANGAN BERBUNGKUS,MINYAK DAN LEMAK,0.0,0.0,90.0,0.0,0.0,0.0,0.0,0.0,0.0,106.0,0.0,0.0,0.0,0.0,0.0,0.0,108.0,0.0,0.0,11.0,0.0,0.0,0.0,86.0,0.0,0.0,87.0,0.0,0.0,0.0
1604,ASAM JAWA (TIDAK BERBIJI) ADABI,200 g,BARANGAN BERBUNGKUS,REMPAH RATUS (BERBUNGKUS),0.0,0.0,61.0,0.0,0.0,0.0,0.0,0.0,0.0,78.0,0.0,0.0,0.0,0.0,0.0,0.0,82.0,0.0,0.0,8.0,0.0,0.0,0.0,68.0,0.0,0.0,77.0,0.0,0.0,0.0
1605,GARAM HALUS BIASA (PELBAGAI JENAMA),+-350g,BARANGAN BERBUNGKUS,REMPAH RATUS (BERBUNGKUS),0.0,0.0,73.0,0.0,0.0,0.0,0.0,0.0,0.0,81.0,0.0,0.0,0.0,0.0,0.0,0.0,82.0,0.0,0.0,6.0,0.0,0.0,0.0,70.0,0.0,0.0,80.0,0.0,0.0,0.0
1606,MENTEGA KACANG HALUS LADY'S CHOICE,500 g,BARANGAN BERBUNGKUS,SAPUAN (SPREADS),0.0,0.0,87.0,0.0,0.0,0.0,0.0,0.0,0.0,99.0,0.0,0.0,0.0,0.0,0.0,0.0,110.0,0.0,0.0,14.0,0.0,0.0,0.0,96.0,0.0,0.0,109.0,0.0,0.0,0.0
1607,LEPAAN FARMCOWS,250 g,BARANGAN BERBUNGKUS,SAPUAN (SPREADS),0.0,0.0,65.0,0.0,0.0,0.0,0.0,0.0,0.0,71.0,0.0,0.0,0.0,0.0,0.0,0.0,67.0,0.0,0.0,11.0,0.0,0.0,0.0,58.0,0.0,0.0,73.0,0.0,0.0,0.0
1610,SANTAN KELAPA JENAMA M&S,500 ml,BARANGAN BERBUNGKUS,SANTAN (KOTAK),0.0,0.0,51.0,0.0,0.0,0.0,0.0,0.0,0.0,49.0,0.0,0.0,0.0,0.0,0.0,0.0,41.0,0.0,0.0,5.0,0.0,0.0,0.0,26.0,0.0,0.0,28.0,0.0,0.0,0.0
1611,SANTAN KELAPA JENAMA KARA,200 ml,BARANGAN BERBUNGKUS,SANTAN (KOTAK),0.0,0.0,63.0,0.0,0.0,0.0,0.0,0.0,0.0,61.0,0.0,0.0,0.0,0.0,0.0,0.0,72.0,0.0,0.0,9.0,0.0,0.0,0.0,66.0,0.0,0.0,70.0,0.0,0.0,0.0
1612,SANTAN KELAPA JENAMA HARMUNI,200 ml,BARANGAN BERBUNGKUS,SANTAN (KOTAK),0.0,0.0,61.0,0.0,0.0,0.0,0.0,0.0,0.0,62.0,0.0,0.0,0.0,0.0,0.0,0.0,49.0,0.0,0.0,5.0,0.0,0.0,0.0,37.0,0.0,0.0,40.0,0.0,0.0,0.0
1613,ESEN STAR BRAND 'PELBAGAI PERISA',25 ml,BARANGAN BERBUNGKUS,ESEN DAN RAGI,0.0,0.0,96.0,0.0,0.0,0.0,0.0,0.0,0.0,96.0,0.0,0.0,0.0,0.0,0.0,0.0,99.0,0.0,0.0,5.0,0.0,0.0,0.0,91.0,0.0,0.0,91.0,0.0,0.0,0.0
1615,MENTEGA ANCHOR (SALTED),227g,BARANGAN BERBUNGKUS,MENTEGA,0.0,0.0,91.0,0.0,0.0,0.0,0.0,0.0,0.0,82.0,0.0,0.0,0.0,0.0,0.0,0.0,111.0,0.0,0.0,14.0,0.0,0.0,0.0,95.0,0.0,0.0,104.0,0.0,0.0,0.0
1616,MAURIPAN YIS SEGERA,11g,BARANGAN BERBUNGKUS,ESEN DAN RAGI,0.0,0.0,45.0,0.0,0.0,0.0,0.0,0.0,0.0,57.0,0.0,0.0,0.0,0.0,0.0,0.0,57.0,0.0,0.0,9.0,0.0,0.0,0.0,49.0,0.0,0.0,56.0,0.0,0.0,0.0
1618,SUSU ISIAN PEKAT MANIS CAP F & N,500 g,BARANGAN BERBUNGKUS,KRIMER DAN SUSU TEPUNG,0.0,0.0,80.0,0.0,0.0,0.0,0.0,0.0,0.0,88.0,0.0,0.0,0.0,0.0,0.0,0.0,94.0,0.0,0.0,14.0,0.0,0.0,0.0,77.0,0.0,0.0,92.0,0.0,0.0,0.0
1619,SUSU TEPUNG SEGERA DUTCHLADY (BIASA ),600 g,BARANGAN BERBUNGKUS,KRIMER DAN SUSU TEPUNG,0.0,0.0,58.0,0.0,0.0,0.0,0.0,0.0,0.0,66.0,0.0,0.0,0.0,0.0,0.0,0.0,68.0,0.0,0.0,7.0,0.0,0.0,0.0,59.0,0.0,0.0,68.0,0.0,0.0,0.0
1628,NESTLE CERELAC GANDUM DAN MADU - KOTAK,225g,SUSU DAN BARANGAN BAYI,MAKANAN BAYI,0.0,0.0,76.0,0.0,0.0,0.0,0.0,0.0,0.0,107.0,0.0,0.0,0.0,0.0,0.0,0.0,111.0,0.0,0.0,12.0,0.0,0.0,0.0,95.0,0.0,0.0,106.0,0.0,0.0,0.0
1629,NESTLE CERELAC BERAS MERAH & SUSU - TIN,350 g,SUSU DAN BARANGAN BAYI,MAKANAN BAYI,0.0,0.0,103.0,0.0,0.0,0.0,0.0,0.0,0.0,113.0,0.0,0.0,0.0,0.0,0.0,0.0,118.0,0.0,0.0,13.0,0.0,0.0,0.0,101.0,0.0,0.0,115.0,0.0,0.0,0.0
1630,BERUS GIGI COLGATE (TWISTER - SOFT),1 batang,PRODUK KEBERSIHAN,PENJAGAAN DIRI,0.0,0.0,0.0,0.0,0.0,0.0,0.0,0.0,0.0,0.0,0.0,0.0,0.0,0.0,0.0,0.0,0.0,0.0,0.0,5.0,0.0,0.0,0.0,49.0,0.0,0.0,0.0,0.0,0.0,0.0
1635,NESTLE COFFEE-MATE,450 g,MINUMAN,BAHAN-BAHAN MINUMAN,0.0,0.0,0.0,0.0,0.0,0.0,0.0,0.0,0.0,0.0,0.0,0.0,0.0,0.0,0.0,0.0,0.0,0.0,0.0,13.0,0.0,0.0,0.0,83.0,0.0,0.0,0.0,0.0,0.0,0.0
1636,MILO (PAKET),400 g,MINUMAN,BAHAN-BAHAN MINUMAN,0.0,0.0,0.0,0.0,0.0,0.0,0.0,0.0,0.0,0.0,0.0,0.0,0.0,0.0,0.0,0.0,0.0,0.0,0.0,12.0,0.0,0.0,0.0,96.0,0.0,0.0,0.0,0.0,0.0,0.0
1637,MILO (PAKET),1kg,MINUMAN,BAHAN-BAHAN MINUMAN,0.0,0.0,0.0,0.0,0.0,0.0,0.0,0.0,0.0,0.0,0.0,0.0,0.0,0.0,0.0,0.0,0.0,0.0,0.0,0.0,0.0,0.0,0.0,15.0,0.0,0.0,0.0,0.0,0.0,0.0
1638,MILO 3 IN 1 (PAKET) - ORIGINAL,30x33g,MINUMAN,BAHAN-BAHAN MINUMAN,0.0,0.0,0.0,0.0,0.0,0.0,0.0,0.0,0.0,0.0,0.0,0.0,0.0,0.0,0.0,0.0,0.0,0.0,0.0,0.0,0.0,0.0,0.0,11.0,0.0,0.0,0.0,0.0,0.0,0.0
1645,SERBUK KOPI CAP KAPAL API (KASAR) (BERBUNGKUS),180 g,MINUMAN,BAHAN-BAHAN MINUMAN,0.0,0.0,0.0,0.0,0.0,0.0,0.0,0.0,0.0,0.0,0.0,0.0,0.0,0.0,0.0,0.0,0.0,0.0,0.0,9.0,0.0,0.0,0.0,80.0,0.0,0.0,0.0,0.0,0.0,0.0
1646,SERBUK KOPI HANG TUAH ROBUSTA,200 g,MINUMAN,BAHAN-BAHAN MINUMAN,0.0,0.0,0.0,0.0,0.0,0.0,0.0,0.0,0.0,0.0,0.0,0.0,0.0,0.0,0.0,0.0,0.0,0.0,0.0,10.0,0.0,0.0,0.0,62.0,0.0,0.0,0.0,0.0,0.0,0.0
1647,TEH LIPTON (SERBUK),400 g,MINUMAN,BAHAN-BAHAN MINUMAN,0.0,0.0,0.0,0.0,0.0,0.0,0.0,0.0,0.0,0.0,0.0,0.0,0.0,0.0,0.0,0.0,0.0,0.0,0.0,14.0,0.0,0.0,0.0,91.0,0.0,0.0,0.0,0.0,0.0,0.0
1650,TEH LIPTON (UNCANG),100 beg,MINUMAN,BAHAN-BAHAN MINUMAN,0.0,0.0,0.0,0.0,0.0,0.0,0.0,0.0,0.0,0.0,0.0,0.0,0.0,0.0,0.0,0.0,0.0,0.0,0.0,13.0,0.0,0.0,0.0,92.0,0.0,0.0,0.0,0.0,0.0,0.0
1804,KEPAK AYAM (CHICKEN WING) (1KG),1kg,BARANGAN SEGAR,AYAM,108.0,80.0,87.0,97.0,108.0,111.0,120.0,116.0,117.0,115.0,112.0,121.0,118.0,115.0,112.0,110.0,112.0,54.0,115.0,116.0,121.0,118.0,108.0,106.0,117.0,117.0,112.0,112.0,110.0,73.0
1818,KACANG BOTOL,1kg,BARANGAN SEGAR,SAYUR-SAYURAN,42.0,37.0,37.0,32.0,31.0,40.0,43.0,46.0,41.0,42.0,49.0,51.0,50.0,54.0,58.0,56.0,50.0,29.0,49.0,46.0,48.0,46.0,43.0,46.0,47.0,46.0,47.0,45.0,47.0,26.0
1819,LENGKUAS,1kg,BARANGAN SEGAR,SAYUR-SAYURAN,107.0,80.0,85.0,94.0,100.0,104.0,104.0,104.0,107.0,109.0,108.0,109.0,109.0,110.0,108.0,107.0,106.0,46.0,109.0,110.0,109.0,108.0,94.0,92.0,100.0,99.0,101.0,105.0,96.0,69.0
1820,TELUR MASIN,1 biji,BARANGAN SEGAR,TELUR,33.0,25.0,28.0,26.0,23.0,25.0,25.0,23.0,28.0,27.0,27.0,26.0,28.0,30.0,29.0,31.0,29.0,11.0,31.0,28.0,26.0,29.0,25.0,24.0,27.0,29.0,30.0,28.0,28.0,21.0
1821,TELUR MASIN,4 Biji,BARANGAN SEGAR,TELUR,88.0,62.0,63.0,76.0,79.0,79.0,78.0,84.0,87.0,89.0,88.0,90.0,92.0,91.0,92.0,93.0,94.0,40.0,95.0,95.0,97.0,98.0,88.0,88.0,97.0,97.0,99.0,99.0,97.0,71.0
1822,BERAS SUPER SPECIAL TEMPATAN SABAH RICE VAGAS TOKOU,10 kg,BARANGAN BERBUNGKUS,BERAS,0.0,0.0,4.0,0.0,0.0,0.0,0.0,0.0,0.0,3.0,0.0,0.0,0.0,0.0,0.0,0.0,5.0,0.0,0.0,0.0,0.0,0.0,0.0,5.0,0.0,0.0,4.0,0.0,0.0,0.0
1823,BERAS TQR SABAH CAP TKC 5%,10 kg,BARANGAN BERBUNGKUS,BERAS,0.0,0.0,5.0,0.0,0.0,0.0,0.0,0.0,0.0,5.0,0.0,0.0,0.0,0.0,0.0,0.0,6.0,0.0,0.0,0.0,0.0,0.0,0.0,8.0,0.0,0.0,7.0,0.0,0.0,0.0
1824,BERAS SUPER HUMA CAP KELISA EMAS (SABAH),10 kg,BARANGAN BERBUNGKUS,BERAS,0.0,0.0,6.0,0.0,0.0,0.0,0.0,0.0,0.0,3.0,0.0,0.0,0.0,0.0,0.0,0.0,4.0,0.0,0.0,0.0,0.0,0.0,0.0,6.0,0.0,0.0,4.0,0.0,0.0,0.0
1825,BERAS SUPER CAP ANGGUR SAZARICE 5% (IMPORT THAILAND),10 kg,BARANGAN BERBUNGKUS,BERAS,19.0,19.0,20.0,19.0,18.0,18.0,19.0,18.0,19.0,21.0,20.0,20.0,19.0,20.0,18.0,19.0,23.0,18.0,18.0,19.0,19.0,19.0,20.0,21.0,19.0,21.0,21.0,20.0,19.0,2.0
1826,BERAS SUPER CAP RODA SAZARICE 5% (IMPORT THAILAND),10 kg,BARANGAN BERBUNGKUS,BERAS,20.0,20.0,17.0,18.0,17.0,17.0,18.0,18.0,19.0,16.0,15.0,15.0,15.0,16.0,14.0,15.0,20.0,16.0,18.0,18.0,18.0,20.0,20.0,21.0,19.0,21.0,20.0,20.0,20.0,2.0
1827,"TEPUNG GANDUM NGP (BERBUNGKUS, CAP MUHIBAH)",1kg,BARANGAN BERBUNGKUS,TEPUNG,0.0,0.0,15.0,0.0,0.0,0.0,0.0,0.0,0.0,13.0,0.0,0.0,0.0,0.0,0.0,0.0,15.0,0.0,0.0,0.0,0.0,0.0,0.0,15.0,0.0,0.0,15.0,0.0,0.0,0.0
1828,KICAP SOYA PEKAT MANIS CAP AYAM,330 ml,BARANGAN BERBUNGKUS,KICAP DAN SOS,0.0,0.0,20.0,0.0,0.0,0.0,0.0,0.0,0.0,17.0,0.0,0.0,0.0,0.0,0.0,0.0,19.0,0.0,0.0,0.0,0.0,0.0,0.0,21.0,0.0,0.0,20.0,0.0,0.0,0.0
1829,BUTTERLITE (LEPA SUSU ISTIMEWA),250 g,BARANGAN BERBUNGKUS,SAPUAN (SPREADS),0.0,0.0,14.0,0.0,0.0,0.0,0.0,0.0,0.0,12.0,0.0,0.0,0.0,0.0,0.0,0.0,15.0,0.0,0.0,0.0,0.0,0.0,0.0,17.0,0.0,0.0,16.0,0.0,0.0,0.0
1832,BERAS CAP GOLDEN SARAWAK (SST5%),10 kg,BARANGAN BERBUNGKUS,BERAS,0.0,0.0,4.0,0.0,0.0,0.0,0.0,0.0,0.0,4.0,0.0,0.0,0.0,0.0,0.0,0.0,4.0,0.0,0.0,0.0,0.0,0.0,0.0,4.0,0.0,0.0,4.0,0.0,0.0,0.0
1833,BERAS PREMIUM CAP UNCLE TAN,10 kg,BARANGAN BERBUNGKUS,BERAS,8.0,8.0,8.0,7.0,7.0,6.0,7.0,7.0,7.0,8.0,8.0,8.0,8.0,8.0,8.0,8.0,8.0,7.0,7.0,7.0,7.0,8.0,8.0,8.0,7.0,7.0,8.0,8.0,6.0,7.0
1837,KICAP TONG NAM (DARK SOY SAUCE),330 ml,BARANGAN BERBUNGKUS,KICAP DAN SOS,0.0,0.0,7.0,0.0,0.0,0.0,0.0,0.0,0.0,6.0,0.0,0.0,0.0,0.0,0.0,0.0,7.0,0.0,0.0,0.0,0.0,0.0,0.0,7.0,0.0,0.0,7.0,0.0,0.0,0.0
1838,SERBUK KARI IKAN ALAGAPPAS,200 g,BARANGAN BERBUNGKUS,REMPAH RATUS (BERBUNGKUS),0.0,0.0,4.0,0.0,0.0,0.0,0.0,0.0,0.0,3.0,0.0,0.0,0.0,0.0,0.0,0.0,5.0,0.0,0.0,0.0,0.0,0.0,0.0,4.0,0.0,0.0,4.0,0.0,0.0,0.0
1839,SERBUK KARI DAGING ALAGAPPAS,200 g,BARANGAN BERBUNGKUS,REMPAH RATUS (BERBUNGKUS),0.0,0.0,2.0,0.0,0.0,0.0,0.0,0.0,0.0,2.0,0.0,0.0,0.0,0.0,0.0,0.0,4.0,0.0,0.0,0.0,0.0,0.0,0.0,4.0,0.0,0.0,4.0,0.0,0.0,0.0
1849,TEPUNG NAIK SENDIRI CAP 'BLUE KEY',1kg,BARANGAN BERBUNGKUS,TEPUNG,0.0,0.0,86.0,0.0,0.0,0.0,0.0,0.0,0.0,100.0,0.0,0.0,0.0,0.0,0.0,0.0,99.0,0.0,0.0,12.0,0.0,0.0,0.0,82.0,0.0,0.0,91.0,0.0,0.0,0.0
1851,TENOM COFFEE WANG EMAS (SERBUK),180 g,MINUMAN,BAHAN-BAHAN MINUMAN,0.0,0.0,0.0,0.0,0.0,0.0,0.0,0.0,0.0,0.0,0.0,0.0,0.0,0.0,0.0,0.0,0.0,0.0,0.0,0.0,0.0,0.0,0.0,4.0,0.0,0.0,0.0,0.0,0.0,0.0
1852,DESA FRESH MILK (KOTAK),1 liter,MINUMAN,TERSEDIA MINUM,0.0,0.0,0.0,0.0,0.0,0.0,0.0,0.0,0.0,0.0,0.0,0.0,0.0,0.0,0.0,0.0,0.0,0.0,0.0,0.0,0.0,0.0,0.0,5.0,0.0,0.0,0.0,0.0,0.0,0.0
1854,KORDIAL F&N SUN VALLEY (GRENADINE),2 liter,MINUMAN,BAHAN-BAHAN MINUMAN,0.0,0.0,0.0,0.0,0.0,0.0,0.0,0.0,0.0,0.0,0.0,0.0,0.0,0.0,0.0,0.0,0.0,0.0,0.0,0.0,0.0,0.0,0.0,19.0,0.0,0.0,0.0,0.0,0.0,0.0
1870,"TEPUNG GANDUM NGP (BERBUNGKUS, CAP  FAIZA)",1kg,BARANGAN BERBUNGKUS,TEPUNG,0.0,0.0,71.0,0.0,0.0,0.0,0.0,0.0,0.0,84.0,0.0,0.0,0.0,0.0,0.0,0.0,77.0,0.0,0.0,10.0,0.0,0.0,0.0,69.0,0.0,0.0,78.0,0.0,0.0,0.0
1871,KRIMER SEJAT CAIR SAJI,390g,BARANGAN BERBUNGKUS,KRIMER DAN SUSU TEPUNG,0.0,0.0,67.0,0.0,0.0,0.0,0.0,0.0,0.0,68.0,0.0,0.0,0.0,0.0,0.0,0.0,78.0,0.0,0.0,12.0,0.0,0.0,0.0,70.0,0.0,0.0,81.0,0.0,0.0,0.0
1872,MAYONIS SEBENAR LADY'S CHOICE,220ml,BARANGAN BERBUNGKUS,SAPUAN (SPREADS),0.0,0.0,90.0,0.0,0.0,0.0,0.0,0.0,0.0,101.0,0.0,0.0,0.0,0.0,0.0,0.0,109.0,0.0,0.0,13.0,0.0,0.0,0.0,93.0,0.0,0.0,110.0,0.0,0.0,0.0
1873,KRIMER MANIS CAP TEAPOT,500 g,BARANGAN BERBUNGKUS,KRIMER DAN SUSU TEPUNG,0.0,0.0,53.0,0.0,0.0,0.0,0.0,0.0,0.0,64.0,0.0,0.0,0.0,0.0,0.0,0.0,64.0,0.0,0.0,8.0,0.0,0.0,0.0,54.0,0.0,0.0,58.0,0.0,0.0,0.0
1876,PELEMBUT PAKAIAN - DOWNY (PREMIUM PARFUM PASSION),800ml,PRODUK KEBERSIHAN,PENJAGAAN RUMAH,0.0,0.0,0.0,0.0,0.0,0.0,0.0,0.0,0.0,0.0,0.0,0.0,0.0,0.0,0.0,0.0,0.0,0.0,0.0,11.0,0.0,0.0,0.0,82.0,0.0,0.0,0.0,0.0,0.0,0.0
1879,SEVEN UP LEMON & LIME (TIN),320ml,MINUMAN,TERSEDIA MINUM,0.0,0.0,0.0,0.0,0.0,0.0,0.0,0.0,0.0,0.0,0.0,0.0,0.0,0.0,0.0,0.0,0.0,0.0,0.0,10.0,0.0,0.0,0.0,78.0,0.0,0.0,0.0,0.0,0.0,0.0
1881,SERBUK CABAI ALAGAPPAS,230g,BARANGAN BERBUNGKUS,REMPAH RATUS (BERBUNGKUS),0.0,0.0,31.0,0.0,0.0,0.0,0.0,0.0,0.0,35.0,0.0,0.0,0.0,0.0,0.0,0.0,34.0,0.0,0.0,6.0,0.0,0.0,0.0,28.0,0.0,0.0,32.0,0.0,0.0,0.0
1882,TUNA CAP AYAM (TUNA MAYONNAISE),160 g,BARANGAN BERBUNGKUS,IKAN DALAM TIN,0.0,0.0,101.0,0.0,0.0,0.0,0.0,0.0,0.0,111.0,0.0,0.0,0.0,0.0,0.0,0.0,109.0,0.0,0.0,11.0,0.0,0.0,0.0,98.0,0.0,0.0,112.0,0.0,0.0,0.0
1899,CILI KERING KERINTING (BERTANGKAI/TIDAK BERTANGKAI),1kg,BARANGAN KERING,CILI KERING,92.0,76.0,85.0,91.0,98.0,100.0,102.0,103.0,76.0,100.0,101.0,106.0,105.0,104.0,102.0,100.0,102.0,44.0,102.0,104.0,104.0,103.0,95.0,101.0,110.0,112.0,114.0,115.0,115.0,73.0
1900,CILI KERING LEPER (BERTANGKAI/TIDAK BERTANGKAI),1kg,BARANGAN KERING,CILI KERING,36.0,37.0,34.0,32.0,37.0,40.0,40.0,40.0,40.0,39.0,43.0,41.0,41.0,40.0,44.0,42.0,42.0,24.0,43.0,46.0,43.0,42.0,41.0,37.0,39.0,38.0,39.0,40.0,39.0,15.0
1904,DUMEX DUGRO 3 (1-3 TAHUN) PERISA ASLI (850G),850g,SUSU DAN BARANGAN BAYI,SUSU BAYI,0.0,0.0,83.0,0.0,0.0,0.0,0.0,0.0,0.0,101.0,0.0,0.0,0.0,0.0,0.0,0.0,100.0,0.0,0.0,10.0,0.0,0.0,0.0,97.0,0.0,0.0,117.0,0.0,0.0,0.0
1907,DAGING KAMBING BEBIRI IMPORT BERTULANG (LAMB) (AUSTRALIA - KOTAK) (1KG),1kg,BARANGAN SEGAR,DAGING,14.0,14.0,15.0,14.0,13.0,14.0,13.0,15.0,15.0,11.0,12.0,11.0,12.0,12.0,12.0,12.0,14.0,9.0,14.0,13.0,13.0,14.0,14.0,15.0,16.0,15.0,15.0,16.0,15.0,10.0
1908,DAGING KAMBING BEBIRI IMPORT BERTULANG (LAMB) (NEW ZEALAND - KOTAK),1kg,BARANGAN SEGAR,DAGING,2.0,2.0,2.0,2.0,2.0,1.0,2.0,2.0,2.0,3.0,3.0,3.0,3.0,3.0,3.0,2.0,3.0,3.0,3.0,3.0,2.0,2.0,2.0,2.0,2.0,2.0,2.0,2.0,2.0,0.0
1909,DAGING KAMBING BEBIRI IMPORT TANPA TULANG (LAMB) (TIDAK TERMASUK PAHA - AUSTRALIA),1kg,BARANGAN SEGAR,DAGING,0.0,0.0,0.0,0.0,0.0,0.0,0.0,0.0,0.0,0.0,0.0,0.0,0.0,0.0,0.0,0.0,0.0,0.0,0.0,0.0,0.0,0.0,0.0,0.0,0.0,0.0,0.0,0.0,1.0,0.0
1911,DAGING PAHA KAMBING BEBIRI IMPORT BERTULANG (LAMB) (AUSTRALIA),1kg,BARANGAN SEGAR,DAGING,14.0,10.0,10.0,11.0,10.0,11.0,10.0,11.0,11.0,12.0,12.0,11.0,12.0,14.0,14.0,13.0,14.0,2.0,13.0,14.0,15.0,15.0,13.0,12.0,15.0,15.0,15.0,14.0,12.0,14.0
1912,DAGING PAHA KAMBING BEBIRI IMPORT BERTULANG (LAMB) (NEW ZEALAND),1kg,BARANGAN SEGAR,DAGING,0.0,1.0,1.0,1.0,1.0,1.0,1.0,1.0,0.0,1.0,1.0,1.0,1.0,1.0,1.0,0.0,0.0,0.0,0.0,0.0,0.0,0.0,0.0,0.0,0.0,0.0,0.0,0.0,0.0,0.0
1913,DAGING LEMBU IMPORT (BLOCK),1kg,BARANGAN SEGAR,DAGING,25.0,14.0,19.0,25.0,25.0,26.0,29.0,27.0,28.0,27.0,26.0,22.0,24.0,24.0,23.0,27.0,29.0,10.0,29.0,29.0,29.0,28.0,21.0,20.0,25.0,26.0,25.0,26.0,31.0,28.0
1914,DAGING KERBAU IMPORT (INDIA) (BLOCK),1kg,BARANGAN SEGAR,DAGING,60.0,46.0,49.0,56.0,61.0,64.0,63.0,61.0,63.0,62.0,64.0,64.0,64.0,61.0,57.0,59.0,55.0,27.0,60.0,64.0,68.0,72.0,60.0,51.0,61.0,57.0,58.0,64.0,66.0,45.0
1915,IKAN JENAHAK (KEPINGAN),1kg,BARANGAN SEGAR,BAHAN LAUT,69.0,50.0,56.0,52.0,64.0,65.0,70.0,67.0,68.0,69.0,72.0,74.0,80.0,75.0,75.0,74.0,74.0,25.0,72.0,75.0,76.0,71.0,64.0,61.0,59.0,71.0,69.0,67.0,70.0,48.0
1916,IKAN DEMUDUK/CUPAK/CERMIN (b	$ 3 EKOR SEKILOGRAM),1kg,BARANGAN SEGAR,BAHAN LAUT,26.0,15.0,17.0,16.0,18.0,21.0,24.0,32.0,33.0,28.0,25.0,31.0,30.0,26.0,29.0,26.0,23.0,10.0,25.0,31.0,27.0,26.0,18.0,15.0,13.0,13.0,16.0,16.0,15.0,8.0
1917,IKAN PARANG (KEPINGAN),1kg,BARANGAN SEGAR,BAHAN LAUT,9.0,10.0,13.0,14.0,14.0,14.0,15.0,16.0,17.0,16.0,18.0,14.0,13.0,15.0,15.0,12.0,15.0,3.0,12.0,11.0,11.0,14.0,11.0,13.0,12.0,11.0,12.0,12.0,14.0,13.0
1918,IKAN TERUBOK (b	$ 4 EKOR SEKILOGRAM),1kg,BARANGAN SEGAR,BAHAN LAUT,4.0,4.0,5.0,5.0,2.0,3.0,4.0,3.0,3.0,5.0,4.0,4.0,5.0,5.0,5.0,5.0,6.0,1.0,5.0,6.0,6.0,5.0,4.0,2.0,3.0,3.0,3.0,4.0,4.0,4.0
1919,UDANG PUTIH BESAR (ANTARA 20 HINGGA 30 EKOR SEKILOGRAM),1kg,BARANGAN SEGAR,BAHAN LAUT,0.0,1.0,0.0,0.0,1.0,2.0,2.0,1.0,1.0,3.0,4.0,4.0,2.0,1.0,1.0,0.0,1.0,1.0,1.0,1.0,1.0,3.0,1.0,1.0,2.0,1.0,1.0,3.0,0.0,0.0
1920,KERANG (SAIZ SEDERHANA),1kg,BARANGAN SEGAR,BAHAN LAUT,60.0,43.0,41.0,44.0,53.0,56.0,59.0,51.0,53.0,48.0,44.0,43.0,51.0,51.0,54.0,54.0,47.0,13.0,56.0,48.0,53.0,42.0,39.0,43.0,41.0,44.0,46.0,47.0,51.0,46.0
1921,IKAN TILAPIA MERAH (ANTARA 2 HINGGA 5 EKOR SEKILOGRAM),1kg,BARANGAN SEGAR,IKAN DARAT,43.0,38.0,34.0,39.0,45.0,46.0,45.0,46.0,45.0,43.0,45.0,47.0,45.0,43.0,41.0,39.0,41.0,10.0,44.0,46.0,47.0,46.0,44.0,42.0,43.0,45.0,48.0,48.0,48.0,30.0
1922,SADERI,1kg,BARANGAN SEGAR,SAYUR-SAYURAN,48.0,36.0,39.0,38.0,43.0,46.0,50.0,47.0,52.0,50.0,49.0,51.0,52.0,51.0,52.0,49.0,50.0,28.0,47.0,49.0,52.0,52.0,47.0,50.0,54.0,51.0,49.0,48.0,48.0,30.0
1923,TERUNG BULAT,1kg,BARANGAN SEGAR,SAYUR-SAYURAN,77.0,63.0,69.0,71.0,80.0,79.0,75.0,77.0,73.0,74.0,74.0,74.0,77.0,79.0,75.0,72.0,74.0,20.0,69.0,72.0,70.0,72.0,70.0,71.0,76.0,76.0,74.0,76.0,76.0,59.0
1925,CILI API/PADI MERAH,1kg,BARANGAN SEGAR,SAYUR-SAYURAN,10.0,8.0,7.0,7.0,7.0,9.0,10.0,10.0,10.0,9.0,6.0,8.0,10.0,10.0,9.0,11.0,10.0,8.0,10.0,12.0,12.0,13.0,12.0,18.0,16.0,17.0,16.0,15.0,14.0,0.0
1926,CILI AKAR HIJAU,1kg,BARANGAN SEGAR,SAYUR-SAYURAN,87.0,69.0,75.0,84.0,88.0,93.0,95.0,92.0,91.0,91.0,90.0,93.0,90.0,92.0,91.0,91.0,90.0,29.0,94.0,91.0,88.0,91.0,78.0,80.0,91.0,93.0,89.0,84.0,88.0,63.0
1927,CILI AKAR MERAH,1kg,BARANGAN SEGAR,SAYUR-SAYURAN,92.0,70.0,79.0,83.0,90.0,95.0,92.0,94.0,98.0,96.0,93.0,94.0,93.0,87.0,78.0,74.0,87.0,33.0,92.0,90.0,92.0,93.0,82.0,81.0,88.0,96.0,92.0,95.0,93.0,67.0
1928,LIMAU KASTURI,1kg,BARANGAN SEGAR,SAYUR-SAYURAN,106.0,85.0,87.0,97.0,92.0,102.0,107.0,105.0,103.0,108.0,108.0,110.0,110.0,111.0,112.0,113.0,110.0,46.0,110.0,112.0,113.0,110.0,97.0,97.0,109.0,111.0,107.0,110.0,108.0,66.0
1929,SANTAN KELAPA SEGAR (PEKAT),1kg,BARANGAN SEGAR,KELAPA,5.0,6.0,7.0,7.0,5.0,5.0,6.0,6.0,8.0,9.0,9.0,9.0,8.0,8.0,8.0,8.0,8.0,0.0,7.0,8.0,8.0,8.0,8.0,8.0,9.0,8.0,8.0,6.0,6.0,6.0
1930,TELUR AYAM KAMPUNG,10 biji,BARANGAN SEGAR,TELUR,57.0,48.0,49.0,52.0,57.0,59.0,60.0,59.0,57.0,61.0,62.0,63.0,62.0,63.0,61.0,60.0,59.0,24.0,58.0,58.0,57.0,58.0,46.0,49.0,56.0,56.0,55.0,52.0,55.0,50.0
1931,BAWANG BESAR IMPORT (PAKISTAN),1kg,BARANGAN KERING,BAWANG,5.0,3.0,6.0,5.0,7.0,6.0,5.0,7.0,7.0,5.0,6.0,7.0,7.0,7.0,7.0,6.0,5.0,2.0,6.0,7.0,6.0,6.0,6.0,5.0,4.0,4.0,2.0,1.0,1.0,1.0
1934,MINYAK MASAK SEBATIAN CAP ADELA GOLD,1kg,BARANGAN BERBUNGKUS,MINYAK DAN LEMAK,0.0,0.0,7.0,0.0,0.0,0.0,0.0,0.0,0.0,7.0,0.0,0.0,0.0,0.0,0.0,0.0,6.0,0.0,0.0,0.0,0.0,0.0,0.0,4.0,0.0,0.0,5.0,0.0,0.0,0.0
1935,MINYAK MASAK SEBATIAN CAP ADELA GOLD,2 kg,BARANGAN BERBUNGKUS,MINYAK DAN LEMAK,0.0,0.0,9.0,0.0,0.0,0.0,0.0,0.0,0.0,10.0,0.0,0.0,0.0,0.0,0.0,0.0,6.0,0.0,0.0,0.0,0.0,0.0,0.0,7.0,0.0,0.0,6.0,0.0,0.0,0.0
1936,MINYAK MASAK SEBATIAN CAP ADELA GOLD,5 kg,BARANGAN BERBUNGKUS,MINYAK DAN LEMAK,0.0,0.0,14.0,0.0,0.0,0.0,0.0,0.0,0.0,10.0,0.0,0.0,0.0,0.0,0.0,0.0,10.0,0.0,0.0,1.0,0.0,0.0,0.0,8.0,0.0,0.0,11.0,0.0,0.0,0.0
1937,MINYAK MASAK TULEN CAP SAJI,1kg,BARANGAN BERBUNGKUS,MINYAK DAN LEMAK,0.0,0.0,23.0,0.0,0.0,0.0,0.0,0.0,0.0,21.0,0.0,0.0,0.0,0.0,0.0,0.0,18.0,0.0,0.0,2.0,0.0,0.0,0.0,20.0,0.0,0.0,27.0,0.0,0.0,0.0
1938,MINYAK MASAK TULEN CAP SAJI,2 kg,BARANGAN BERBUNGKUS,MINYAK DAN LEMAK,0.0,0.0,14.0,0.0,0.0,0.0,0.0,0.0,0.0,15.0,0.0,0.0,0.0,0.0,0.0,0.0,19.0,0.0,0.0,4.0,0.0,0.0,0.0,27.0,0.0,0.0,37.0,0.0,0.0,0.0
1939,MINYAK MASAK TULEN CAP SAJI,5 kg,BARANGAN BERBUNGKUS,MINYAK DAN LEMAK,0.0,0.0,27.0,0.0,0.0,0.0,0.0,0.0,0.0,56.0,0.0,0.0,0.0,0.0,0.0,0.0,67.0,0.0,0.0,11.0,0.0,0.0,0.0,69.0,0.0,0.0,87.0,0.0,0.0,0.0
1940,MINYAK MASAK TULEN CAP ALIF,1kg,BARANGAN BERBUNGKUS,MINYAK DAN LEMAK,0.0,0.0,8.0,0.0,0.0,0.0,0.0,0.0,0.0,5.0,0.0,0.0,0.0,0.0,0.0,0.0,2.0,0.0,0.0,0.0,0.0,0.0,0.0,2.0,0.0,0.0,2.0,0.0,0.0,0.0
1941,MINYAK MASAK TULEN CAP ALIF,2 kg,BARANGAN BERBUNGKUS,MINYAK DAN LEMAK,0.0,0.0,15.0,0.0,0.0,0.0,0.0,0.0,0.0,12.0,0.0,0.0,0.0,0.0,0.0,0.0,30.0,0.0,0.0,2.0,0.0,0.0,0.0,24.0,0.0,0.0,35.0,0.0,0.0,0.0
1942,MINYAK MASAK TULEN CAP ALIF,5 kg,BARANGAN BERBUNGKUS,MINYAK DAN LEMAK,0.0,0.0,26.0,0.0,0.0,0.0,0.0,0.0,0.0,19.0,0.0,0.0,0.0,0.0,0.0,0.0,53.0,0.0,0.0,7.0,0.0,0.0,0.0,51.0,0.0,0.0,65.0,0.0,0.0,0.0
1943,KACANG MERAH (IMPORT),1kg,BARANGAN KERING,KACANG,89.0,75.0,79.0,86.0,92.0,93.0,95.0,96.0,94.0,94.0,96.0,91.0,91.0,90.0,91.0,91.0,92.0,43.0,94.0,95.0,96.0,96.0,86.0,81.0,91.0,93.0,95.0,92.0,94.0,59.0
1944,KACANG SOYA (IMPORT),1kg,BARANGAN KERING,KACANG,67.0,58.0,61.0,65.0,69.0,69.0,69.0,68.0,70.0,70.0,69.0,67.0,67.0,68.0,69.0,67.0,68.0,27.0,68.0,69.0,70.0,69.0,59.0,59.0,69.0,68.0,68.0,68.0,69.0,49.0
1945,TAUHU (JENIS KERAS),sekeping,BARANGAN SEGAR,TAUHU DAN TEMPE,66.0,53.0,56.0,60.0,63.0,63.0,66.0,66.0,65.0,65.0,64.0,63.0,60.0,64.0,64.0,66.0,63.0,27.0,61.0,64.0,66.0,65.0,58.0,55.0,65.0,66.0,67.0,66.0,65.0,45.0
1946,TEMPE (BUNGKUSAN PLASTIK),sekeping,BARANGAN SEGAR,TAUHU DAN TEMPE,63.0,42.0,39.0,43.0,46.0,43.0,53.0,53.0,52.0,54.0,47.0,50.0,56.0,63.0,65.0,69.0,58.0,25.0,64.0,71.0,67.0,67.0,54.0,57.0,65.0,66.0,62.0,68.0,65.0,47.0
1947,SERBUK PENAIK ROYAL (TIN),113g,BARANGAN BERBUNGKUS,ESEN DAN RAGI,0.0,0.0,77.0,0.0,0.0,0.0,0.0,0.0,0.0,80.0,0.0,0.0,0.0,0.0,0.0,0.0,79.0,0.0,0.0,10.0,0.0,0.0,0.0,70.0,0.0,0.0,77.0,0.0,0.0,0.0
1949,ROTI WHOLEMEAL (PELBAGAI JENAMA),400 g,BARANGAN BERBUNGKUS,ROTI,0.0,0.0,1.0,0.0,0.0,0.0,0.0,0.0,0.0,2.0,0.0,0.0,0.0,0.0,0.0,0.0,3.0,0.0,0.0,0.0,0.0,0.0,0.0,2.0,0.0,0.0,1.0,0.0,0.0,0.0
1950,BUNGA RAYA YIS SEGERA,11g,BARANGAN BERBUNGKUS,ESEN DAN RAGI,0.0,0.0,7.0,0.0,0.0,0.0,0.0,0.0,0.0,8.0,0.0,0.0,0.0,0.0,0.0,0.0,9.0,0.0,0.0,0.0,0.0,0.0,0.0,10.0,0.0,0.0,9.0,0.0,0.0,0.0
1951,BERAS SUPER CAP 3A BOY (IMPORT),10 kg,BARANGAN BERBUNGKUS,BERAS,8.0,8.0,8.0,8.0,8.0,7.0,8.0,8.0,8.0,8.0,8.0,8.0,8.0,8.0,8.0,8.0,8.0,7.0,7.0,7.0,7.0,8.0,8.0,8.0,7.0,8.0,8.0,8.0,6.0,7.0
1952,KRIMER SEJAT CAP F&N,390g,BARANGAN BERBUNGKUS,KRIMER DAN SUSU TEPUNG,0.0,0.0,102.0,0.0,0.0,0.0,0.0,0.0,0.0,110.0,0.0,0.0,0.0,0.0,0.0,0.0,107.0,0.0,0.0,12.0,0.0,0.0,0.0,92.0,0.0,0.0,97.0,0.0,0.0,0.0
1953,KRIMER MANIS PEKAT CAP SAJI,500 g,BARANGAN BERBUNGKUS,KRIMER DAN SUSU TEPUNG,0.0,0.0,68.0,0.0,0.0,0.0,0.0,0.0,0.0,78.0,0.0,0.0,0.0,0.0,0.0,0.0,86.0,0.0,0.0,8.0,0.0,0.0,0.0,83.0,0.0,0.0,92.0,0.0,0.0,0.0
1955,YOGURT MARIGOLD (LOW FAT) (STRAWBERRY),130g,MINUMAN,TERSEDIA MINUM,0.0,0.0,0.0,0.0,0.0,0.0,0.0,0.0,0.0,0.0,0.0,0.0,0.0,0.0,0.0,0.0,0.0,0.0,0.0,13.0,0.0,0.0,0.0,75.0,0.0,0.0,0.0,0.0,0.0,0.0
1958,NANKID OPTIPRO LANGKAH 3 RUMUSAN UNTUK KANAK-KANAK,600 g,SUSU DAN BARANGAN BAYI,SUSU BAYI,0.0,0.0,1.0,0.0,0.0,0.0,0.0,0.0,0.0,1.0,0.0,0.0,0.0,0.0,0.0,0.0,1.0,0.0,0.0,0.0,0.0,0.0,0.0,1.0,0.0,0.0,1.0,0.0,0.0,0.0
1960,SUSU SEGAR KURMA FARM FRESH,700 g,MINUMAN,TERSEDIA MINUM,0.0,0.0,0.0,0.0,0.0,0.0,0.0,0.0,0.0,0.0,0.0,0.0,0.0,0.0,0.0,0.0,0.0,0.0,0.0,9.0,0.0,0.0,0.0,50.0,0.0,0.0,0.0,0.0,0.0,0.0
1961,ANMUM ESSENTIAL LANGKAH 4 PERISA ASLI (TANPA GULA TAMBAHAN) - TIN,1.5kg,SUSU DAN BARANGAN BAYI,SUSU BAYI,0.0,0.0,57.0,0.0,0.0,0.0,0.0,0.0,0.0,63.0,0.0,0.0,0.0,0.0,0.0,0.0,62.0,0.0,0.0,10.0,0.0,0.0,0.0,55.0,0.0,0.0,61.0,0.0,0.0,0.0
1963,REFILL ANMUM ESSENTIAL LANGKAH 4 PERISA ASLI (TANPA GULA TAMBAHAN) - KOTAK,550 g,SUSU DAN BARANGAN BAYI,SUSU BAYI,0.0,0.0,80.0,0.0,0.0,0.0,0.0,0.0,0.0,89.0,0.0,0.0,0.0,0.0,0.0,0.0,92.0,0.0,0.0,11.0,0.0,0.0,0.0,77.0,0.0,0.0,91.0,0.0,0.0,0.0
1964,QUAKER OATS INSTANT OATMEALS,1kg,MINUMAN,BAHAN-BAHAN MINUMAN,0.0,0.0,0.0,0.0,0.0,0.0,0.0,0.0,0.0,0.0,0.0,0.0,0.0,0.0,0.0,0.0,0.0,0.0,0.0,7.0,0.0,0.0,0.0,40.0,0.0,0.0,0.0,0.0,0.0,0.0
1965,PEDIASURE (VANILA),600 g,SUSU DAN BARANGAN BAYI,SUSU BAYI,0.0,0.0,92.0,0.0,0.0,0.0,0.0,0.0,0.0,97.0,0.0,0.0,0.0,0.0,0.0,0.0,104.0,0.0,0.0,11.0,0.0,0.0,0.0,92.0,0.0,0.0,101.0,0.0,0.0,0.0
1966,MILNA BISKUT RUSK (ASLI),130g,SUSU DAN BARANGAN BAYI,MAKANAN BAYI,0.0,0.0,67.0,0.0,0.0,0.0,0.0,0.0,0.0,68.0,0.0,0.0,0.0,0.0,0.0,0.0,68.0,0.0,0.0,8.0,0.0,0.0,0.0,61.0,0.0,0.0,70.0,0.0,0.0,0.0
1972,MAMYPOKO EXTRA DRY,M54,SUSU DAN BARANGAN BAYI,LAMPIN PAKAI BUANG,0.0,0.0,55.0,0.0,0.0,0.0,0.0,0.0,0.0,62.0,0.0,0.0,0.0,0.0,0.0,0.0,61.0,0.0,0.0,9.0,0.0,0.0,0.0,48.0,0.0,0.0,59.0,0.0,0.0,0.0
1976,MAGGI MI SEGERA PERISA KARI,5 X 79g,BARANGAN BERBUNGKUS,MI SEGERA,0.0,0.0,110.0,0.0,0.0,0.0,0.0,0.0,0.0,124.0,0.0,0.0,0.0,0.0,0.0,0.0,127.0,0.0,0.0,14.0,0.0,0.0,0.0,107.0,0.0,0.0,119.0,0.0,0.0,0.0
1977,CINTAN MI SEGERA PERISA AYAM,5 X 75g,BARANGAN BERBUNGKUS,MI SEGERA,0.0,0.0,66.0,0.0,0.0,0.0,0.0,0.0,0.0,79.0,0.0,0.0,0.0,0.0,0.0,0.0,80.0,0.0,0.0,11.0,0.0,0.0,0.0,68.0,0.0,0.0,77.0,0.0,0.0,0.0
1978,MI SEDAP MI GORENG PERISA ASLI,5 X 90g,BARANGAN BERBUNGKUS,MI SEGERA,0.0,0.0,94.0,0.0,0.0,0.0,0.0,0.0,0.0,108.0,0.0,0.0,0.0,0.0,0.0,0.0,110.0,0.0,0.0,14.0,0.0,0.0,0.0,98.0,0.0,0.0,106.0,0.0,0.0,0.0
1980,SABUN MANDIAN DETTOL ANTIBACTERIAL (FRESH),500 ml,PRODUK KEBERSIHAN,PENJAGAAN DIRI,0.0,0.0,0.0,0.0,0.0,0.0,0.0,0.0,0.0,0.0,0.0,0.0,0.0,0.0,0.0,0.0,0.0,0.0,0.0,2.0,0.0,0.0,0.0,32.0,0.0,0.0,0.0,0.0,0.0,0.0
1981,SABUN MANDIAN LUX (MAGICAL SPELL),220 ml,PRODUK KEBERSIHAN,PENJAGAAN DIRI,0.0,0.0,0.0,0.0,0.0,0.0,0.0,0.0,0.0,0.0,0.0,0.0,0.0,0.0,0.0,0.0,0.0,0.0,0.0,0.0,0.0,0.0,0.0,1.0,0.0,0.0,0.0,0.0,0.0,0.0
1984,SYAMPU HEAD & SHOULDERS (SMOOTH & SILKY),330 ml,PRODUK KEBERSIHAN,PENJAGAAN DIRI,0.0,0.0,0.0,0.0,0.0,0.0,0.0,0.0,0.0,0.0,0.0,0.0,0.0,0.0,0.0,0.0,0.0,0.0,0.0,0.0,0.0,0.0,0.0,20.0,0.0,0.0,0.0,0.0,0.0,0.0
1985,TUALA WANITA KOTEX SOFT & SMOOTH (MAXI - NON WING),10 PAD,PRODUK KEBERSIHAN,PENJAGAAN DIRI,0.0,0.0,0.0,0.0,0.0,0.0,0.0,0.0,0.0,0.0,0.0,0.0,0.0,0.0,0.0,0.0,0.0,0.0,0.0,4.0,0.0,0.0,0.0,19.0,0.0,0.0,0.0,0.0,0.0,0.0
1986,TUALA WANITA LIBRESSE (MAXI - NON WING),10 PAD,PRODUK KEBERSIHAN,PENJAGAAN DIRI,0.0,0.0,0.0,0.0,0.0,0.0,0.0,0.0,0.0,0.0,0.0,0.0,0.0,0.0,0.0,0.0,0.0,0.0,0.0,6.0,0.0,0.0,0.0,46.0,0.0,0.0,0.0,0.0,0.0,0.0
1987,DEODORAN NIVEA MAN (BLACK & WHITE INVISIBLE - ORIGINAL),150 ml,PRODUK KEBERSIHAN,PENJAGAAN DIRI,0.0,0.0,0.0,0.0,0.0,0.0,0.0,0.0,0.0,0.0,0.0,0.0,0.0,0.0,0.0,0.0,0.0,0.0,0.0,2.0,0.0,0.0,0.0,44.0,0.0,0.0,0.0,0.0,0.0,0.0
1988,DEODORAN NIVEA (EXTRA BRIGHTENING),150 ml,PRODUK KEBERSIHAN,PENJAGAAN DIRI,0.0,0.0,0.0,0.0,0.0,0.0,0.0,0.0,0.0,0.0,0.0,0.0,0.0,0.0,0.0,0.0,0.0,0.0,0.0,9.0,0.0,0.0,0.0,66.0,0.0,0.0,0.0,0.0,0.0,0.0
1989,DEODORAN REXONA MEN (SPORT DEFENSE),50 ml,PRODUK KEBERSIHAN,PENJAGAAN DIRI,0.0,0.0,0.0,0.0,0.0,0.0,0.0,0.0,0.0,0.0,0.0,0.0,0.0,0.0,0.0,0.0,0.0,0.0,0.0,0.0,0.0,0.0,0.0,5.0,0.0,0.0,0.0,0.0,0.0,0.0
1990,DEODORAN REXONA (POWDER DRY BRIGHTENING),50 ml,PRODUK KEBERSIHAN,PENJAGAAN DIRI,0.0,0.0,0.0,0.0,0.0,0.0,0.0,0.0,0.0,0.0,0.0,0.0,0.0,0.0,0.0,0.0,0.0,0.0,0.0,0.0,0.0,0.0,0.0,8.0,0.0,0.0,0.0,0.0,0.0,0.0
1991,SABUN SERBUK BREEZE (POWER CLEAN),750 g,PRODUK KEBERSIHAN,PENJAGAAN RUMAH,0.0,0.0,0.0,0.0,0.0,0.0,0.0,0.0,0.0,0.0,0.0,0.0,0.0,0.0,0.0,0.0,0.0,0.0,0.0,9.0,0.0,0.0,0.0,60.0,0.0,0.0,0.0,0.0,0.0,0.0
1992,SABUN SERBUK ATTACK (AROMA FRESH + COLOUR),800 g,PRODUK KEBERSIHAN,PENJAGAAN RUMAH,0.0,0.0,0.0,0.0,0.0,0.0,0.0,0.0,0.0,0.0,0.0,0.0,0.0,0.0,0.0,0.0,0.0,0.0,0.0,5.0,0.0,0.0,0.0,38.0,0.0,0.0,0.0,0.0,0.0,0.0
1993,SABUN SERBUK TOP (SUPER COLOUR),750 g,PRODUK KEBERSIHAN,PENJAGAAN RUMAH,0.0,0.0,0.0,0.0,0.0,0.0,0.0,0.0,0.0,0.0,0.0,0.0,0.0,0.0,0.0,0.0,0.0,0.0,0.0,5.0,0.0,0.0,0.0,59.0,0.0,0.0,0.0,0.0,0.0,0.0
1996,PELEMBUT PAKAIAN - SOFTLAN (FLORAL FANTASY),1 liter,PRODUK KEBERSIHAN,PENJAGAAN RUMAH,0.0,0.0,0.0,0.0,0.0,0.0,0.0,0.0,0.0,0.0,0.0,0.0,0.0,0.0,0.0,0.0,0.0,0.0,0.0,1.0,0.0,0.0,0.0,4.0,0.0,0.0,0.0,0.0,0.0,0.0
1998,PENCUCI PELBAGAI GUNA DETTOL (LAVENDER),2.5 liter,PRODUK KEBERSIHAN,PENJAGAAN RUMAH,0.0,0.0,0.0,0.0,0.0,0.0,0.0,0.0,0.0,0.0,0.0,0.0,0.0,0.0,0.0,0.0,0.0,0.0,0.0,5.0,0.0,0.0,0.0,32.0,0.0,0.0,0.0,0.0,0.0,0.0
1999,PENCUCI PELBAGAI GUNA MR MUSCLE (LAVENDER),2 liter,PRODUK KEBERSIHAN,PENJAGAAN RUMAH,0.0,0.0,0.0,0.0,0.0,0.0,0.0,0.0,0.0,0.0,0.0,0.0,0.0,0.0,0.0,0.0,0.0,0.0,0.0,9.0,0.0,0.0,0.0,100.0,0.0,0.0,0.0,0.0,0.0,0.0
2000,PENCUCI PELBAGAI GUNA AJAX FABULOSO (LAVENDER),2 liter,PRODUK KEBERSIHAN,PENJAGAAN RUMAH,0.0,0.0,0.0,0.0,0.0,0.0,0.0,0.0,0.0,0.0,0.0,0.0,0.0,0.0,0.0,0.0,0.0,0.0,0.0,9.0,0.0,0.0,0.0,89.0,0.0,0.0,0.0,0.0,0.0,0.0
2001,DUMEX DUPRO 2 (RUMUSAN SUSULAN),850g,SUSU DAN BARANGAN BAYI,SUSU BAYI,0.0,0.0,91.0,0.0,0.0,0.0,0.0,0.0,0.0,103.0,0.0,0.0,0.0,0.0,0.0,0.0,102.0,0.0,0.0,9.0,0.0,0.0,0.0,92.0,0.0,0.0,104.0,0.0,0.0,0.0
2002,PELUNTUR CLOROX (ORIGINAL),1 liter,PRODUK KEBERSIHAN,PENJAGAAN RUMAH,0.0,0.0,0.0,0.0,0.0,0.0,0.0,0.0,0.0,0.0,0.0,0.0,0.0,0.0,0.0,0.0,0.0,0.0,0.0,12.0,0.0,0.0,0.0,93.0,0.0,0.0,0.0,0.0,0.0,0.0
2003,BIHUN KERING IMPORT (PELBAGAI JENAMA),400 g,BARANGAN BERBUNGKUS,BIHUN,0.0,0.0,7.0,0.0,0.0,0.0,0.0,0.0,0.0,7.0,0.0,0.0,0.0,0.0,0.0,0.0,7.0,0.0,0.0,0.0,0.0,0.0,0.0,7.0,0.0,0.0,8.0,0.0,0.0,0.0
2009,DUTCH LADY 123 (BIASA),850g,SUSU DAN BARANGAN BAYI,SUSU BAYI,0.0,0.0,88.0,0.0,0.0,0.0,0.0,0.0,0.0,114.0,0.0,0.0,0.0,0.0,0.0,0.0,119.0,0.0,0.0,13.0,0.0,0.0,0.0,107.0,0.0,0.0,125.0,0.0,0.0,0.0
2010,DUTCH LADY 456 (BIASA),850g,SUSU DAN BARANGAN BAYI,SUSU BAYI,0.0,0.0,91.0,0.0,0.0,0.0,0.0,0.0,0.0,120.0,0.0,0.0,0.0,0.0,0.0,0.0,121.0,0.0,0.0,13.0,0.0,0.0,0.0,110.0,0.0,0.0,125.0,0.0,0.0,0.0
2011,KIUB SUP TOM YAM (MAGGI),6 X 10g,BARANGAN BERBUNGKUS,REMPAH RATUS (BERBUNGKUS),0.0,0.0,87.0,0.0,0.0,0.0,0.0,0.0,0.0,101.0,0.0,0.0,0.0,0.0,0.0,0.0,108.0,0.0,0.0,12.0,0.0,0.0,0.0,94.0,0.0,0.0,105.0,0.0,0.0,0.0
2012,KICAP TAMIN (DARK SOY SAUCE),350ml,BARANGAN BERBUNGKUS,KICAP DAN SOS,0.0,0.0,26.0,0.0,0.0,0.0,0.0,0.0,0.0,30.0,0.0,0.0,0.0,0.0,0.0,0.0,33.0,0.0,0.0,7.0,0.0,0.0,0.0,26.0,0.0,0.0,33.0,0.0,0.0,0.0
2014,ENFAGROW A+ MIND PRO LANGKAH 3 VANILA (KOTAK),500 g,SUSU DAN BARANGAN BAYI,SUSU BAYI,0.0,0.0,81.0,0.0,0.0,0.0,0.0,0.0,0.0,85.0,0.0,0.0,0.0,0.0,0.0,0.0,88.0,0.0,0.0,9.0,0.0,0.0,0.0,82.0,0.0,0.0,86.0,0.0,0.0,0.0
2017,DYNAMO POWER GEL (PERFECT CLEAN),2.6kg,PRODUK KEBERSIHAN,PENJAGAAN RUMAH,0.0,0.0,0.0,0.0,0.0,0.0,0.0,0.0,0.0,0.0,0.0,0.0,0.0,0.0,0.0,0.0,0.0,0.0,0.0,0.0,0.0,0.0,0.0,1.0,0.0,0.0,0.0,0.0,0.0,0.0
2018,SABUN PENCUCI SUNLIGHT (LEMON),900ml,PRODUK KEBERSIHAN,PENJAGAAN RUMAH,0.0,0.0,0.0,0.0,0.0,0.0,0.0,0.0,0.0,0.0,0.0,0.0,0.0,0.0,0.0,0.0,0.0,0.0,0.0,1.0,0.0,0.0,0.0,27.0,0.0,0.0,0.0,0.0,0.0,0.0
2019,NESCAFE 3 IN 1 ORIGINAL (AROMATIC & BALANCED),25 x 18g,MINUMAN,BAHAN-BAHAN MINUMAN,0.0,0.0,0.0,0.0,0.0,0.0,0.0,0.0,0.0,0.0,0.0,0.0,0.0,0.0,0.0,0.0,0.0,0.0,0.0,12.0,0.0,0.0,0.0,84.0,0.0,0.0,0.0,0.0,0.0,0.0
2020,YOGURT LACTEL (FAT FREE) (STRAWBERRY),130g,MINUMAN,TERSEDIA MINUM,0.0,0.0,0.0,0.0,0.0,0.0,0.0,0.0,0.0,0.0,0.0,0.0,0.0,0.0,0.0,0.0,0.0,0.0,0.0,11.0,0.0,0.0,0.0,83.0,0.0,0.0,0.0,0.0,0.0,0.0
