item_code,item,unit,item_group,item_category,2023-08-01,2023-08-02,2023-08-03,2023-08-04,2023-08-05,2023-08-06,2023-08-07,2023-08-08,2023-08-09,2023-08-10,2023-08-11,2023-08-14,2023-08-15,2023-08-16,2023-08-17,2023-08-18,2023-08-19,2023-08-20,2023-08-21,2023-08-22,2023-08-23,2023-08-24,2023-08-25,2023-08-26,2023-08-27,2023-08-28,2023-08-29
1,AYAM BERSIH - STANDARD,1kg,BARANGAN SEGAR,AYAM,1.0,1.0,1.0,1.0,1.0,1.0,37.0,1.0,1.0,1.0,1.0,42.0,2.0,1.0,1.0,1.0,1.0,2.0,41.0,1.0,1.0,1.0,1.0,1.0,1.0,43.0,1.0
2,AYAM BERSIH - SUPER,1kg,BARANGAN SEGAR,AYAM,0.0,0.0,0.0,0.0,0.0,0.0,4.0,0.0,0.0,0.0,0.0,6.0,0.0,0.0,0.0,0.0,0.0,0.0,7.0,0.0,0.0,0.0,0.0,0.0,0.0,5.0,0.0
14,DAGING KERBAU IMPORT (INDIA) * (TOP SIDE),1kg,BARANGAN SEGAR,DAGING,0.0,0.0,0.0,0.0,0.0,0.0,1.0,0.0,0.0,0.0,0.0,1.0,0.0,0.0,0.0,0.0,0.0,0.0,1.0,0.0,0.0,0.0,0.0,0.0,0.0,1.0,0.0
16,BETIK BIASA,1kg,BARANGAN SEGAR,BUAH-BUAHAN,0.0,0.0,0.0,0.0,0.0,0.0,9.0,0.0,0.0,0.0,0.0,9.0,0.0,0.0,0.0,0.0,0.0,0.0,7.0,0.0,0.0,0.0,0.0,0.0,0.0,8.0,0.0
18,PISANG BERANGAN,1kg,BARANGAN SEGAR,BUAH-BUAHAN,0.0,0.0,0.0,0.0,0.0,0.0,19.0,1.0,1.0,1.0,1.0,17.0,1.0,1.0,1.0,0.0,0.0,0.0,17.0,0.0,1.0,1.0,1.0,1.0,1.0,17.0,1.0
19,PISANG EMAS,1kg,BARANGAN SEGAR,BUAH-BUAHAN,0.0,0.0,0.0,0.0,0.0,0.0,3.0,0.0,0.0,0.0,0.0,2.0,0.0,0.0,0.0,0.0,0.0,0.0,1.0,0.0,0.0,0.0,0.0,0.0,0.0,2.0,0.0
20,TEMBIKAI MERAH BERBIJI,1kg,BARANGAN SEGAR,BUAH-BUAHAN,0.0,0.0,0.0,0.0,0.0,0.0,2.0,0.0,0.0,0.0,0.0,2.0,0.0,0.0,0.0,0.0,0.0,0.0,3.0,0.0,0.0,0.0,0.0,0.0,0.0,2.0,0.0
21,TEMBIKAI MERAH TANPA BIJI,1kg,BARANGAN SEGAR,BUAH-BUAHAN,1.0,1.0,1.0,1.0,1.0,1.0,12.0,1.0,1.0,1.0,0.0,11.0,2.0,1.0,1.0,1.0,1.0,1.0,14.0,1.0,1.0,1.0,1.0,1.0,1.0,14.0,1.0
22,DRAGON FRUIT MERAH,1kg,BARANGAN SEGAR,BUAH-BUAHAN,0.0,1.0,1.0,1.0,1.0,1.0,5.0,1.0,1.0,1.0,1.0,4.0,1.0,1.0,1.0,1.0,1.0,1.0,4.0,1.0,0.0,0.0,0.0,0.0,0.0,5.0,0.0
24,TEMBIKAI SUSU,1kg,BARANGAN SEGAR,BUAH-BUAHAN,0.0,0.0,0.0,0.0,0.0,0.0,6.0,0.0,0.0,0.0,0.0,6.0,0.0,0.0,0.0,0.0,0.0,0.0,6.0,0.0,0.0,0.0,0.0,0.0,0.0,5.0,0.0
25,NENAS BIASA (JOSAPINE/MORRIS/SARAWAK),1 biji,BARANGAN SEGAR,BUAH-BUAHAN,0.0,0.0,1.0,1.0,1.0,1.0,21.0,1.0,1.0,1.0,1.0,20.0,1.0,0.0,0.0,1.0,1.0,1.0,19.0,1.0,1.0,1.0,1.0,1.0,1.0,20.0,1.0
27,ANGGUR MERAH BERBIJI,1kg,BARANGAN SEGAR,BUAH-BUAHAN,0.0,0.0,0.0,0.0,0.0,0.0,6.0,1.0,1.0,1.0,1.0,7.0,1.0,1.0,1.0,1.0,1.0,1.0,8.0,0.0,0.0,1.0,1.0,1.0,0.0,6.0,0.0
31,LAI KUNING (SAIZ M),1 biji,BARANGAN SEGAR,BUAH-BUAHAN,0.0,0.0,0.0,0.0,0.0,0.0,1.0,0.0,0.0,0.0,0.0,0.0,1.0,0.0,0.0,0.0,0.0,0.0,1.0,0.0,0.0,0.0,0.0,0.0,0.0,1.0,0.0
38,JAMBU BATU BERBIJI,1kg,BARANGAN SEGAR,BUAH-BUAHAN,0.0,0.0,0.0,1.0,0.0,1.0,11.0,1.0,1.0,1.0,1.0,9.0,1.0,1.0,1.0,1.0,1.0,1.0,8.0,0.0,0.0,1.0,1.0,1.0,1.0,11.0,1.0
39,JAMBU BATU TANPA BIJI,1kg,BARANGAN SEGAR,BUAH-BUAHAN,0.0,0.0,0.0,0.0,0.0,0.0,2.0,0.0,0.0,0.0,0.0,2.0,0.0,0.0,0.0,0.0,0.0,0.0,1.0,0.0,0.0,0.0,0.0,0.0,0.0,1.0,0.0
43,IKAN BAWAL HITAM (ANTARA 2 HINGGA 5 EKOR SEKILOGRAM),1kg,BARANGAN SEGAR,BAHAN LAUT,0.0,0.0,0.0,0.0,0.0,0.0,15.0,0.0,0.0,0.0,0.0,14.0,1.0,0.0,0.0,0.0,0.0,0.0,18.0,0.0,0.0,0.0,0.0,0.0,0.0,17.0,0.0
47,IKAN CENCARU (ANTARA 4 HINGGA 6 EKOR SEKILOGRAM),1kg,BARANGAN SEGAR,BAHAN LAUT,0.0,0.0,0.0,0.0,0.0,0.0,30.0,0.0,0.0,0.0,0.0,27.0,1.0,0.0,0.0,0.0,0.0,0.0,28.0,0.0,0.0,0.0,0.0,0.0,0.0,27.0,0.0
49,IKAN GELAMA (ANTARA 5 HINGGA 10 EKOR SEKILOGRAM),1kg,BARANGAN SEGAR,BAHAN LAUT,0.0,0.0,0.0,0.0,0.0,0.0,9.0,0.0,0.0,0.0,0.0,6.0,1.0,0.0,0.0,0.0,0.0,0.0,7.0,0.0,0.0,0.0,0.0,0.0,0.0,8.0,0.0
51,IKAN JENAHAK (b	% 1 KILOGRAM SEEKOR),1kg,BARANGAN SEGAR,BAHAN LAUT,0.0,0.0,0.0,0.0,0.0,0.0,3.0,0.0,0.0,0.0,0.0,1.0,1.0,0.0,0.0,0.0,0.0,0.0,3.0,0.0,0.0,0.0,0.0,0.0,0.0,2.0,0.0
52,KEPALA IKAN JENAHAK,1kg,BARANGAN SEGAR,BAHAN LAUT,0.0,0.0,0.0,0.0,0.0,0.0,1.0,0.0,0.0,0.0,0.0,1.0,0.0,0.0,0.0,0.0,0.0,0.0,0.0,0.0,0.0,0.0,0.0,0.0,0.0,0.0,0.0
55,IKAN KEMBUNG KECIL/PELALING (ANTARA 10 HINGGA 18 EKOR SEKILOGRAM),1kg,BARANGAN SEGAR,BAHAN LAUT,0.0,0.0,0.0,0.0,0.0,0.0,16.0,0.0,0.0,0.0,0.0,17.0,1.0,0.0,0.0,0.0,0.0,0.0,14.0,0.0,0.0,0.0,0.0,0.0,0.0,14.0,0.0
60,IKAN MERAH (b	% 1 KILOGRAM SEEKOR),1kg,BARANGAN SEGAR,BAHAN LAUT,0.0,0.0,0.0,0.0,0.0,0.0,4.0,0.0,0.0,0.0,0.0,4.0,0.0,0.0,0.0,0.0,0.0,0.0,4.0,0.0,0.0,0.0,0.0,0.0,0.0,5.0,0.0
64,KEPALA IKAN MERAH,1kg,BARANGAN SEGAR,BAHAN LAUT,0.0,0.0,0.0,0.0,0.0,0.0,2.0,0.0,0.0,0.0,0.0,2.0,0.0,0.0,0.0,0.0,0.0,0.0,2.0,0.0,0.0,0.0,0.0,0.0,0.0,2.0,0.0
65,IKAN KERAPU (ANTARA 2 HINGGA 5 EKOR SEKILOGRAM),1kg,BARANGAN SEGAR,BAHAN LAUT,0.0,0.0,0.0,0.0,0.0,0.0,1.0,0.0,0.0,0.0,0.0,2.0,0.0,0.0,0.0,0.0,0.0,0.0,2.0,0.0,0.0,0.0,0.0,0.0,0.0,1.0,0.0
66,IKAN PARANG (ANTARA 1 HINGGA 3 EKOR SEKILOGRAM),1kg,BARANGAN SEGAR,BAHAN LAUT,0.0,0.0,0.0,0.0,0.0,0.0,1.0,0.0,0.0,0.0,0.0,1.0,0.0,0.0,0.0,0.0,0.0,0.0,1.0,0.0,0.0,0.0,0.0,0.0,0.0,0.0,0.0
68,IKAN PARI (KEPINGAN),1kg,BARANGAN SEGAR,BAHAN LAUT,0.0,0.0,0.0,0.0,0.0,0.0,5.0,0.0,0.0,0.0,0.0,3.0,1.0,0.0,0.0,0.0,0.0,0.0,4.0,0.0,0.0,0.0,0.0,0.0,0.0,2.0,0.0
69,IKAN SELAR KUNING (b	% 11 EKOR SEKILOGRAM),1kg,BARANGAN SEGAR,BAHAN LAUT,0.0,0.0,0.0,0.0,0.0,0.0,6.0,0.0,0.0,0.0,0.0,5.0,0.0,0.0,0.0,0.0,0.0,0.0,7.0,0.0,0.0,0.0,0.0,0.0,0.0,5.0,0.0
70,IKAN SELAR PELATA (≤ 7 EKOR SEKILOGRAM),1kg,BARANGAN SEGAR,BAHAN LAUT,0.0,0.0,0.0,0.0,0.0,0.0,20.0,0.0,0.0,0.0,0.0,19.0,1.0,0.0,0.0,0.0,0.0,0.0,21.0,0.0,0.0,0.0,0.0,0.0,0.0,20.0,0.0
71,IKAN SELAYANG/SARDIN  (≥ 13 EKOR SEKILOGRAM),1kg,BARANGAN SEGAR,BAHAN LAUT,0.0,1.0,1.0,1.0,1.0,0.0,37.0,0.0,0.0,1.0,1.0,36.0,2.0,1.0,1.0,1.0,1.0,1.0,35.0,1.0,1.0,1.0,1.0,1.0,1.0,31.0,1.0
73,IKAN SENANGIN (ANTARA 2 HINGGA 8 EKOR SEKILOGRAM),1kg,BARANGAN SEGAR,BAHAN LAUT,0.0,0.0,0.0,0.0,0.0,0.0,4.0,0.0,0.0,0.0,0.0,2.0,1.0,0.0,0.0,0.0,0.0,0.0,3.0,0.0,0.0,0.0,0.0,0.0,0.0,2.0,0.0
78,IKAN TAMBAN BELURU (ANTARA 10 HINGGA 19 EKOR SEKILOGRAM),1kg,BARANGAN SEGAR,BAHAN LAUT,0.0,0.0,0.0,0.0,0.0,0.0,1.0,0.0,0.0,0.0,0.0,1.0,0.0,0.0,0.0,0.0,0.0,0.0,1.0,0.0,0.0,0.0,0.0,0.0,0.0,1.0,0.0
82,IKAN TENGGIRI BATANG (ANTARA 1 HINGGA 2 EKOR SEKILOGRAM),1kg,BARANGAN SEGAR,BAHAN LAUT,0.0,0.0,0.0,0.0,0.0,0.0,4.0,0.0,0.0,0.0,0.0,3.0,1.0,0.0,0.0,0.0,0.0,0.0,4.0,0.0,0.0,0.0,0.0,0.0,0.0,2.0,0.0
83,IKAN TONGKOL/AYA/KAYU HITAM (ANTARA 1 HINGGA 2 EKOR SEKILOGRAM),1kg,BARANGAN SEGAR,BAHAN LAUT,1.0,1.0,1.0,1.0,1.0,0.0,24.0,1.0,1.0,1.0,1.0,28.0,2.0,1.0,1.0,1.0,1.0,1.0,27.0,1.0,1.0,1.0,1.0,1.0,1.0,23.0,1.0
87,IKAN HARUAN (ANTARA 2 HINGGA 5 EKOR SEKILOGRAM),1kg,BARANGAN SEGAR,IKAN DARAT,0.0,0.0,0.0,0.0,0.0,0.0,0.0,0.0,0.0,0.0,0.0,1.0,0.0,0.0,0.0,0.0,0.0,0.0,1.0,0.0,0.0,0.0,0.0,0.0,0.0,0.0,0.0
88,IKAN KELI (ANTARA 2 HINGGA 5 EKOR SEKILOGRAM),1kg,BARANGAN SEGAR,IKAN DARAT,1.0,1.0,1.0,1.0,1.0,1.0,9.0,1.0,1.0,1.0,1.0,7.0,2.0,1.0,1.0,1.0,1.0,1.0,8.0,1.0,1.0,1.0,1.0,1.0,1.0,9.0,1.0
89,IKAN TILAPIA HITAM (ANTARA 2 HINGGA 5 EKOR SEKILOGRAM),1kg,BARANGAN SEGAR,IKAN DARAT,0.0,0.0,0.0,0.0,0.0,0.0,0.0,0.0,0.0,0.0,0.0,0.0,0.0,0.0,0.0,0.0,0.0,0.0,1.0,0.0,0.0,0.0,0.0,0.0,0.0,1.0,0.0
92,CILI HIJAU,1kg,BARANGAN SEGAR,SAYUR-SAYURAN,1.0,1.0,1.0,1.0,1.0,1.0,34.0,1.0,1.0,1.0,1.0,36.0,2.0,1.0,1.0,1.0,1.0,1.0,39.0,1.0,1.0,1.0,1.0,1.0,1.0,37.0,1.0
93,CILI MERAH - KULAI,1kg,BARANGAN SEGAR,SAYUR-SAYURAN,0.0,0.0,0.0,0.0,0.0,0.0,31.0,0.0,0.0,0.0,0.0,32.0,0.0,0.0,0.0,0.0,0.0,0.0,33.0,0.0,0.0,0.0,0.0,0.0,0.0,29.0,0.0
94,CILI MERAH - MINYAK,1kg,BARANGAN SEGAR,SAYUR-SAYURAN,1.0,1.0,1.0,1.0,1.0,1.0,34.0,1.0,1.0,1.0,1.0,31.0,2.0,1.0,1.0,1.0,1.0,1.0,28.0,1.0,1.0,1.0,1.0,1.0,1.0,31.0,1.0
95,HALIA BASAH (TUA),1kg,BARANGAN SEGAR,SAYUR-SAYURAN,1.0,1.0,1.0,1.0,1.0,1.0,120.0,1.0,1.0,1.0,1.0,122.0,3.0,1.0,1.0,1.0,1.0,1.0,131.0,1.0,1.0,1.0,1.0,1.0,1.0,131.0,1.0
96,KACANG BENDI,1kg,BARANGAN SEGAR,SAYUR-SAYURAN,0.0,0.0,0.0,0.0,0.0,0.0,61.0,0.0,0.0,0.0,0.0,61.0,1.0,0.0,0.0,0.0,0.0,0.0,65.0,0.0,0.0,0.0,0.0,0.0,0.0,67.0,0.0
97,KACANG BUNCIS,1kg,BARANGAN SEGAR,SAYUR-SAYURAN,0.0,0.0,0.0,0.0,0.0,0.0,48.0,0.0,0.0,0.0,0.0,51.0,0.0,0.0,0.0,0.0,0.0,0.0,51.0,0.0,0.0,0.0,0.0,0.0,0.0,53.0,0.0
98,KACANG PANJANG,1kg,BARANGAN SEGAR,SAYUR-SAYURAN,0.0,0.0,0.0,0.0,0.0,0.0,50.0,0.0,0.0,0.0,0.0,53.0,1.0,0.0,0.0,0.0,0.0,0.0,54.0,0.0,0.0,0.0,0.0,0.0,0.0,55.0,0.0
101,KELAPA BIJI,1 biji,BARANGAN SEGAR,KELAPA,0.0,0.0,0.0,0.0,0.0,0.0,21.0,0.0,0.0,0.0,0.0,19.0,1.0,0.0,0.0,0.0,0.0,0.0,20.0,0.0,0.0,0.0,0.0,0.0,0.0,22.0,0.0
102,KELAPA PARUT,1kg,BARANGAN SEGAR,KELAPA,0.0,0.0,0.0,0.0,0.0,0.0,1.0,0.0,0.0,0.0,0.0,1.0,0.0,0.0,0.0,0.0,0.0,0.0,1.0,0.0,0.0,0.0,0.0,0.0,0.0,1.0,0.0
103,SANTAN KELAPA SEGAR (BIASA),1kg,BARANGAN SEGAR,KELAPA,0.0,0.0,0.0,0.0,0.0,0.0,5.0,0.0,0.0,0.0,0.0,4.0,1.0,0.0,0.0,0.0,0.0,0.0,5.0,0.0,0.0,0.0,0.0,0.0,0.0,5.0,0.0
104,KUBIS BULAT IMPORT (CHINA),1kg,BARANGAN SEGAR,SAYUR-SAYURAN,0.0,0.0,0.0,0.0,0.0,0.0,37.0,0.0,0.0,0.0,0.0,36.0,1.0,0.0,0.0,0.0,0.0,0.0,38.0,0.0,0.0,0.0,0.0,0.0,0.0,37.0,0.0
105,KUBIS BULAT (TEMPATAN),1kg,BARANGAN SEGAR,SAYUR-SAYURAN,0.0,1.0,1.0,1.0,1.0,1.0,25.0,1.0,1.0,1.0,1.0,24.0,1.0,1.0,1.0,1.0,1.0,1.0,23.0,1.0,1.0,1.0,1.0,1.0,1.0,24.0,1.0
108,KUNYIT HIDUP,1kg,BARANGAN SEGAR,SAYUR-SAYURAN,1.0,1.0,1.0,1.0,1.0,1.0,66.0,1.0,1.0,1.0,1.0,66.0,2.0,1.0,1.0,1.0,1.0,1.0,67.0,1.0,1.0,1.0,1.0,1.0,1.0,68.0,1.0
109,LOBAK MERAH,1kg,BARANGAN SEGAR,SAYUR-SAYURAN,1.0,1.0,1.0,1.0,1.0,1.0,72.0,0.0,0.0,1.0,1.0,76.0,1.0,0.0,1.0,1.0,1.0,1.0,75.0,0.0,0.0,1.0,1.0,1.0,1.0,79.0,0.0
112,TERUNG PANJANG,1kg,BARANGAN SEGAR,SAYUR-SAYURAN,1.0,1.0,1.0,1.0,1.0,1.0,47.0,1.0,1.0,1.0,1.0,50.0,1.0,0.0,0.0,1.0,1.0,1.0,52.0,0.0,1.0,1.0,1.0,1.0,1.0,53.0,1.0
113,TIMUN,1kg,BARANGAN SEGAR,SAYUR-SAYURAN,1.0,1.0,1.0,1.0,1.0,1.0,81.0,0.0,0.0,0.0,0.0,82.0,2.0,0.0,1.0,1.0,1.0,1.0,84.0,1.0,1.0,1.0,1.0,1.0,1.0,80.0,0.0
114,TOMATO,1kg,BARANGAN SEGAR,SAYUR-SAYURAN,1.0,1.0,1.0,1.0,1.0,1.0,76.0,1.0,1.0,1.0,1.0,76.0,3.0,1.0,1.0,1.0,1.0,1.0,74.0,1.0,1.0,1.0,1.0,1.0,0.0,77.0,0.0
118,TELUR AYAM GRED A (BERAT 65.0 GM HINGGA 69.9 GM SEBIJI),10 biji,BARANGAN SEGAR,TELUR,0.0,0.0,0.0,0.0,0.0,0.0,8.0,0.0,0.0,0.0,0.0,6.0,1.0,0.0,0.0,0.0,0.0,0.0,7.0,0.0,0.0,0.0,0.0,0.0,0.0,7.0,0.0
119,TELUR AYAM GRED B (BERAT 60.0 GM HINGGA 64.9 GM),10 biji,BARANGAN SEGAR,TELUR,0.0,0.0,0.0,0.0,0.0,0.0,26.0,0.0,0.0,0.0,0.0,23.0,4.0,0.0,0.0,0.0,0.0,0.0,24.0,0.0,0.0,0.0,0.0,0.0,0.0,27.0,0.0
120,TELUR AYAM GRED C (BERAT 55.0 GM HINGGA 59.9 GM SEBIJI),10 biji,BARANGAN SEGAR,TELUR,0.0,0.0,0.0,0.0,0.0,0.0,16.0,0.0,0.0,0.0,0.0,12.0,3.0,0.0,0.0,0.0,0.0,0.0,15.0,0.0,0.0,0.0,0.0,0.0,0.0,16.0,0.0
124,TELUR PUYUH,15 Biji,BARANGAN SEGAR,TELUR,0.0,0.0,0.0,0.0,0.0,0.0,13.0,0.0,0.0,0.0,0.0,12.0,1.0,0.0,0.0,0.0,0.0,0.0,13.0,0.0,0.0,0.0,0.0,0.0,0.0,11.0,0.0
125,TELUR ITIK,10 biji,BARANGAN SEGAR,TELUR,0.0,0.0,0.0,0.0,0.0,0.0,1.0,0.0,0.0,0.0,0.0,1.0,0.0,0.0,0.0,0.0,0.0,0.0,1.0,0.0,0.0,0.0,0.0,0.0,0.0,1.0,0.0
129,BAWANG BESAR KUNING/HOLLAND,1kg,BARANGAN KERING,BAWANG,1.0,1.0,1.0,1.0,1.0,1.0,174.0,1.0,1.0,1.0,1.0,172.0,5.0,1.0,1.0,1.0,1.0,1.0,174.0,1.0,1.0,1.0,1.0,1.0,1.0,177.0,1.0
131,BAWANG KECIL MERAH ROSE IMPORT (INDIA),1kg,BARANGAN KERING,BAWANG,0.0,0.0,0.0,0.0,0.0,0.0,80.0,0.0,0.0,0.0,0.0,75.0,4.0,0.0,0.0,0.0,0.0,0.0,79.0,0.0,0.0,0.0,0.0,0.0,0.0,79.0,0.0
132,BAWANG KECIL MERAH IMPORT (THAILAND),1kg,BARANGAN KERING,BAWANG,0.0,0.0,0.0,0.0,0.0,0.0,15.0,0.0,0.0,0.0,0.0,12.0,4.0,0.0,0.0,0.0,0.0,0.0,16.0,0.0,0.0,0.0,0.0,0.0,0.0,15.0,0.0
148,IKAN BILIS GRED B (KOPEK),1kg,BARANGAN KERING,HASIL LAUT KERING,1.0,1.0,1.0,1.0,1.0,1.0,24.0,1.0,1.0,1.0,1.0,26.0,1.0,1.0,1.0,1.0,1.0,1.0,24.0,1.0,1.0,1.0,1.0,1.0,1.0,25.0,1.0
152,KACANG HIJAU (IMPORT),1kg,BARANGAN KERING,KACANG,1.0,1.0,1.0,1.0,1.0,1.0,146.0,1.0,1.0,1.0,1.0,140.0,8.0,1.0,1.0,1.0,1.0,1.0,143.0,1.0,1.0,1.0,1.0,1.0,1.0,141.0,1.0
154,SERBUK KUNYIT (TIDAK BERBUNGKUS),100 g,BARANGAN BERBUNGKUS,REMPAH RATUS (TIDAK BERBUNGKUS),0.0,0.0,0.0,0.0,0.0,0.0,3.0,0.0,0.0,0.0,0.0,4.0,0.0,0.0,0.0,0.0,0.0,0.0,4.0,0.0,0.0,0.0,0.0,0.0,0.0,3.0,0.0
155,SERBUK CILI  (TIDAK BERBUNGKUS),100 g,BARANGAN BERBUNGKUS,REMPAH RATUS (TIDAK BERBUNGKUS),0.0,0.0,0.0,0.0,0.0,0.0,1.0,0.0,0.0,0.0,0.0,1.0,0.0,0.0,0.0,0.0,0.0,0.0,1.0,0.0,0.0,0.0,0.0,0.0,0.0,1.0,0.0
171,KORDIAL SUNQUICK (OREN),840 ml,MINUMAN,BAHAN-BAHAN MINUMAN,0.0,0.0,0.0,0.0,0.0,0.0,0.0,0.0,0.0,0.0,0.0,0.0,0.0,0.0,0.0,0.0,0.0,0.0,0.0,0.0,0.0,0.0,0.0,0.0,0.0,74.0,0.0
180,TEH BOH (UNCANG),100 beg,MINUMAN,BAHAN-BAHAN MINUMAN,0.0,0.0,0.0,0.0,0.0,0.0,0.0,0.0,0.0,0.0,0.0,0.0,0.0,0.0,0.0,0.0,0.0,0.0,0.0,0.0,0.0,0.0,0.0,0.0,1.0,58.0,0.0
190,SARDIN CAP AYAM (SOS TOMATO),155 g,BARANGAN BERBUNGKUS,IKAN DALAM TIN,0.0,0.0,0.0,0.0,0.0,0.0,180.0,0.0,0.0,0.0,0.0,171.0,8.0,0.0,0.0,0.0,0.0,0.0,177.0,0.0,0.0,0.0,0.0,0.0,0.0,177.0,0.0
191,SARDIN CAP AYAM (SOS TOMATO),425 g,BARANGAN BERBUNGKUS,IKAN DALAM TIN,0.0,0.0,0.0,0.0,0.0,0.0,174.0,0.0,0.0,0.0,0.0,163.0,8.0,0.0,0.0,0.0,0.0,0.0,171.0,0.0,0.0,0.0,0.0,0.0,0.0,172.0,0.0
192,SARDIN CAP KING CUP (SOS TOMATO),155 g,BARANGAN BERBUNGKUS,IKAN DALAM TIN,0.0,0.0,0.0,0.0,0.0,0.0,61.0,0.0,0.0,0.0,0.0,61.0,1.0,0.0,0.0,0.0,0.0,0.0,67.0,0.0,0.0,0.0,0.0,0.0,0.0,66.0,0.0
193,SARDIN CAP KING CUP (SOS TOMATO),425 g,BARANGAN BERBUNGKUS,IKAN DALAM TIN,0.0,0.0,0.0,0.0,0.0,0.0,68.0,0.0,0.0,0.0,0.0,72.0,1.0,0.0,0.0,0.0,0.0,0.0,72.0,0.0,0.0,0.0,0.0,0.0,0.0,71.0,0.0
195,MACKAREL CAP AYAM (SOS TOMATO),425 g,BARANGAN BERBUNGKUS,IKAN DALAM TIN,0.0,0.0,0.0,0.0,0.0,0.0,173.0,0.0,0.0,0.0,0.0,167.0,8.0,0.0,0.0,0.0,0.0,0.0,171.0,0.0,0.0,0.0,0.0,0.0,0.0,170.0,0.0
197,MACKAREL CAP KING CUP (SOS TOMATO),425 g,BARANGAN BERBUNGKUS,IKAN DALAM TIN,0.0,0.0,0.0,0.0,0.0,0.0,10.0,0.0,0.0,0.0,0.0,9.0,0.0,0.0,0.0,0.0,0.0,0.0,8.0,0.0,0.0,0.0,0.0,0.0,0.0,7.0,0.0
199,TUNA CAP TC BOY (SANDWICH DELITE),150 g,BARANGAN BERBUNGKUS,IKAN DALAM TIN,0.0,0.0,0.0,0.0,0.0,0.0,1.0,0.0,0.0,0.0,0.0,1.0,0.0,0.0,0.0,0.0,0.0,0.0,1.0,0.0,0.0,0.0,0.0,0.0,0.0,1.0,0.0
201,JEM STRAWBERI LADY'S CHOICE,400 g,BARANGAN BERBUNGKUS,SAPUAN (SPREADS),0.0,0.0,0.0,0.0,0.0,0.0,54.0,0.0,0.0,0.0,0.0,53.0,1.0,0.0,0.0,0.0,0.0,0.0,54.0,0.0,0.0,0.0,0.0,0.0,0.0,52.0,0.0
202,SERI KAYA YEO'S,480 g,BARANGAN BERBUNGKUS,SAPUAN (SPREADS),0.0,0.0,0.0,0.0,0.0,0.0,104.0,0.0,0.0,0.0,0.0,104.0,1.0,0.0,0.0,0.0,0.0,0.0,103.0,0.0,0.0,0.0,0.0,0.0,0.0,107.0,0.0
203,MAINLAND CHESDALE CHEDDAR CHEESE SPREAD 12 CHEDDAR,250 g,BARANGAN BERBUNGKUS,SAPUAN (SPREADS),0.0,0.0,0.0,0.0,0.0,0.0,27.0,0.0,0.0,0.0,0.0,24.0,2.0,0.0,0.0,0.0,0.0,0.0,26.0,0.0,0.0,0.0,0.0,0.0,0.0,26.0,0.0
205,MARJERIN DAISY,480 g,BARANGAN BERBUNGKUS,SAPUAN (SPREADS),0.0,0.0,0.0,0.0,0.0,0.0,88.0,0.0,0.0,0.0,0.0,83.0,4.0,0.0,0.0,0.0,0.0,0.0,89.0,0.0,0.0,0.0,0.0,0.0,0.0,89.0,0.0
206,MARJERIN PLANTA,480 g,BARANGAN BERBUNGKUS,SAPUAN (SPREADS),0.0,0.0,0.0,0.0,0.0,0.0,111.0,0.0,0.0,0.0,0.0,112.0,4.0,0.0,0.0,0.0,0.0,0.0,118.0,0.0,0.0,0.0,0.0,0.0,0.0,117.0,0.0
214,KICAP LEMAK MANIS CAP KIPAS UDANG,345ml,BARANGAN BERBUNGKUS,KICAP DAN SOS,0.0,0.0,0.0,0.0,0.0,0.0,180.0,0.0,0.0,0.0,0.0,171.0,7.0,0.0,0.0,0.0,0.0,0.0,180.0,0.0,0.0,0.0,0.0,0.0,0.0,179.0,0.0
215,KICAP LEMAK MANIS CAP JALEN,650 ml,BARANGAN BERBUNGKUS,KICAP DAN SOS,0.0,0.0,0.0,0.0,0.0,0.0,90.0,0.0,0.0,0.0,0.0,84.0,5.0,0.0,0.0,0.0,0.0,0.0,91.0,0.0,0.0,0.0,0.0,0.0,0.0,88.0,0.0
217,SOS TOMATO MAGGI,325 g,BARANGAN BERBUNGKUS,KICAP DAN SOS,0.0,0.0,0.0,0.0,0.0,0.0,157.0,0.0,0.0,0.0,0.0,152.0,3.0,0.0,0.0,0.0,0.0,0.0,154.0,0.0,0.0,0.0,0.0,0.0,0.0,150.0,0.0
218,SOS CILI LIFE,340 g,BARANGAN BERBUNGKUS,KICAP DAN SOS,0.0,0.0,0.0,0.0,0.0,0.0,120.0,0.0,0.0,0.0,0.0,113.0,4.0,0.0,0.0,0.0,0.0,0.0,116.0,0.0,0.0,0.0,0.0,0.0,0.0,114.0,0.0
221,DRINHO SOYA (KOTAK),250 ml,MINUMAN,TERSEDIA MINUM,0.0,0.0,0.0,0.0,0.0,0.0,0.0,0.0,0.0,0.0,0.0,0.0,0.0,0.0,0.0,0.0,0.0,0.0,0.0,0.0,0.0,0.0,0.0,0.0,0.0,35.0,0.0
224,SUSU SEGAR DUTCH LADY,1 liter,MINUMAN,TERSEDIA MINUM,0.0,0.0,0.0,0.0,0.0,0.0,0.0,0.0,0.0,0.0,0.0,0.0,0.0,0.0,0.0,0.0,0.0,0.0,0.0,0.0,0.0,0.0,0.0,0.0,0.0,15.0,0.0
225,SUSU MARIGOLD HL,1 liter,MINUMAN,TERSEDIA MINUM,0.0,0.0,0.0,0.0,0.0,0.0,0.0,0.0,0.0,0.0,0.0,0.0,0.0,0.0,0.0,0.0,0.0,0.0,0.0,0.0,0.0,0.0,0.0,0.0,0.0,27.0,0.0
226,YEO'S LAICI (KOTAK),250 ml,MINUMAN,TERSEDIA MINUM,0.0,0.0,0.0,0.0,0.0,0.0,0.0,0.0,0.0,0.0,0.0,0.0,0.0,0.0,0.0,0.0,0.0,0.0,0.0,0.0,0.0,0.0,0.0,0.0,0.0,49.0,0.0
228,COCA COLA (BOTOL),1.5 liter,MINUMAN,TERSEDIA MINUM,0.0,0.0,0.0,0.0,0.0,0.0,0.0,0.0,0.0,0.0,0.0,0.0,0.0,0.0,0.0,0.0,0.0,0.0,0.0,0.0,0.0,0.0,0.0,0.0,0.0,86.0,0.0
229,F&N OREN (TIN),325 ml,MINUMAN,TERSEDIA MINUM,0.0,0.0,0.0,0.0,0.0,0.0,0.0,0.0,0.0,0.0,0.0,0.0,0.0,0.0,0.0,0.0,0.0,0.0,0.0,0.0,0.0,0.0,0.0,0.0,0.0,45.0,0.0
230,F&N OREN (BOTOL),1.5 liter,MINUMAN,TERSEDIA MINUM,0.0,0.0,0.0,0.0,0.0,0.0,0.0,0.0,0.0,0.0,0.0,0.0,0.0,0.0,0.0,0.0,0.0,0.0,0.0,0.0,0.0,0.0,0.0,0.0,0.0,69.0,0.0
232,MIRINDA OREN (BOTOL),1.5 liter,MINUMAN,TERSEDIA MINUM,0.0,0.0,0.0,0.0,0.0,0.0,0.0,0.0,0.0,0.0,0.0,0.0,0.0,0.0,0.0,0.0,0.0,0.0,0.0,0.0,0.0,0.0,0.0,0.0,0.0,44.0,0.0
235,JUS OREN PEEL FRESH (MARIGOLD),1 liter,MINUMAN,TERSEDIA MINUM,0.0,0.0,0.0,0.0,0.0,0.0,0.0,0.0,0.0,0.0,0.0,0.0,0.0,0.0,0.0,0.0,0.0,0.0,0.0,0.0,0.0,0.0,0.0,0.0,0.0,43.0,0.0
236,JUS OREN SUNKIST,1 liter,MINUMAN,TERSEDIA MINUM,0.0,0.0,0.0,0.0,0.0,0.0,0.0,0.0,0.0,0.0,0.0,0.0,0.0,0.0,0.0,0.0,0.0,0.0,0.0,0.0,0.0,0.0,0.0,0.0,0.0,3.0,0.0
239,RED BULL (BOTOL),150 ml,MINUMAN,TERSEDIA MINUM,0.0,0.0,0.0,0.0,0.0,0.0,0.0,0.0,0.0,0.0,0.0,0.0,0.0,0.0,0.0,0.0,0.0,0.0,0.0,0.0,0.0,0.0,0.0,0.0,0.0,47.0,0.0
240,LIVITA WITH HONEY (BOTOL),150 ml,MINUMAN,TERSEDIA MINUM,0.0,0.0,0.0,0.0,0.0,0.0,0.0,0.0,0.0,0.0,0.0,0.0,0.0,0.0,0.0,0.0,0.0,0.0,0.0,0.0,0.0,0.0,0.0,0.0,0.0,25.0,0.0
246,MINYAK JAGUNG CAP MAZOLA,1kg,BARANGAN BERBUNGKUS,MINYAK DAN LEMAK,0.0,0.0,0.0,0.0,0.0,0.0,28.0,0.0,0.0,0.0,0.0,25.0,2.0,0.0,0.0,0.0,0.0,0.0,29.0,0.0,0.0,0.0,0.0,0.0,0.0,29.0,0.0
254,MINYAK MASAK SEBATIAN CAP HELANG,5 kg,BARANGAN BERBUNGKUS,MINYAK DAN LEMAK,0.0,0.0,0.0,0.0,0.0,0.0,45.0,0.0,0.0,0.0,0.0,45.0,1.0,0.0,1.0,1.0,1.0,1.0,50.0,1.0,1.0,1.0,1.0,1.0,1.0,48.0,1.0
257,MINYAK MASAK SEBATIAN CAP NEPTUNE,5 kg,BARANGAN BERBUNGKUS,MINYAK DAN LEMAK,0.0,0.0,0.0,0.0,0.0,0.0,11.0,0.0,0.0,0.0,0.0,12.0,0.0,0.0,0.0,0.0,0.0,0.0,12.0,0.0,0.0,0.0,0.0,0.0,0.0,11.0,0.0
260,MINYAK MASAK SEBATIAN CAP PISAU,5 kg,BARANGAN BERBUNGKUS,MINYAK DAN LEMAK,1.0,1.0,1.0,1.0,1.0,1.0,41.0,1.0,1.0,1.0,1.0,37.0,2.0,1.0,1.0,1.0,1.0,1.0,45.0,1.0,1.0,1.0,1.0,1.0,1.0,43.0,1.0
263,MINYAK MASAK TULEN CAP BURUH,5 kg,BARANGAN BERBUNGKUS,MINYAK DAN LEMAK,1.0,1.0,1.0,1.0,1.0,1.0,73.0,1.0,1.0,1.0,1.0,68.0,2.0,1.0,1.0,1.0,1.0,1.0,80.0,1.0,1.0,1.0,0.0,0.0,0.0,77.0,1.0
266,MINYAK MASAK TULEN CAP SERI MURNI,5 kg,BARANGAN BERBUNGKUS,MINYAK DAN LEMAK,1.0,1.0,1.0,1.0,1.0,1.0,106.0,1.0,1.0,0.0,0.0,97.0,5.0,1.0,1.0,1.0,1.0,1.0,105.0,1.0,1.0,1.0,1.0,1.0,1.0,107.0,1.0
267,MINYAK MASAK TULEN CAP VESAWIT,1kg,BARANGAN BERBUNGKUS,MINYAK DAN LEMAK,0.0,0.0,0.0,0.0,0.0,0.0,39.0,0.0,0.0,0.0,0.0,37.0,1.0,0.0,0.0,0.0,0.0,0.0,36.0,0.0,0.0,0.0,0.0,0.0,0.0,36.0,0.0
271,MINYAK SAPI CAP QBB,400 g,BARANGAN BERBUNGKUS,MINYAK DAN LEMAK,1.0,1.0,1.0,1.0,1.0,1.0,29.0,1.0,1.0,1.0,1.0,27.0,2.0,1.0,1.0,1.0,1.0,1.0,27.0,1.0,1.0,1.0,1.0,1.0,1.0,27.0,1.0
272,ROTI SANDWICH GARDENIA ORIGINAL CLASSIC,400 g,BARANGAN BERBUNGKUS,ROTI,0.0,0.0,0.0,0.0,0.0,0.0,157.0,0.0,0.0,0.0,0.0,147.0,10.0,0.0,0.0,0.0,0.0,0.0,154.0,0.0,0.0,0.0,0.0,0.0,0.0,154.0,0.0
292,UBAT GIGI COLGATE (PUDINA SEGAR),250 g,PRODUK KEBERSIHAN,PENJAGAAN DIRI,0.0,0.0,0.0,0.0,0.0,0.0,0.0,0.0,0.0,0.0,0.0,0.0,0.0,0.0,0.0,0.0,0.0,0.0,0.0,0.0,0.0,0.0,0.0,0.0,1.0,105.0,0.0
293,UBAT GIGI DARLIE DOUBLE ACTION (PUDINA ASLI),250 g,PRODUK KEBERSIHAN,PENJAGAAN DIRI,0.0,0.0,0.0,0.0,0.0,0.0,0.0,0.0,0.0,0.0,0.0,0.0,0.0,0.0,0.0,0.0,0.0,0.0,0.0,0.0,0.0,0.0,0.0,0.0,1.0,79.0,0.0
295,UBAT GIGI FRESH & WHITE (PUDINA SEGAR),160 g,PRODUK KEBERSIHAN,PENJAGAAN DIRI,0.0,0.0,0.0,0.0,0.0,0.0,0.0,0.0,0.0,0.0,0.0,0.0,0.0,0.0,0.0,0.0,0.0,0.0,0.0,0.0,0.0,0.0,0.0,0.0,0.0,52.0,0.0
299,LACTOGEN 1 RUMUSAN BAYI (KOTAK),650g,SUSU DAN BARANGAN BAYI,SUSU BAYI,0.0,0.0,0.0,0.0,0.0,0.0,99.0,0.0,0.0,0.0,0.0,100.0,1.0,0.0,0.0,0.0,0.0,0.0,100.0,0.0,0.0,0.0,0.0,0.0,0.0,101.0,0.0
300,LACTOGEN 2 RUMUSAN SUSULAN (KOTAK),650g,SUSU DAN BARANGAN BAYI,SUSU BAYI,0.0,0.0,0.0,0.0,0.0,0.0,102.0,0.0,0.0,0.0,0.0,103.0,1.0,0.0,0.0,0.0,0.0,0.0,101.0,0.0,0.0,0.0,0.0,0.0,0.0,104.0,0.0
320,SUSU SEJAT PENUH KRIM CAP IDEAL,390g,BARANGAN BERBUNGKUS,KRIMER DAN SUSU TEPUNG,0.0,0.0,0.0,0.0,0.0,0.0,29.0,0.0,0.0,0.0,0.0,27.0,2.0,0.0,0.0,0.0,0.0,0.0,28.0,0.0,0.0,0.0,0.0,0.0,0.0,28.0,0.0
327,SUSU TEPUNG ISIAN KURANG LEMAK 'OMEGA PLUS',1kg,BARANGAN BERBUNGKUS,KRIMER DAN SUSU TEPUNG,0.0,0.0,0.0,0.0,0.0,0.0,48.0,0.0,0.0,0.0,0.0,46.0,0.0,0.0,0.0,0.0,0.0,0.0,50.0,0.0,0.0,0.0,0.0,0.0,0.0,51.0,0.0
332,SUSU TEPUNG SEGERA FERNLEAF (INSTANT),550 g,BARANGAN BERBUNGKUS,KRIMER DAN SUSU TEPUNG,0.0,0.0,0.0,0.0,0.0,0.0,14.0,0.0,0.0,0.0,0.0,16.0,0.0,0.0,0.0,0.0,0.0,0.0,16.0,0.0,0.0,0.0,0.0,0.0,0.0,15.0,0.0
334,SUSU ANLENE ACTIFIT 3X PERISA ASLI,600 g,BARANGAN BERBUNGKUS,KRIMER DAN SUSU TEPUNG,0.0,0.0,0.0,0.0,0.0,0.0,103.0,0.0,0.0,0.0,0.0,101.0,5.0,0.0,0.0,0.0,0.0,0.0,111.0,0.0,0.0,0.0,0.0,0.0,0.0,106.0,0.0
335,SUSU ANLENE GOLD 5X,600 g,BARANGAN BERBUNGKUS,KRIMER DAN SUSU TEPUNG,0.0,0.0,0.0,0.0,0.0,0.0,125.0,0.0,0.0,0.0,0.0,121.0,5.0,0.0,0.0,0.0,0.0,0.0,125.0,0.0,0.0,0.0,0.0,0.0,0.0,126.0,0.0
336,ANMUM MATERNA (BIASA/COKLAT),650g,BARANGAN BERBUNGKUS,KRIMER DAN SUSU TEPUNG,0.0,0.0,0.0,0.0,0.0,0.0,33.0,0.0,0.0,0.0,0.0,33.0,0.0,0.0,0.0,0.0,0.0,0.0,34.0,0.0,0.0,0.0,0.0,0.0,0.0,35.0,0.0
343,KULIT KAYU MANIS,100 g,BARANGAN BERBUNGKUS,REMPAH RATUS (TIDAK BERBUNGKUS),0.0,0.0,0.0,0.0,0.0,0.0,27.0,0.0,0.0,0.0,0.0,26.0,1.0,0.0,0.0,0.0,0.0,0.0,27.0,0.0,0.0,0.0,0.0,0.0,0.0,28.0,0.0
344,SUSU TEPUNG SEGERA EVERYDAY,550 g,BARANGAN BERBUNGKUS,KRIMER DAN SUSU TEPUNG,0.0,0.0,0.0,0.0,0.0,0.0,99.0,0.0,0.0,0.0,0.0,94.0,3.0,0.0,0.0,0.0,0.0,0.0,82.0,0.0,0.0,0.0,0.0,0.0,0.0,69.0,0.0
345,SUSU TEPUNG ISIAN KURANG LEMAK 'OMEGA PLUS',600 g,BARANGAN BERBUNGKUS,KRIMER DAN SUSU TEPUNG,0.0,0.0,0.0,0.0,0.0,0.0,133.0,0.0,0.0,0.0,0.0,134.0,3.0,0.0,0.0,0.0,0.0,0.0,138.0,0.0,0.0,0.0,0.0,0.0,0.0,137.0,0.0
346,REMPAH KURMA (TIDAK BERBUNGKUS),100 g,BARANGAN BERBUNGKUS,REMPAH RATUS (TIDAK BERBUNGKUS),0.0,0.0,0.0,0.0,0.0,0.0,1.0,0.0,0.0,0.0,0.0,1.0,0.0,0.0,0.0,0.0,0.0,0.0,1.0,0.0,0.0,0.0,0.0,0.0,0.0,1.0,0.0
350,SERBUK KARI IKAN BABAS,250 g,BARANGAN BERBUNGKUS,REMPAH RATUS (BERBUNGKUS),0.0,0.0,0.0,0.0,0.0,0.0,188.0,0.0,0.0,0.0,0.0,182.0,6.0,0.0,0.0,0.0,0.0,0.0,183.0,0.0,0.0,0.0,0.0,0.0,0.0,188.0,0.0
360,SUP BUNJUT ADABI,8 g,BARANGAN BERBUNGKUS,REMPAH RATUS (BERBUNGKUS),0.0,0.0,0.0,0.0,0.0,0.0,198.0,0.0,0.0,0.0,0.0,196.0,6.0,0.0,0.0,0.0,0.0,0.0,202.0,0.0,0.0,0.0,0.0,0.0,0.0,201.0,0.0
361,SUP PUNJUT MAK SITI,10 g,BARANGAN BERBUNGKUS,REMPAH RATUS (BERBUNGKUS),0.0,0.0,0.0,0.0,0.0,0.0,12.0,0.0,0.0,0.0,0.0,12.0,0.0,0.0,0.0,0.0,0.0,0.0,12.0,0.0,0.0,0.0,0.0,0.0,0.0,13.0,0.0
364,SERBUK CILI BABAS,250 g,BARANGAN BERBUNGKUS,REMPAH RATUS (BERBUNGKUS),0.0,0.0,0.0,0.0,0.0,0.0,167.0,0.0,0.0,0.0,0.0,165.0,6.0,0.0,0.0,0.0,0.0,0.0,174.0,0.0,0.0,0.0,0.0,0.0,0.0,171.0,0.0
365,SERBUK KUNYIT CAMPURAN (SEBATIAN) ADABI,250 g,BARANGAN BERBUNGKUS,REMPAH RATUS (BERBUNGKUS),0.0,0.0,0.0,0.0,0.0,0.0,116.0,0.0,0.0,0.0,0.0,113.0,5.0,0.0,0.0,0.0,0.0,0.0,118.0,0.0,0.0,0.0,0.0,0.0,0.0,117.0,0.0
367,SERBUK KUNYIT BABAS,250 g,BARANGAN BERBUNGKUS,REMPAH RATUS (BERBUNGKUS),0.0,0.0,0.0,0.0,0.0,0.0,156.0,0.0,0.0,0.0,0.0,147.0,6.0,0.0,0.0,0.0,0.0,0.0,157.0,0.0,0.0,0.0,0.0,0.0,0.0,156.0,0.0
368,KACANG TANAH (IMPORT),1kg,BARANGAN KERING,KACANG,1.0,1.0,1.0,1.0,1.0,1.0,143.0,1.0,1.0,1.0,1.0,137.0,8.0,1.0,1.0,1.0,1.0,1.0,141.0,1.0,1.0,1.0,1.0,1.0,1.0,144.0,1.0
388,KRIMER MANIS CAP JUNJUNG,500 g,BARANGAN BERBUNGKUS,KRIMER DAN SUSU TEPUNG,0.0,0.0,0.0,0.0,0.0,0.0,46.0,0.0,0.0,0.0,0.0,45.0,0.0,0.0,0.0,0.0,0.0,0.0,46.0,0.0,0.0,0.0,0.0,0.0,0.0,48.0,0.0
716,CILI API/PADI HIJAU,1kg,BARANGAN SEGAR,SAYUR-SAYURAN,0.0,0.0,0.0,0.0,0.0,0.0,11.0,0.0,0.0,0.0,0.0,11.0,1.0,0.0,0.0,0.0,0.0,0.0,11.0,0.0,0.0,0.0,0.0,0.0,0.0,11.0,0.0
843,ANMUM LACTA (BIASA),650g,BARANGAN BERBUNGKUS,KRIMER DAN SUSU TEPUNG,0.0,0.0,0.0,0.0,0.0,0.0,18.0,0.0,0.0,0.0,0.0,18.0,0.0,0.0,0.0,0.0,0.0,0.0,19.0,0.0,0.0,0.0,0.0,0.0,0.0,19.0,0.0
845,SOTONG (≥ 6 EKOR SEKILOGRAM),1kg,BARANGAN SEGAR,BAHAN LAUT,0.0,0.0,0.0,1.0,0.0,0.0,22.0,0.0,0.0,0.0,0.0,19.0,1.0,1.0,1.0,1.0,0.0,0.0,21.0,0.0,0.0,0.0,0.0,0.0,0.0,21.0,0.0
847,KETAM RENJONG/BUNGA (ANTARA 5 HINGGA 8 EKOR SEKILOGRAM),1kg,BARANGAN SEGAR,BAHAN LAUT,0.0,0.0,0.0,0.0,0.0,0.0,8.0,0.0,0.0,0.0,0.0,5.0,1.0,0.0,0.0,0.0,0.0,0.0,7.0,0.0,0.0,0.0,0.0,0.0,0.0,6.0,0.0
849,UDANG PUTIH KECIL (b	% 61 EKOR SEKILOGRAM),1kg,BARANGAN SEGAR,BAHAN LAUT,0.0,0.0,0.0,0.0,0.0,0.0,5.0,0.0,0.0,0.0,0.0,4.0,1.0,0.0,0.0,0.0,0.0,0.0,5.0,0.0,0.0,0.0,0.0,0.0,0.0,5.0,0.0
850,UDANG HARIMAU (ANTARA 20 HINGGA 30 EKOR SEKILOGRAM),1kg,BARANGAN SEGAR,BAHAN LAUT,0.0,0.0,0.0,0.0,0.0,0.0,1.0,0.0,0.0,0.0,0.0,1.0,0.0,0.0,0.0,0.0,0.0,0.0,2.0,0.0,0.0,0.0,0.0,0.0,0.0,1.0,0.0
861,UBI KENTANG HOLLAND,1kg,BARANGAN KERING,UBI KENTANG,0.0,0.0,0.0,0.0,0.0,0.0,20.0,0.0,0.0,0.0,0.0,16.0,4.0,0.0,0.0,0.0,0.0,0.0,20.0,0.0,0.0,0.0,0.0,0.0,0.0,20.0,0.0
863,JINTAN MANIS (KASAR),100 g,BARANGAN BERBUNGKUS,REMPAH RATUS (TIDAK BERBUNGKUS),0.0,0.0,0.0,0.0,0.0,0.0,24.0,0.0,0.0,0.0,0.0,21.0,2.0,0.0,0.0,0.0,0.0,0.0,20.0,0.0,0.0,0.0,0.0,0.0,0.0,21.0,0.0
864,BUNGA CENGKIH,100 g,BARANGAN BERBUNGKUS,REMPAH RATUS (TIDAK BERBUNGKUS),0.0,0.0,0.0,0.0,0.0,0.0,26.0,0.0,0.0,0.0,0.0,23.0,3.0,0.0,0.0,0.0,0.0,0.0,22.0,0.0,0.0,0.0,0.0,0.0,0.0,23.0,0.0
865,BUNGA LAWANG,100 g,BARANGAN BERBUNGKUS,REMPAH RATUS (TIDAK BERBUNGKUS),0.0,0.0,0.0,0.0,0.0,0.0,25.0,0.0,0.0,0.0,0.0,22.0,2.0,0.0,0.0,0.0,0.0,0.0,24.0,0.0,0.0,0.0,0.0,0.0,0.0,25.0,0.0
866,BUAH PELAGA,100 g,BARANGAN BERBUNGKUS,REMPAH RATUS (TIDAK BERBUNGKUS),0.0,0.0,0.0,0.0,0.0,0.0,17.0,0.0,0.0,0.0,0.0,14.0,1.0,0.0,0.0,0.0,0.0,0.0,14.0,0.0,0.0,0.0,0.0,0.0,0.0,14.0,0.0
867,BUAH KERAS,100 g,BARANGAN BERBUNGKUS,REMPAH RATUS (TIDAK BERBUNGKUS),0.0,0.0,0.0,0.0,0.0,0.0,13.0,0.0,0.0,0.0,0.0,11.0,1.0,0.0,0.0,0.0,0.0,0.0,11.0,0.0,0.0,0.0,0.0,0.0,0.0,12.0,0.0
868,BUAH PALA,100 g,BARANGAN BERBUNGKUS,REMPAH RATUS (TIDAK BERBUNGKUS),0.0,0.0,0.0,0.0,0.0,0.0,3.0,0.0,0.0,0.0,0.0,3.0,0.0,0.0,0.0,0.0,0.0,0.0,3.0,0.0,0.0,0.0,0.0,0.0,0.0,3.0,0.0
869,BIJI SAWI,100 g,BARANGAN BERBUNGKUS,REMPAH RATUS (TIDAK BERBUNGKUS),0.0,0.0,0.0,0.0,0.0,0.0,15.0,0.0,0.0,0.0,0.0,13.0,2.0,0.0,0.0,0.0,0.0,0.0,14.0,0.0,0.0,0.0,0.0,0.0,0.0,14.0,0.0
870,BIJI KETUMBAR,100 g,BARANGAN BERBUNGKUS,REMPAH RATUS (TIDAK BERBUNGKUS),0.0,0.0,0.0,0.0,0.0,0.0,30.0,0.0,0.0,0.0,0.0,28.0,2.0,0.0,0.0,0.0,0.0,0.0,26.0,0.0,0.0,0.0,0.0,0.0,0.0,27.0,0.0
871,LADA HITAM,100 g,BARANGAN BERBUNGKUS,REMPAH RATUS (TIDAK BERBUNGKUS),0.0,0.0,0.0,0.0,0.0,0.0,23.0,0.0,0.0,0.0,0.0,23.0,1.0,0.0,0.0,0.0,0.0,0.0,24.0,0.0,0.0,0.0,0.0,0.0,0.0,25.0,0.0
873,LADA PUTIH,100 g,BARANGAN BERBUNGKUS,REMPAH RATUS (TIDAK BERBUNGKUS),0.0,0.0,0.0,0.0,0.0,0.0,13.0,0.0,0.0,0.0,0.0,12.0,2.0,0.0,0.0,0.0,0.0,0.0,12.0,0.0,0.0,0.0,0.0,0.0,0.0,13.0,0.0
883,KRIMER MANIS BERVITAMIN CAP F&N,500 g,BARANGAN BERBUNGKUS,KRIMER DAN SUSU TEPUNG,0.0,0.0,0.0,0.0,0.0,0.0,104.0,0.0,0.0,0.0,0.0,101.0,6.0,0.0,0.0,0.0,0.0,0.0,107.0,0.0,0.0,0.0,0.0,0.0,0.0,106.0,0.0
884,KRIMER MANIS CAP GOLD COIN,500 g,BARANGAN BERBUNGKUS,KRIMER DAN SUSU TEPUNG,0.0,0.0,0.0,0.0,0.0,0.0,88.0,0.0,0.0,0.0,0.0,88.0,2.0,0.0,0.0,0.0,0.0,0.0,88.0,0.0,0.0,0.0,0.0,0.0,0.0,88.0,0.0
896,HALBA,100 g,BARANGAN BERBUNGKUS,REMPAH RATUS (TIDAK BERBUNGKUS),0.0,0.0,0.0,0.0,0.0,0.0,25.0,0.0,0.0,0.0,0.0,22.0,2.0,0.0,0.0,0.0,0.0,0.0,23.0,0.0,0.0,0.0,0.0,0.0,0.0,25.0,0.0
904,BERAS SUPER CAP RAMBUTAN 5% (IMPORT),10 kg,BARANGAN BERBUNGKUS,BERAS,0.0,0.0,0.0,0.0,0.0,0.0,17.0,0.0,0.0,0.0,0.0,15.0,1.0,0.0,0.0,0.0,0.0,0.0,17.0,0.0,0.0,0.0,0.0,0.0,0.0,15.0,0.0
910,KORDIAL F&N (SIRAP ROS),2 liter,MINUMAN,BAHAN-BAHAN MINUMAN,0.0,0.0,0.0,0.0,0.0,0.0,0.0,0.0,0.0,0.0,0.0,0.0,0.0,0.0,0.0,0.0,0.0,0.0,0.0,0.0,0.0,0.0,0.0,0.0,0.0,47.0,0.0
917,"TEPUNG GANDUM NGP (BERBUNGKUS, CAP SAUH)",1kg,BARANGAN BERBUNGKUS,TEPUNG,0.0,0.0,0.0,0.0,0.0,0.0,147.0,0.0,0.0,0.0,0.0,138.0,8.0,0.0,0.0,0.0,0.0,0.0,146.0,0.0,0.0,0.0,0.0,0.0,0.0,143.0,0.0
918,MINYAK MASAK PAKET (PELBAGAI JENAMA),1kg,BARANGAN BERBUNGKUS,MINYAK DAN LEMAK,1.0,0.0,0.0,1.0,0.0,1.0,112.0,1.0,0.0,1.0,1.0,110.0,4.0,1.0,1.0,0.0,0.0,0.0,111.0,0.0,1.0,1.0,1.0,1.0,0.0,109.0,1.0
919,SUSU TEPUNG PENUH KRIM DUTCHLADY,600 g,BARANGAN BERBUNGKUS,KRIMER DAN SUSU TEPUNG,0.0,0.0,0.0,0.0,0.0,0.0,32.0,0.0,0.0,0.0,0.0,29.0,0.0,0.0,0.0,0.0,0.0,0.0,27.0,0.0,0.0,0.0,0.0,0.0,0.0,24.0,0.0
929,NESCAFE CLASSIC (PAKET),200 g,MINUMAN,BAHAN-BAHAN MINUMAN,0.0,0.0,0.0,0.0,0.0,0.0,0.0,0.0,0.0,0.0,0.0,0.0,0.0,0.0,0.0,0.0,0.0,0.0,0.0,0.0,0.0,0.0,0.0,0.0,0.0,132.0,0.0
957,SOS CILI KIMBALL,340 g,BARANGAN BERBUNGKUS,KICAP DAN SOS,0.0,0.0,0.0,0.0,0.0,0.0,141.0,0.0,0.0,0.0,0.0,140.0,5.0,0.0,0.0,0.0,0.0,0.0,147.0,0.0,0.0,0.0,0.0,0.0,0.0,149.0,0.0
992,BERAS CAP JATI (SST5%),10 kg,BARANGAN BERBUNGKUS,BERAS,0.0,0.0,0.0,0.0,0.0,0.0,2.0,0.0,0.0,0.0,0.0,2.0,0.0,0.0,0.0,0.0,0.0,0.0,1.0,0.0,0.0,0.0,0.0,0.0,0.0,1.0,0.0
1070,SOS CILI MAGGI,340 g,BARANGAN BERBUNGKUS,KICAP DAN SOS,0.0,0.0,0.0,0.0,0.0,0.0,179.0,0.0,0.0,0.0,0.0,173.0,6.0,0.0,0.0,0.0,0.0,0.0,180.0,0.0,0.0,0.0,0.0,0.0,0.0,180.0,0.0
1080,SERBUK PENAIK ROYAL (TIN),226g,BARANGAN BERBUNGKUS,ESEN DAN RAGI,0.0,0.0,0.0,0.0,0.0,0.0,1.0,0.0,0.0,0.0,0.0,0.0,0.0,0.0,0.0,0.0,0.0,0.0,0.0,0.0,0.0,0.0,0.0,0.0,0.0,0.0,0.0
1081,MACKAREL CAP KING CUP (SOS TOMATO),155 g,BARANGAN BERBUNGKUS,IKAN DALAM TIN,0.0,0.0,0.0,0.0,0.0,0.0,6.0,0.0,0.0,0.0,0.0,6.0,0.0,0.0,0.0,0.0,0.0,0.0,7.0,0.0,0.0,0.0,0.0,0.0,0.0,6.0,0.0
1082,MACKAREL CAP AYAM (SOS TOMATO),155 g,BARANGAN BERBUNGKUS,IKAN DALAM TIN,0.0,0.0,0.0,0.0,0.0,0.0,159.0,0.0,0.0,0.0,0.0,153.0,5.0,0.0,0.0,0.0,0.0,0.0,161.0,0.0,0.0,0.0,0.0,0.0,0.0,157.0,0.0
1084,TEH BOH (SERBUK),500 g,MINUMAN,BAHAN-BAHAN MINUMAN,0.0,0.0,0.0,0.0,0.0,0.0,0.0,0.0,0.0,0.0,0.0,0.0,0.0,0.0,0.0,0.0,0.0,0.0,0.0,0.0,0.0,0.0,0.0,0.0,0.0,96.0,0.0
1086,MINYAK JAGUNG CAP DAISY,1kg,BARANGAN BERBUNGKUS,MINYAK DAN LEMAK,1.0,1.0,1.0,1.0,1.0,1.0,84.0,1.0,1.0,1.0,1.0,81.0,6.0,1.0,1.0,1.0,1.0,1.0,87.0,1.0,1.0,1.0,1.0,1.0,1.0,82.0,1.0
1087,MINYAK JAGUNG CAP DAISY,3 kg,BARANGAN BERBUNGKUS,MINYAK DAN LEMAK,0.0,0.0,0.0,0.0,0.0,0.0,32.0,0.0,0.0,0.0,0.0,31.0,0.0,0.0,0.0,0.0,0.0,0.0,30.0,0.0,0.0,0.0,0.0,0.0,0.0,30.0,0.0
1088,MINYAK JAGUNG CAP MAZOLA,3 kg,BARANGAN BERBUNGKUS,MINYAK DAN LEMAK,0.0,0.0,0.0,0.0,0.0,0.0,2.0,0.0,0.0,0.0,0.0,1.0,0.0,0.0,0.0,0.0,0.0,0.0,2.0,0.0,0.0,0.0,0.0,0.0,0.0,2.0,0.0
1089,MINYAK JAGUNG CAP VECORN,3 kg,BARANGAN BERBUNGKUS,MINYAK DAN LEMAK,0.0,0.0,0.0,0.0,0.0,0.0,15.0,0.0,0.0,0.0,0.0,14.0,0.0,0.0,0.0,0.0,0.0,0.0,14.0,0.0,0.0,0.0,0.0,0.0,0.0,14.0,0.0
1090,MINYAK JAGUNG CAP VECORN,1kg,BARANGAN BERBUNGKUS,MINYAK DAN LEMAK,1.0,1.0,1.0,1.0,1.0,1.0,52.0,1.0,1.0,1.0,1.0,51.0,2.0,1.0,1.0,1.0,1.0,1.0,50.0,1.0,1.0,1.0,1.0,1.0,1.0,47.0,1.0
1091,MINYAK MASAK SEBATIAN CAP HELANG,1kg,BARANGAN BERBUNGKUS,MINYAK DAN LEMAK,0.0,0.0,0.0,0.0,0.0,0.0,27.0,0.0,0.0,0.0,0.0,29.0,0.0,0.0,0.0,0.0,0.0,0.0,31.0,0.0,0.0,0.0,0.0,0.0,0.0,28.0,0.0
1092,MINYAK MASAK SEBATIAN CAP NEPTUNE,1kg,BARANGAN BERBUNGKUS,MINYAK DAN LEMAK,0.0,0.0,0.0,0.0,0.0,0.0,4.0,0.0,0.0,0.0,0.0,4.0,0.0,0.0,0.0,0.0,0.0,0.0,4.0,0.0,0.0,0.0,0.0,0.0,0.0,4.0,0.0
1093,MINYAK MASAK SEBATIAN CAP PISAU,1kg,BARANGAN BERBUNGKUS,MINYAK DAN LEMAK,0.0,0.0,0.0,0.0,0.0,0.0,33.0,0.0,0.0,0.0,0.0,29.0,2.0,0.0,0.0,0.0,0.0,0.0,32.0,0.0,0.0,0.0,0.0,0.0,0.0,32.0,0.0
1094,MINYAK MASAK TULEN CAP BURUH,1kg,BARANGAN BERBUNGKUS,MINYAK DAN LEMAK,1.0,1.0,1.0,1.0,1.0,1.0,47.0,1.0,1.0,1.0,1.0,42.0,2.0,0.0,1.0,1.0,1.0,1.0,46.0,1.0,1.0,1.0,1.0,1.0,1.0,47.0,1.0
1095,MINYAK MASAK TULEN CAP VESAWIT,5 kg,BARANGAN BERBUNGKUS,MINYAK DAN LEMAK,0.0,0.0,0.0,0.0,0.0,0.0,60.0,0.0,0.0,0.0,0.0,61.0,0.0,0.0,0.0,0.0,0.0,0.0,63.0,0.0,0.0,0.0,0.0,0.0,0.0,68.0,0.0
1097,SOS CILI MAGGI,500 g,BARANGAN BERBUNGKUS,KICAP DAN SOS,0.0,0.0,0.0,0.0,0.0,0.0,179.0,0.0,0.0,0.0,0.0,168.0,7.0,0.0,0.0,0.0,0.0,0.0,175.0,0.0,0.0,0.0,0.0,0.0,0.0,184.0,0.0
1100,MINYAK MASAK TULEN CAP SERI MURNI,1kg,BARANGAN BERBUNGKUS,MINYAK DAN LEMAK,1.0,1.0,1.0,1.0,1.0,1.0,17.0,1.0,1.0,1.0,1.0,13.0,3.0,1.0,1.0,1.0,1.0,1.0,18.0,1.0,1.0,1.0,1.0,1.0,1.0,18.0,1.0
1101,MINYAK MASAK TULEN CAP SERI MURNI,2 kg,BARANGAN BERBUNGKUS,MINYAK DAN LEMAK,0.0,0.0,0.0,0.0,0.0,1.0,103.0,0.0,0.0,0.0,0.0,95.0,2.0,0.0,0.0,0.0,0.0,0.0,100.0,0.0,0.0,0.0,0.0,0.0,0.0,100.0,0.0
1105,SUSU ANLENE ACTIFIT 3X COKLAT,600 g,BARANGAN BERBUNGKUS,KRIMER DAN SUSU TEPUNG,0.0,0.0,0.0,0.0,0.0,0.0,73.0,0.0,0.0,0.0,0.0,71.0,1.0,0.0,0.0,0.0,0.0,0.0,67.0,0.0,0.0,0.0,0.0,0.0,0.0,70.0,0.0
1109,TELUR AYAM GRED A,30 biji,BARANGAN SEGAR,TELUR,0.0,0.0,0.0,0.0,0.0,0.0,14.0,0.0,0.0,0.0,0.0,13.0,0.0,0.0,0.0,0.0,0.0,0.0,17.0,1.0,0.0,0.0,0.0,0.0,0.0,23.0,0.0
1110,TELUR AYAM GRED B,30 biji,BARANGAN SEGAR,TELUR,0.0,0.0,0.0,0.0,0.0,1.0,62.0,0.0,0.0,0.0,0.0,57.0,4.0,0.0,0.0,0.0,0.0,0.0,60.0,1.0,0.0,0.0,0.0,0.0,0.0,56.0,0.0
1111,TELUR AYAM GRED C,30 biji,BARANGAN SEGAR,TELUR,0.0,0.0,0.0,0.0,0.0,0.0,46.0,0.0,0.0,0.0,0.0,40.0,3.0,0.0,0.0,0.0,0.0,0.0,48.0,1.0,0.0,0.0,0.0,0.0,0.0,49.0,0.0
1114,SOS TIRAM KIMBALL,510 g,BARANGAN BERBUNGKUS,KICAP DAN SOS,0.0,0.0,0.0,0.0,0.0,0.0,108.0,0.0,0.0,0.0,0.0,103.0,4.0,0.0,0.0,0.0,0.0,0.0,110.0,0.0,0.0,0.0,0.0,0.0,0.0,110.0,0.0
1115,KICAP LEMAK MASIN CAP KIPAS UDANG,345ml,BARANGAN BERBUNGKUS,KICAP DAN SOS,0.0,0.0,0.0,0.0,0.0,0.0,86.0,0.0,0.0,0.0,0.0,82.0,6.0,0.0,0.0,0.0,0.0,0.0,88.0,0.0,0.0,0.0,0.0,0.0,0.0,85.0,0.0
1116,SOS TIRAM NONA,510 g,BARANGAN BERBUNGKUS,KICAP DAN SOS,0.0,0.0,0.0,0.0,0.0,0.0,54.0,0.0,0.0,0.0,0.0,53.0,2.0,0.0,0.0,0.0,0.0,0.0,52.0,0.0,0.0,0.0,0.0,0.0,0.0,54.0,0.0
1117,SOS TIRAM ADABI,510 g,BARANGAN BERBUNGKUS,KICAP DAN SOS,0.0,0.0,0.0,0.0,0.0,0.0,40.0,0.0,0.0,0.0,0.0,38.0,3.0,0.0,0.0,0.0,0.0,0.0,44.0,0.0,0.0,0.0,0.0,0.0,0.0,40.0,0.0
1125,SERBUK CILI KIJANG,250 g,BARANGAN BERBUNGKUS,REMPAH RATUS (BERBUNGKUS),0.0,0.0,0.0,0.0,0.0,0.0,3.0,0.0,0.0,0.0,0.0,3.0,0.0,0.0,0.0,0.0,0.0,0.0,4.0,0.0,0.0,0.0,0.0,0.0,0.0,3.0,0.0
1128,LADA BENGGALA HIJAU (CAPSICUM),1kg,BARANGAN SEGAR,SAYUR-SAYURAN,0.0,0.0,0.0,0.0,0.0,0.0,25.0,0.0,0.0,0.0,0.0,24.0,1.0,0.0,0.0,0.0,0.0,0.0,23.0,0.0,0.0,0.0,0.0,0.0,0.0,22.0,0.0
1129,LADA BENGGALA MERAH (CAPSICUM),1kg,BARANGAN SEGAR,SAYUR-SAYURAN,0.0,0.0,0.0,0.0,0.0,0.0,13.0,0.0,0.0,0.0,0.0,16.0,1.0,0.0,0.0,0.0,0.0,0.0,15.0,0.0,0.0,0.0,0.0,0.0,0.0,15.0,0.0
1130,LADA BENGGALA KUNING (CAPSICUM),1kg,BARANGAN SEGAR,SAYUR-SAYURAN,0.0,0.0,0.0,0.0,0.0,0.0,12.0,0.0,0.0,0.0,0.0,13.0,0.0,0.0,0.0,0.0,0.0,0.0,13.0,0.0,0.0,0.0,0.0,0.0,0.0,12.0,0.0
1131,UBI KENTANG IMPORT (CHINA),1kg,BARANGAN KERING,UBI KENTANG,1.0,1.0,1.0,1.0,1.0,1.0,121.0,1.0,1.0,1.0,1.0,117.0,5.0,1.0,1.0,1.0,1.0,1.0,122.0,1.0,1.0,1.0,1.0,1.0,1.0,123.0,1.0
1132,LIMAU NIPIS,1kg,BARANGAN SEGAR,BUAH-BUAHAN,1.0,1.0,1.0,1.0,1.0,1.0,65.0,0.0,0.0,1.0,1.0,65.0,2.0,0.0,1.0,1.0,1.0,1.0,68.0,0.0,0.0,1.0,1.0,1.0,1.0,69.0,1.0
1135,KICAP MANIS ADABI,340ml,BARANGAN BERBUNGKUS,KICAP DAN SOS,0.0,0.0,0.0,0.0,0.0,0.0,126.0,0.0,0.0,0.0,0.0,125.0,2.0,0.0,0.0,0.0,0.0,0.0,123.0,0.0,0.0,0.0,0.0,0.0,0.0,124.0,0.0
1136,KICAP MASIN ADABI,340ml,BARANGAN BERBUNGKUS,KICAP DAN SOS,0.0,0.0,0.0,0.0,0.0,0.0,95.0,0.0,0.0,0.0,0.0,93.0,2.0,0.0,0.0,0.0,0.0,0.0,96.0,0.0,0.0,0.0,0.0,0.0,0.0,90.0,0.0
1137,SOS CILI THAI LIFE,360g,BARANGAN BERBUNGKUS,KICAP DAN SOS,0.0,0.0,0.0,0.0,0.0,0.0,107.0,0.0,0.0,0.0,0.0,105.0,1.0,0.0,0.0,0.0,0.0,0.0,104.0,0.0,0.0,0.0,0.0,0.0,0.0,101.0,0.0
1138,SOS TIRAM MAGGI,340 g,BARANGAN BERBUNGKUS,KICAP DAN SOS,0.0,0.0,0.0,0.0,0.0,0.0,132.0,0.0,0.0,0.0,0.0,130.0,7.0,0.0,0.0,0.0,0.0,0.0,134.0,0.0,0.0,0.0,0.0,0.0,0.0,129.0,0.0
1139,SOS TOMATO LIFE,330 g,BARANGAN BERBUNGKUS,KICAP DAN SOS,0.0,0.0,0.0,0.0,0.0,0.0,82.0,0.0,0.0,0.0,0.0,80.0,2.0,0.0,0.0,0.0,0.0,0.0,87.0,0.0,0.0,0.0,0.0,0.0,0.0,84.0,0.0
1140,MARJERIN PLANTA,240 g,BARANGAN BERBUNGKUS,SAPUAN (SPREADS),0.0,0.0,0.0,0.0,0.0,0.0,157.0,0.0,0.0,0.0,0.0,162.0,5.0,0.0,0.0,0.0,0.0,0.0,164.0,0.0,0.0,0.0,0.0,0.0,0.0,169.0,0.0
1141,MARJERIN DAISY,240 g,BARANGAN BERBUNGKUS,SAPUAN (SPREADS),0.0,0.0,0.0,0.0,0.0,0.0,107.0,0.0,0.0,0.0,0.0,103.0,4.0,0.0,0.0,0.0,0.0,0.0,108.0,0.0,0.0,0.0,0.0,0.0,0.0,111.0,0.0
1142,SARDIN CAP ADABI (SOS TOMATO DENGAN CILI),425 g,BARANGAN BERBUNGKUS,IKAN DALAM TIN,0.0,0.0,0.0,0.0,0.0,0.0,96.0,0.0,0.0,0.0,0.0,92.0,4.0,0.0,0.0,0.0,0.0,0.0,92.0,0.0,0.0,0.0,0.0,0.0,0.0,94.0,0.0
1144,MENTEGA KACANG HALUS LADY'S CHOICE,340 g,BARANGAN BERBUNGKUS,SAPUAN (SPREADS),0.0,0.0,0.0,0.0,0.0,0.0,77.0,0.0,0.0,0.0,0.0,72.0,3.0,0.0,0.0,0.0,0.0,0.0,71.0,0.0,0.0,0.0,0.0,0.0,0.0,69.0,0.0
1145,NESTLE CERELAC BERAS - TIN,500 g,SUSU DAN BARANGAN BAYI,MAKANAN BAYI,0.0,0.0,0.0,0.0,0.0,0.0,88.0,0.0,0.0,0.0,0.0,92.0,0.0,0.0,0.0,0.0,0.0,0.0,92.0,0.0,0.0,0.0,0.0,0.0,0.0,89.0,0.0
1151,SANTAN KELAPA JENAMA AYAM BRAND,1 liter,BARANGAN BERBUNGKUS,SANTAN (KOTAK),0.0,0.0,0.0,0.0,0.0,0.0,144.0,0.0,0.0,0.0,0.0,141.0,3.0,0.0,0.0,0.0,0.0,0.0,142.0,0.0,0.0,0.0,0.0,0.0,0.0,148.0,0.0
1153,PERENCAH TOM YAM ADABI,40 g,BARANGAN BERBUNGKUS,REMPAH RATUS (BERBUNGKUS),0.0,0.0,0.0,0.0,0.0,0.0,148.0,0.0,0.0,0.0,0.0,142.0,4.0,0.0,0.0,0.0,0.0,0.0,145.0,0.0,0.0,0.0,0.0,0.0,0.0,150.0,0.0
1355,100 PLUS (ORIGINAL),1.5 liter,MINUMAN,TERSEDIA MINUM,0.0,0.0,0.0,0.0,0.0,0.0,0.0,0.0,0.0,0.0,0.0,0.0,0.0,0.0,0.0,0.0,0.0,0.0,0.0,0.0,0.0,0.0,0.0,0.0,0.0,97.0,0.0
1373,DAGING LEMBU IMPORT (KNUCKLE),1kg,BARANGAN SEGAR,DAGING,0.0,0.0,0.0,0.0,0.0,0.0,1.0,0.0,0.0,0.0,0.0,1.0,0.0,0.0,0.0,0.0,0.0,0.0,1.0,0.0,0.0,0.0,0.0,0.0,0.0,0.0,0.0
1375,DAGING KERBAU IMPORT (INDIA) * (SILVERSIDE),1kg,BARANGAN SEGAR,DAGING,1.0,1.0,1.0,1.0,1.0,1.0,2.0,1.0,1.0,1.0,0.0,1.0,0.0,1.0,1.0,1.0,1.0,1.0,2.0,1.0,1.0,1.0,1.0,1.0,1.0,2.0,1.0
1377,DAGING KERBAU IMPORT (INDIA) * (BLADE),1kg,BARANGAN SEGAR,DAGING,0.0,0.0,0.0,0.0,0.0,0.0,2.0,0.0,0.0,0.0,0.0,2.0,0.0,0.0,0.0,0.0,0.0,0.0,2.0,0.0,0.0,0.0,0.0,0.0,0.0,2.0,0.0
1378,DAGING KERBAU IMPORT (INDIA) * (CHUCK),1kg,BARANGAN SEGAR,DAGING,0.0,0.0,0.0,0.0,0.0,0.0,1.0,0.0,0.0,0.0,0.0,1.0,0.0,0.0,0.0,0.0,0.0,0.0,2.0,0.0,0.0,0.0,0.0,0.0,0.0,2.0,0.0
1396,KUBIS BULAT IMPORT (INDONESIA),1kg,BARANGAN SEGAR,SAYUR-SAYURAN,0.0,0.0,0.0,0.0,0.0,0.0,2.0,0.0,0.0,0.0,0.0,2.0,0.0,0.0,0.0,0.0,0.0,0.0,2.0,0.0,0.0,0.0,0.0,0.0,0.0,2.0,0.0
1399,BAWANG PERAI (LEEK) TEMPATAN,1kg,BARANGAN SEGAR,SAYUR-SAYURAN,0.0,0.0,0.0,0.0,0.0,0.0,1.0,0.0,0.0,0.0,0.0,1.0,0.0,0.0,0.0,0.0,0.0,0.0,2.0,0.0,0.0,0.0,0.0,0.0,0.0,2.0,0.0
1400,BAWANG PERAI (LEEK) IMPORT,1kg,BARANGAN SEGAR,SAYUR-SAYURAN,0.0,0.0,0.0,0.0,0.0,0.0,2.0,0.0,0.0,0.0,0.0,4.0,0.0,0.0,0.0,0.0,0.0,0.0,4.0,0.0,0.0,0.0,0.0,0.0,0.0,4.0,0.0
1402,HORLICKS (PAKET),400 g,MINUMAN,BAHAN-BAHAN MINUMAN,0.0,0.0,0.0,0.0,0.0,0.0,0.0,0.0,0.0,0.0,0.0,0.0,0.0,0.0,0.0,0.0,0.0,0.0,0.0,0.0,0.0,0.0,0.0,0.0,0.0,112.0,0.0
1412,KUBIS PANJANG CHINA - BESAR,1kg,BARANGAN SEGAR,SAYUR-SAYURAN,0.0,0.0,0.0,0.0,0.0,0.0,14.0,0.0,0.0,0.0,0.0,14.0,0.0,0.0,0.0,0.0,0.0,0.0,17.0,0.0,0.0,0.0,0.0,0.0,0.0,16.0,0.0
1419,KACANG DAL BIASA (INDIA),1kg,BARANGAN KERING,KACANG,0.0,0.0,0.0,0.0,0.0,0.0,10.0,0.0,0.0,0.0,0.0,10.0,0.0,0.0,0.0,0.0,0.0,0.0,11.0,0.0,0.0,0.0,0.0,0.0,0.0,12.0,0.0
1420,KACANG DAL MALAVI (INDIA),1kg,BARANGAN KERING,KACANG,0.0,0.0,0.0,0.0,0.0,0.0,8.0,0.0,0.0,0.0,0.0,6.0,2.0,0.0,0.0,0.0,0.0,0.0,8.0,0.0,0.0,0.0,0.0,0.0,0.0,8.0,0.0
1422,KACANG DAL (AUSTRALIA),1kg,BARANGAN KERING,KACANG,0.0,0.0,0.0,0.0,0.0,0.0,71.0,1.0,1.0,1.0,1.0,72.0,4.0,1.0,1.0,1.0,1.0,1.0,73.0,1.0,1.0,1.0,1.0,1.0,1.0,75.0,1.0
1436,IKAN KERISI (ANTARA 5 HINGGA 10 EKOR SEKILOGRAM),1kg,BARANGAN SEGAR,BAHAN LAUT,0.0,0.0,0.0,0.0,0.0,0.0,14.0,0.0,0.0,0.0,0.0,13.0,1.0,0.0,0.0,0.0,0.0,0.0,14.0,0.0,0.0,0.0,0.0,0.0,0.0,15.0,0.0
1437,IKAN SIAKAP (ANTARA 2 HINGGA 4 EKOR SEKILOGRAM),1kg,BARANGAN SEGAR,BAHAN LAUT,0.0,0.0,0.0,0.0,0.0,0.0,27.0,0.0,0.0,0.0,0.0,22.0,1.0,0.0,0.0,0.0,0.0,0.0,24.0,0.0,0.0,0.0,0.0,0.0,0.0,22.0,0.0
1438,IKAN TENGGIRI BATANG (KEPINGAN),1kg,BARANGAN SEGAR,BAHAN LAUT,0.0,0.0,0.0,0.0,0.0,0.0,6.0,0.0,0.0,0.0,0.0,6.0,0.0,0.0,0.0,0.0,0.0,0.0,8.0,0.0,0.0,0.0,0.0,0.0,0.0,7.0,0.0
1440,BAWANG BESAR IMPORT (INDIA),1kg,BARANGAN KERING,BAWANG,1.0,1.0,1.0,1.0,1.0,1.0,104.0,1.0,1.0,1.0,1.0,103.0,6.0,1.0,1.0,1.0,1.0,1.0,112.0,1.0,1.0,1.0,1.0,1.0,1.0,110.0,1.0
1441,BAWANG BESAR IMPORT (CHINA),1kg,BARANGAN KERING,BAWANG,0.0,0.0,0.0,0.0,0.0,0.0,6.0,0.0,0.0,0.0,0.0,5.0,1.0,0.0,0.0,0.0,0.0,0.0,6.0,0.0,0.0,0.0,0.0,0.0,0.0,5.0,0.0
1442,BAWANG KECIL MERAH BIASA IMPORT (INDIA),1kg,BARANGAN KERING,BAWANG,1.0,1.0,1.0,1.0,1.0,1.0,87.0,1.0,1.0,1.0,1.0,82.0,4.0,1.0,1.0,1.0,1.0,1.0,85.0,1.0,0.0,0.0,0.0,1.0,1.0,87.0,1.0
1443,BAWANG KECIL MERAH IMPORT (CHINA),1kg,BARANGAN KERING,BAWANG,0.0,0.0,0.0,0.0,0.0,0.0,2.0,0.0,0.0,0.0,0.0,2.0,0.0,0.0,0.0,0.0,0.0,0.0,1.0,0.0,0.0,0.0,0.0,0.0,0.0,2.0,0.0
1444,BAWANG KECIL MERAH IMPORT (MYANMAR),1kg,BARANGAN KERING,BAWANG,0.0,0.0,0.0,0.0,0.0,0.0,1.0,0.0,0.0,0.0,0.0,1.0,0.0,0.0,0.0,0.0,0.0,0.0,2.0,0.0,0.0,0.0,0.0,0.0,0.0,2.0,0.0
1445,BERAS CAP FAIZA EMAS (SST5%),10 kg,BARANGAN BERBUNGKUS,BERAS,0.0,0.0,0.0,0.0,0.0,0.0,7.0,0.0,0.0,0.0,0.0,7.0,0.0,0.0,0.0,0.0,0.0,0.0,6.0,0.0,0.0,0.0,0.0,0.0,0.0,7.0,0.0
1458,KUBIS BULAT IMPORT (BEIJING),1kg,BARANGAN SEGAR,SAYUR-SAYURAN,1.0,1.0,1.0,1.0,1.0,1.0,34.0,1.0,1.0,1.0,1.0,38.0,2.0,1.0,1.0,1.0,1.0,1.0,41.0,1.0,1.0,1.0,1.0,1.0,1.0,39.0,1.0
1463,KRIMER SEJAT CARNATION,390g,BARANGAN BERBUNGKUS,KRIMER DAN SUSU TEPUNG,0.0,0.0,0.0,0.0,0.0,0.0,52.0,0.0,0.0,0.0,0.0,49.0,2.0,0.0,0.0,0.0,0.0,0.0,52.0,0.0,0.0,0.0,0.0,0.0,0.0,52.0,0.0
1474,BERAS BASMATHI - FAIZA (KASHMIR),5 kg,BARANGAN BERBUNGKUS,BERAS,0.0,0.0,0.0,0.0,0.0,0.0,32.0,0.0,0.0,0.0,0.0,32.0,1.0,0.0,0.0,0.0,0.0,0.0,30.0,0.0,0.0,0.0,0.0,0.0,0.0,31.0,0.0
1475,IKAN BAWAL PUTIH (ANTARA 2 HINGGA 5 EKOR SEKILOGRAM),1kg,BARANGAN SEGAR,BAHAN LAUT,0.0,0.0,0.0,0.0,0.0,0.0,1.0,0.0,0.0,0.0,0.0,0.0,0.0,0.0,0.0,0.0,0.0,0.0,0.0,0.0,0.0,0.0,0.0,0.0,0.0,0.0,0.0
1476,IKAN KEMBUNG (ANTARA 8 HINGGA 12 EKOR SEKILOGRAM),1kg,BARANGAN SEGAR,BAHAN LAUT,0.0,0.0,0.0,0.0,0.0,0.0,27.0,0.0,0.0,0.0,0.0,26.0,1.0,0.0,0.0,0.0,0.0,0.0,29.0,0.0,0.0,0.0,0.0,0.0,0.0,28.0,0.0
1477,IKAN MABUNG (ANTARA 6 HINGGA 10 EKOR SEKILOGRAM),1kg,BARANGAN SEGAR,BAHAN LAUT,0.0,0.0,0.0,0.0,0.0,0.0,3.0,0.0,0.0,0.0,0.0,3.0,0.0,0.0,0.0,0.0,0.0,0.0,2.0,0.0,0.0,0.0,0.0,0.0,0.0,2.0,0.0
1479,BROKOLI,1kg,BARANGAN SEGAR,SAYUR-SAYURAN,0.0,1.0,1.0,1.0,1.0,1.0,39.0,1.0,1.0,1.0,1.0,40.0,2.0,1.0,1.0,0.0,1.0,1.0,37.0,1.0,1.0,0.0,0.0,0.0,0.0,38.0,0.0
1481,KUBIS BUNGA (CAULIFLOWER),1kg,BARANGAN SEGAR,SAYUR-SAYURAN,1.0,1.0,1.0,1.0,1.0,1.0,62.0,1.0,1.0,0.0,1.0,60.0,2.0,1.0,1.0,1.0,1.0,1.0,67.0,0.0,0.0,1.0,1.0,1.0,1.0,61.0,0.0
1482,KUBIS PANJANG (TEMPATAN),1kg,BARANGAN SEGAR,SAYUR-SAYURAN,1.0,1.0,1.0,1.0,1.0,1.0,16.0,1.0,1.0,1.0,1.0,14.0,1.0,1.0,1.0,1.0,1.0,1.0,15.0,1.0,1.0,1.0,1.0,1.0,1.0,13.0,1.0
1483,MEE KUNING BASAH (PELBAGAI JENAMA),+-450g,BARANGAN SEGAR,MEE/KUETIAU,1.0,1.0,1.0,1.0,1.0,1.0,89.0,1.0,1.0,1.0,1.0,90.0,2.0,1.0,1.0,1.0,1.0,1.0,90.0,1.0,1.0,1.0,1.0,1.0,1.0,88.0,1.0
1484,KUETIAU BASAH (PELBAGAI JENAMA),+-450g,BARANGAN SEGAR,MEE/KUETIAU,1.0,1.0,1.0,1.0,1.0,1.0,61.0,1.0,1.0,1.0,1.0,63.0,2.0,1.0,1.0,1.0,1.0,1.0,63.0,1.0,1.0,1.0,1.0,1.0,1.0,62.0,1.0
1485,EPAL HIJAU GRANNY SMITH (SAIZ M),1 biji,BARANGAN SEGAR,BUAH-BUAHAN,0.0,0.0,0.0,0.0,0.0,0.0,4.0,0.0,0.0,0.0,0.0,3.0,1.0,0.0,0.0,0.0,0.0,0.0,3.0,0.0,0.0,0.0,0.0,0.0,0.0,3.0,0.0
1486,EPAL MERAH RED DELICIOUS (SAIZ M),1 biji,BARANGAN SEGAR,BUAH-BUAHAN,0.0,0.0,0.0,0.0,0.0,0.0,1.0,0.0,0.0,0.0,0.0,1.0,0.0,0.0,0.0,0.0,0.0,0.0,1.0,0.0,0.0,0.0,0.0,0.0,0.0,0.0,0.0
1487,OREN VALENCIA (SAIZ M),1 biji,BARANGAN SEGAR,BUAH-BUAHAN,0.0,0.0,0.0,0.0,0.0,0.0,3.0,0.0,0.0,0.0,0.0,3.0,0.0,0.0,0.0,0.0,0.0,0.0,3.0,0.0,0.0,0.0,0.0,0.0,0.0,1.0,0.0
1489,ASAM JAWA (BERBIJI) PELBAGAI JENAMA,200 g,BARANGAN BERBUNGKUS,REMPAH RATUS (BERBUNGKUS),0.0,0.0,0.0,0.0,0.0,0.0,105.0,0.0,0.0,0.0,0.0,100.0,7.0,0.0,0.0,0.0,0.0,0.0,107.0,0.0,0.0,0.0,0.0,0.0,0.0,107.0,0.0
1491,BERAS PULUT THAILAND (SUSU) PELBAGAI JENAMA,1kg,BARANGAN BERBUNGKUS,BERAS,0.0,0.0,0.0,0.0,0.0,0.0,54.0,0.0,0.0,0.0,0.0,56.0,0.0,0.0,0.0,0.0,0.0,0.0,60.0,0.0,0.0,0.0,0.0,0.0,0.0,55.0,0.0
1492,BERAS PULUT THAILAND (BIASA) PELBAGAI JENAMA,1kg,BARANGAN BERBUNGKUS,BERAS,0.0,0.0,0.0,0.0,0.0,0.0,84.0,0.0,0.0,0.0,0.0,85.0,1.0,0.0,0.0,0.0,0.0,0.0,86.0,0.0,0.0,0.0,0.0,0.0,0.0,84.0,0.0
1493,BIHUN KERING TEMPATAN (CAP JASMINE),400 g,BARANGAN BERBUNGKUS,BIHUN,0.0,0.0,0.0,0.0,0.0,0.0,38.0,0.0,0.0,0.0,0.0,35.0,3.0,0.0,0.0,0.0,0.0,0.0,39.0,0.0,0.0,0.0,0.0,0.0,0.0,38.0,0.0
1494,ROTI GARDENIA BREAKTHRU - ROTI GANDUM PENUH,400 g,BARANGAN BERBUNGKUS,ROTI,0.0,0.0,0.0,0.0,0.0,0.0,139.0,0.0,0.0,0.0,0.0,133.0,9.0,0.0,0.0,0.0,0.0,0.0,138.0,0.0,0.0,0.0,0.0,0.0,0.0,139.0,0.0
1498,TEPUNG JAGUNG (PELBAGAI JENAMA),400 g,BARANGAN BERBUNGKUS,TEPUNG,0.0,0.0,0.0,0.0,0.0,0.0,167.0,0.0,0.0,0.0,0.0,162.0,7.0,0.0,0.0,0.0,0.0,0.0,178.0,0.0,0.0,0.0,0.0,0.0,0.0,176.0,0.0
1505,DUTCH LADY UHT COKLAT (KOTAK),200 ml,MINUMAN,TERSEDIA MINUM,0.0,0.0,0.0,0.0,0.0,0.0,0.0,0.0,0.0,0.0,0.0,0.0,0.0,0.0,0.0,0.0,0.0,0.0,0.0,0.0,0.0,0.0,0.0,0.0,0.0,105.0,0.0
1506,DUTCH LADY UHT FULL CREAM (KOTAK),200 ml,MINUMAN,TERSEDIA MINUM,0.0,0.0,0.0,0.0,0.0,0.0,0.0,0.0,0.0,0.0,0.0,0.0,0.0,0.0,0.0,0.0,0.0,0.0,0.0,0.0,0.0,0.0,0.0,0.0,0.0,111.0,0.0
1507,COCA COLA (TIN),320 ml,MINUMAN,TERSEDIA MINUM,0.0,0.0,0.0,0.0,0.0,0.0,0.0,0.0,0.0,0.0,0.0,0.0,0.0,0.0,0.0,0.0,0.0,0.0,0.0,0.0,0.0,0.0,0.0,0.0,0.0,107.0,0.0
1512,MAMEX LANGKAH 1 - RUMUSAN BAYI (KOTAK),600 g,SUSU DAN BARANGAN BAYI,SUSU BAYI,0.0,0.0,0.0,0.0,0.0,0.0,8.0,0.0,0.0,0.0,0.0,8.0,0.0,0.0,0.0,0.0,0.0,0.0,10.0,0.0,0.0,0.0,0.0,0.0,0.0,10.0,0.0
1513,SUSTAGEN KID 3+ (VANILLA) - KOTAK,600 g,SUSU DAN BARANGAN BAYI,SUSU BAYI,0.0,0.0,0.0,0.0,0.0,0.0,16.0,0.0,0.0,0.0,0.0,16.0,0.0,0.0,0.0,0.0,0.0,0.0,16.0,0.0,0.0,0.0,0.0,0.0,0.0,16.0,0.0
1514,SUSTAGEN JUNIOR 1+ (VANILLA ) - KOTAK,600 g,SUSU DAN BARANGAN BAYI,SUSU BAYI,0.0,0.0,0.0,0.0,0.0,0.0,19.0,0.0,0.0,0.0,0.0,19.0,0.0,0.0,0.0,0.0,0.0,0.0,20.0,0.0,0.0,0.0,0.0,0.0,0.0,20.0,0.0
1515,HEINZ FARLEY RUSKS (ORIGINAL),120 g,SUSU DAN BARANGAN BAYI,MAKANAN BAYI,0.0,0.0,0.0,0.0,0.0,0.0,5.0,0.0,0.0,0.0,0.0,5.0,0.0,0.0,0.0,0.0,0.0,0.0,5.0,0.0,0.0,0.0,0.0,0.0,0.0,5.0,0.0
1517,HEINZ APPLE PUREE,110 g,SUSU DAN BARANGAN BAYI,MAKANAN BAYI,0.0,0.0,0.0,0.0,0.0,0.0,1.0,0.0,0.0,0.0,0.0,1.0,0.0,0.0,0.0,0.0,0.0,0.0,1.0,0.0,0.0,0.0,0.0,0.0,0.0,1.0,0.0
1524,BERUS GIGI COLGATE (ZIG ZAG - SOFT),1 batang,PRODUK KEBERSIHAN,PENJAGAAN DIRI,0.0,0.0,0.0,0.0,0.0,0.0,0.0,0.0,0.0,0.0,0.0,0.0,0.0,0.0,0.0,0.0,0.0,0.0,0.0,0.0,0.0,0.0,0.0,0.0,0.0,84.0,0.0
1525,BERUS GIGI ORAL B (COMPLETE EASY CLEAN - SOFT),1 batang,PRODUK KEBERSIHAN,PENJAGAAN DIRI,0.0,0.0,0.0,0.0,0.0,0.0,0.0,0.0,0.0,0.0,0.0,0.0,0.0,0.0,0.0,0.0,0.0,0.0,0.0,0.0,0.0,0.0,0.0,0.0,0.0,18.0,0.0
1538,SABUN PENCUCI AXION PASTE (LEMON),350 g,PRODUK KEBERSIHAN,PENJAGAAN RUMAH,0.0,0.0,0.0,0.0,0.0,0.0,0.0,0.0,0.0,0.0,0.0,0.0,0.0,0.0,0.0,0.0,0.0,0.0,0.0,0.0,0.0,0.0,0.0,0.0,0.0,106.0,0.0
1539,SABUN PENCUCI KUAT HARIMAU (LEMON),400 g,PRODUK KEBERSIHAN,PENJAGAAN RUMAH,0.0,0.0,0.0,0.0,0.0,0.0,0.0,0.0,0.0,0.0,0.0,0.0,0.0,0.0,0.0,0.0,0.0,0.0,0.0,0.0,0.0,0.0,0.0,0.0,0.0,63.0,0.0
1540,SABUN PENCUCI GLO (LEMON),900ml,PRODUK KEBERSIHAN,PENJAGAAN RUMAH,0.0,0.0,0.0,0.0,0.0,0.0,0.0,0.0,0.0,0.0,0.0,0.0,0.0,0.0,0.0,0.0,0.0,0.0,0.0,0.0,0.0,0.0,0.0,0.0,0.0,63.0,0.0
1544,SERBUK NASI GORENG CINA ADABI,17 g,BARANGAN BERBUNGKUS,REMPAH RATUS (BERBUNGKUS),0.0,0.0,0.0,0.0,0.0,0.0,125.0,0.0,0.0,0.0,0.0,127.0,2.0,0.0,0.0,0.0,0.0,0.0,127.0,0.0,0.0,0.0,0.0,0.0,0.0,122.0,0.0
1545,PERENCAH NASI GORENG IKAN BILIS SERI AJI,26G,BARANGAN BERBUNGKUS,REMPAH RATUS (BERBUNGKUS),0.0,0.0,0.0,0.0,0.0,0.0,61.0,0.0,0.0,0.0,0.0,60.0,1.0,0.0,0.0,0.0,0.0,0.0,59.0,0.0,0.0,0.0,0.0,0.0,0.0,59.0,0.0
1547,PEPSI COLA (TIN),320 ml,MINUMAN,TERSEDIA MINUM,0.0,0.0,0.0,0.0,0.0,0.0,0.0,0.0,0.0,0.0,0.0,0.0,0.0,0.0,0.0,0.0,0.0,0.0,0.0,0.0,0.0,0.0,0.0,0.0,0.0,52.0,0.0
1550,PAHA AYAM (CHICKEN DRUMSTICK),1kg,BARANGAN SEGAR,AYAM,0.0,0.0,0.0,0.0,0.0,0.0,12.0,0.0,0.0,0.0,0.0,12.0,0.0,0.0,0.0,0.0,0.0,0.0,13.0,0.0,0.0,0.0,0.0,0.0,0.0,12.0,0.0
1551,DADA AYAM (CHICKEN KEEL) (1KG),1kg,BARANGAN SEGAR,AYAM,0.0,0.0,0.0,0.0,0.0,0.0,8.0,0.0,0.0,0.0,0.0,10.0,0.0,0.0,0.0,0.0,0.0,0.0,10.0,0.0,0.0,0.0,0.0,0.0,0.0,10.0,0.0
1553,WHOLE LEG AYAM,1kg,BARANGAN SEGAR,AYAM,0.0,0.0,0.0,0.0,0.0,0.0,23.0,0.0,0.0,0.0,0.0,22.0,0.0,0.0,0.0,0.0,0.0,0.0,20.0,0.0,0.0,0.0,0.0,0.0,0.0,21.0,0.0
1554,IKAN MERAH (KEPINGAN),1kg,BARANGAN SEGAR,BAHAN LAUT,0.0,0.0,0.0,0.0,0.0,0.0,4.0,0.0,0.0,0.0,0.0,3.0,0.0,0.0,0.0,0.0,0.0,0.0,5.0,0.0,0.0,0.0,0.0,0.0,0.0,4.0,0.0
1555,UDANG PUTIH/VANNAMEI (TERNAK) (ANTARA 41 HINGGA 60 EKOR SEKILOGRAM),1kg,BARANGAN SEGAR,BAHAN LAUT,0.0,0.0,1.0,1.0,0.0,0.0,32.0,0.0,0.0,1.0,1.0,31.0,1.0,0.0,0.0,0.0,0.0,0.0,36.0,1.0,1.0,0.0,0.0,0.0,0.0,34.0,0.0
1556,BAYAM HIJAU,1kg,BARANGAN SEGAR,SAYUR-SAYURAN,0.0,0.0,0.0,0.0,0.0,0.0,33.0,0.0,0.0,0.0,0.0,33.0,1.0,0.0,0.0,0.0,0.0,0.0,33.0,0.0,0.0,0.0,0.0,0.0,0.0,31.0,0.0
1557,BAYAM MERAH,1kg,BARANGAN SEGAR,SAYUR-SAYURAN,0.0,0.0,0.0,0.0,0.0,0.0,12.0,0.0,0.0,0.0,0.0,9.0,1.0,0.0,0.0,0.0,0.0,0.0,10.0,0.0,0.0,0.0,0.0,0.0,0.0,11.0,0.0
1558,SAWI HIJAU,1kg,BARANGAN SEGAR,SAYUR-SAYURAN,0.0,0.0,0.0,0.0,0.0,0.0,56.0,0.0,0.0,0.0,0.0,57.0,1.0,0.0,0.0,0.0,0.0,0.0,54.0,0.0,0.0,0.0,0.0,0.0,0.0,54.0,0.0
1559,KANGKUNG,1kg,BARANGAN SEGAR,SAYUR-SAYURAN,0.0,0.0,0.0,0.0,0.0,0.0,44.0,0.0,0.0,0.0,0.0,42.0,1.0,0.0,0.0,0.0,0.0,0.0,45.0,0.0,0.0,0.0,0.0,0.0,0.0,42.0,0.0
1560,KAILAN,1kg,BARANGAN SEGAR,SAYUR-SAYURAN,0.0,0.0,0.0,0.0,0.0,0.0,30.0,0.0,0.0,0.0,0.0,31.0,0.0,0.0,0.0,0.0,0.0,0.0,30.0,0.0,0.0,0.0,0.0,0.0,0.0,27.0,0.0
1561,TAUGE KACANG HIJAU,1kg,BARANGAN SEGAR,SAYUR-SAYURAN,1.0,1.0,1.0,1.0,1.0,1.0,49.0,1.0,1.0,1.0,1.0,50.0,2.0,1.0,1.0,1.0,1.0,1.0,50.0,1.0,1.0,1.0,1.0,1.0,1.0,52.0,1.0
1562,UDANG KERING,100 g,BARANGAN KERING,HASIL LAUT KERING,0.0,0.0,0.0,0.0,0.0,0.0,17.0,0.0,0.0,0.0,0.0,16.0,1.0,0.0,0.0,0.0,0.0,0.0,18.0,0.0,0.0,0.0,0.0,0.0,0.0,16.0,0.0
1563,SOTONG KERING (SAIZ SERDAHANA),1kg,BARANGAN KERING,HASIL LAUT KERING,0.0,0.0,0.0,0.0,0.0,0.0,3.0,0.0,0.0,0.0,0.0,3.0,0.0,0.0,0.0,0.0,0.0,0.0,4.0,0.0,0.0,0.0,0.0,0.0,0.0,4.0,0.0
1564,BAWANG PUTIH IMPORT (CHINA),1kg,BARANGAN KERING,BAWANG,1.0,1.0,1.0,1.0,1.0,1.0,138.0,1.0,1.0,1.0,1.0,130.0,8.0,1.0,1.0,1.0,1.0,1.0,136.0,1.0,1.0,1.0,1.0,1.0,1.0,138.0,1.0
1566,SERBUK KARI IKAN (TIDAK BERBUNGKUS),100 g,BARANGAN BERBUNGKUS,REMPAH RATUS (TIDAK BERBUNGKUS),0.0,0.0,0.0,0.0,0.0,0.0,1.0,0.0,0.0,0.0,0.0,1.0,0.0,0.0,0.0,0.0,0.0,0.0,1.0,0.0,0.0,0.0,0.0,0.0,0.0,1.0,0.0
1567,SERBUK KARI DAGING (TIDAK BERBUNGKUS),100 g,BARANGAN BERBUNGKUS,REMPAH RATUS (TIDAK BERBUNGKUS),0.0,0.0,0.0,0.0,0.0,0.0,1.0,0.0,0.0,0.0,0.0,1.0,0.0,0.0,0.0,0.0,0.0,0.0,1.0,0.0,0.0,0.0,0.0,0.0,0.0,1.0,0.0
1568,SERBUK KARI IKAN ADABI,250 g,BARANGAN BERBUNGKUS,REMPAH RATUS (BERBUNGKUS),0.0,0.0,0.0,0.0,0.0,0.0,155.0,0.0,0.0,0.0,0.0,151.0,5.0,0.0,0.0,0.0,0.0,0.0,159.0,0.0,0.0,0.0,0.0,0.0,0.0,155.0,0.0
1569,SERBUK KARI IKAN ALAGAPPAS,250 g,BARANGAN BERBUNGKUS,REMPAH RATUS (BERBUNGKUS),0.0,0.0,0.0,0.0,0.0,0.0,26.0,0.0,0.0,0.0,0.0,25.0,1.0,0.0,0.0,0.0,0.0,0.0,25.0,0.0,0.0,0.0,0.0,0.0,0.0,24.0,0.0
1570,SERBUK KARI AYAM DAN DAGING ADABI,250 g,BARANGAN BERBUNGKUS,REMPAH RATUS (BERBUNGKUS),0.0,0.0,0.0,0.0,0.0,0.0,162.0,0.0,0.0,0.0,0.0,162.0,5.0,0.0,0.0,0.0,0.0,0.0,168.0,0.0,0.0,0.0,0.0,0.0,0.0,167.0,0.0
1571,SERBUK KARI DAGING ALAGAPPAS,250 g,BARANGAN BERBUNGKUS,REMPAH RATUS (BERBUNGKUS),0.0,0.0,0.0,0.0,0.0,0.0,28.0,0.0,0.0,0.0,0.0,27.0,1.0,0.0,0.0,0.0,0.0,0.0,26.0,0.0,0.0,0.0,0.0,0.0,0.0,25.0,0.0
1572,SERBUK KARI DAGING BABAS,250 g,BARANGAN BERBUNGKUS,REMPAH RATUS (BERBUNGKUS),0.0,0.0,0.0,0.0,0.0,0.0,209.0,0.0,0.0,0.0,0.0,205.0,6.0,0.0,0.0,0.0,0.0,0.0,207.0,0.0,0.0,0.0,0.0,0.0,0.0,207.0,0.0
1573,SERBUK KURMA AYAM & DAGING ADABI,250 g,BARANGAN BERBUNGKUS,REMPAH RATUS (BERBUNGKUS),0.0,0.0,0.0,0.0,0.0,0.0,151.0,0.0,0.0,0.0,0.0,144.0,5.0,0.0,0.0,0.0,0.0,0.0,148.0,0.0,0.0,0.0,0.0,0.0,0.0,145.0,0.0
1575,SERBUK KURMA BABAS,125 g,BARANGAN BERBUNGKUS,REMPAH RATUS (BERBUNGKUS),0.0,0.0,0.0,0.0,0.0,0.0,106.0,0.0,0.0,0.0,0.0,103.0,4.0,0.0,0.0,0.0,0.0,0.0,107.0,0.0,0.0,0.0,0.0,0.0,0.0,104.0,0.0
1576,SERBUK KARI KURMA ALAGAPPAS,200 g,BARANGAN BERBUNGKUS,REMPAH RATUS (BERBUNGKUS),0.0,0.0,0.0,0.0,0.0,0.0,11.0,0.0,0.0,0.0,0.0,11.0,0.0,0.0,0.0,0.0,0.0,0.0,10.0,0.0,0.0,0.0,0.0,0.0,0.0,10.0,0.0
1577,SERBUK PERENCAH SUP ADABI,250 g,BARANGAN BERBUNGKUS,REMPAH RATUS (BERBUNGKUS),0.0,0.0,0.0,0.0,0.0,0.0,152.0,0.0,0.0,0.0,0.0,150.0,4.0,0.0,0.0,0.0,0.0,0.0,151.0,0.0,0.0,0.0,0.0,0.0,0.0,150.0,0.0
1578,SERBUK REMPAH SUP MAK SITI,250 g,BARANGAN BERBUNGKUS,REMPAH RATUS (BERBUNGKUS),0.0,0.0,0.0,0.0,0.0,0.0,6.0,0.0,0.0,0.0,0.0,7.0,0.0,0.0,0.0,0.0,0.0,0.0,7.0,0.0,0.0,0.0,0.0,0.0,0.0,8.0,0.0
1579,SERBUK SUP FAIZA,220 g,BARANGAN BERBUNGKUS,REMPAH RATUS (BERBUNGKUS),0.0,0.0,0.0,0.0,0.0,0.0,13.0,0.0,0.0,0.0,0.0,11.0,2.0,0.0,0.0,0.0,0.0,0.0,12.0,0.0,0.0,0.0,0.0,0.0,0.0,12.0,0.0
1581,BERAS CAP RAMBUTAN (SST5%),10 kg,BARANGAN BERBUNGKUS,BERAS,0.0,0.0,0.0,0.0,0.0,0.0,2.0,0.0,0.0,0.0,0.0,2.0,0.0,0.0,0.0,0.0,0.0,0.0,2.0,0.0,0.0,0.0,0.0,0.0,0.0,2.0,0.0
1582,BERAS CAP JASMINE (SST5%),10 kg,BARANGAN BERBUNGKUS,BERAS,0.0,0.0,0.0,0.0,0.0,0.0,5.0,0.0,0.0,0.0,0.0,4.0,1.0,0.0,0.0,0.0,0.0,0.0,5.0,0.0,0.0,0.0,0.0,0.0,0.0,5.0,0.0
1583,BERAS SUPER CAP JATI TWR  5% (IMPORT),10 kg,BARANGAN BERBUNGKUS,BERAS,0.0,0.0,0.0,0.0,0.0,0.0,1.0,0.0,0.0,0.0,0.0,1.0,0.0,0.0,0.0,0.0,0.0,0.0,1.0,0.0,0.0,0.0,0.0,0.0,0.0,1.0,0.0
1585,BIHUN KERING IMPORT (CAP BINTANG),400 g,BARANGAN BERBUNGKUS,BIHUN,0.0,0.0,0.0,0.0,0.0,0.0,32.0,0.0,0.0,0.0,0.0,25.0,8.0,0.0,0.0,0.0,0.0,0.0,32.0,0.0,0.0,0.0,0.0,0.0,0.0,32.0,0.0
1586,ROTI SANDWICH MASSIMO DENGAN GERMA GANDUM,400 g,BARANGAN BERBUNGKUS,ROTI,0.0,0.0,0.0,0.0,0.0,0.0,18.0,0.0,0.0,0.0,0.0,20.0,0.0,0.0,0.0,0.0,0.0,0.0,21.0,0.0,0.0,0.0,0.0,0.0,0.0,20.0,0.0
1587,GULA HALUS CASTOR (PELBAGAI JENAMA),+- 500g,BARANGAN BERBUNGKUS,GULA,0.0,0.0,0.0,0.0,0.0,0.0,76.0,0.0,0.0,0.0,0.0,75.0,4.0,0.0,0.0,0.0,0.0,0.0,74.0,0.0,0.0,0.0,0.0,0.0,0.0,73.0,0.0
1588,GULA MERAH LEMBUT (PELBAGAI JENAMA),+- 500g,BARANGAN BERBUNGKUS,GULA,0.0,0.0,0.0,0.0,0.0,0.0,67.0,0.0,0.0,0.0,0.0,68.0,4.0,0.0,0.0,0.0,0.0,0.0,71.0,0.0,0.0,0.0,0.0,0.0,0.0,74.0,0.0
1589,GULA PUTIH BERTAPIS KASAR (PELBAGAI JENAMA),1kg,BARANGAN BERBUNGKUS,GULA,0.0,0.0,0.0,0.0,0.0,0.0,209.0,0.0,0.0,0.0,0.0,202.0,10.0,0.0,0.0,0.0,0.0,0.0,213.0,0.0,0.0,0.0,0.0,0.0,0.0,210.0,0.0
1590,GULA PUTIH BERTAPIS HALUS (PELBAGAI JENAMA),1kg,BARANGAN BERBUNGKUS,GULA,0.0,0.0,0.0,0.0,0.0,0.0,8.0,0.0,0.0,0.0,0.0,6.0,2.0,0.0,0.0,0.0,0.0,0.0,8.0,0.0,0.0,0.0,0.0,0.0,0.0,8.0,0.0
1591,TEPUNG BERAS (PELBAGAI JENAMA),500 g,BARANGAN BERBUNGKUS,TEPUNG,0.0,0.0,0.0,0.0,0.0,0.0,194.0,0.0,0.0,0.0,0.0,188.0,8.0,0.0,0.0,0.0,0.0,0.0,193.0,0.0,0.0,0.0,0.0,0.0,0.0,192.0,0.0
1594,TEPUNG PULUT (PELBAGAI JENAMA),500 g,BARANGAN BERBUNGKUS,TEPUNG,0.0,0.0,0.0,0.0,0.0,0.0,203.0,0.0,0.0,0.0,0.0,199.0,7.0,0.0,0.0,0.0,0.0,0.0,202.0,0.0,0.0,0.0,0.0,0.0,0.0,199.0,0.0
1595,MINYAK JAGUNG CAP DAISY,2 kg,BARANGAN BERBUNGKUS,MINYAK DAN LEMAK,0.0,0.0,0.0,0.0,0.0,0.0,51.0,0.0,0.0,0.0,0.0,48.0,3.0,0.0,0.0,0.0,0.0,0.0,52.0,0.0,0.0,0.0,0.0,0.0,0.0,49.0,0.0
1597,MINYAK JAGUNG CAP VECORN,2 kg,BARANGAN BERBUNGKUS,MINYAK DAN LEMAK,1.0,1.0,1.0,1.0,0.0,0.0,30.0,0.0,0.0,0.0,0.0,32.0,0.0,0.0,0.0,0.0,0.0,0.0,31.0,0.0,0.0,0.0,0.0,0.0,0.0,29.0,0.0
1598,MINYAK MASAK SEBATIAN CAP HELANG,2 kg,BARANGAN BERBUNGKUS,MINYAK DAN LEMAK,0.0,0.0,0.0,0.0,0.0,0.0,43.0,0.0,0.0,0.0,0.0,40.0,0.0,0.0,0.0,0.0,0.0,0.0,43.0,0.0,0.0,0.0,0.0,0.0,0.0,44.0,0.0
1599,MINYAK MASAK SEBATIAN CAP NEPTUNE,2 kg,BARANGAN BERBUNGKUS,MINYAK DAN LEMAK,0.0,0.0,0.0,0.0,0.0,0.0,7.0,0.0,0.0,0.0,0.0,8.0,0.0,0.0,0.0,0.0,0.0,0.0,7.0,0.0,0.0,0.0,0.0,0.0,0.0,7.0,0.0
1600,MINYAK MASAK SEBATIAN CAP PISAU,2 kg,BARANGAN BERBUNGKUS,MINYAK DAN LEMAK,1.0,1.0,1.0,1.0,1.0,1.0,40.0,1.0,1.0,1.0,1.0,35.0,3.0,1.0,1.0,1.0,1.0,1.0,38.0,1.0,1.0,1.0,1.0,1.0,1.0,38.0,1.0
1601,MINYAK MASAK TULEN CAP BURUH,2 kg,BARANGAN BERBUNGKUS,MINYAK DAN LEMAK,0.0,0.0,0.0,0.0,0.0,0.0,59.0,0.0,1.0,1.0,1.0,58.0,2.0,0.0,0.0,0.0,0.0,0.0,64.0,0.0,1.0,0.0,0.0,0.0,0.0,72.0,1.0
1602,MINYAK MASAK TULEN CAP VESAWIT,2 kg,BARANGAN BERBUNGKUS,MINYAK DAN LEMAK,1.0,1.0,1.0,1.0,0.0,0.0,67.0,0.0,0.0,0.0,0.0,64.0,1.0,0.0,0.0,0.0,0.0,0.0,63.0,1.0,1.0,1.0,1.0,1.0,1.0,65.0,1.0
1603,MINYAK SAPI CAP WINDMILL GHEEBLEND,400 g,BARANGAN BERBUNGKUS,MINYAK DAN LEMAK,0.0,0.0,0.0,0.0,0.0,0.0,81.0,0.0,0.0,0.0,0.0,81.0,3.0,0.0,0.0,0.0,0.0,0.0,86.0,0.0,0.0,0.0,0.0,0.0,0.0,86.0,0.0
1604,ASAM JAWA (TIDAK BERBIJI) ADABI,200 g,BARANGAN BERBUNGKUS,REMPAH RATUS (BERBUNGKUS),0.0,0.0,0.0,0.0,0.0,0.0,137.0,0.0,0.0,0.0,0.0,138.0,4.0,0.0,0.0,0.0,0.0,0.0,143.0,0.0,0.0,0.0,0.0,0.0,0.0,145.0,0.0
1605,GARAM HALUS BIASA (PELBAGAI JENAMA),+-350g,BARANGAN BERBUNGKUS,REMPAH RATUS (BERBUNGKUS),0.0,0.0,0.0,0.0,0.0,0.0,69.0,0.0,0.0,0.0,0.0,64.0,9.0,0.0,0.0,0.0,0.0,0.0,75.0,0.0,0.0,0.0,0.0,0.0,0.0,73.0,0.0
1606,MENTEGA KACANG HALUS LADY'S CHOICE,500 g,BARANGAN BERBUNGKUS,SAPUAN (SPREADS),0.0,0.0,0.0,0.0,0.0,0.0,41.0,0.0,0.0,0.0,0.0,39.0,1.0,0.0,0.0,0.0,0.0,0.0,40.0,0.0,0.0,0.0,0.0,0.0,0.0,35.0,0.0
1607,LEPAAN FARMCOWS,250 g,BARANGAN BERBUNGKUS,SAPUAN (SPREADS),0.0,0.0,0.0,0.0,0.0,0.0,21.0,0.0,0.0,0.0,0.0,19.0,2.0,0.0,0.0,0.0,0.0,0.0,21.0,0.0,0.0,0.0,0.0,0.0,0.0,20.0,0.0
1608,LEPAAN BUTTERCUP,250 g,BARANGAN BERBUNGKUS,SAPUAN (SPREADS),0.0,0.0,0.0,0.0,0.0,0.0,25.0,0.0,0.0,0.0,0.0,24.0,2.0,0.0,0.0,0.0,0.0,0.0,25.0,0.0,0.0,0.0,0.0,0.0,0.0,23.0,0.0
1610,SANTAN KELAPA JENAMA M&S,500 ml,BARANGAN BERBUNGKUS,SANTAN (KOTAK),0.0,0.0,0.0,0.0,0.0,0.0,37.0,0.0,0.0,0.0,0.0,37.0,1.0,0.0,0.0,0.0,0.0,0.0,38.0,0.0,0.0,0.0,0.0,0.0,0.0,36.0,0.0
1611,SANTAN KELAPA JENAMA KARA,200 ml,BARANGAN BERBUNGKUS,SANTAN (KOTAK),0.0,0.0,0.0,0.0,0.0,0.0,189.0,0.0,0.0,0.0,0.0,182.0,9.0,0.0,0.0,0.0,0.0,0.0,189.0,0.0,0.0,0.0,0.0,0.0,0.0,187.0,0.0
1612,SANTAN KELAPA JENAMA HARMUNI,200 ml,BARANGAN BERBUNGKUS,SANTAN (KOTAK),0.0,0.0,0.0,0.0,0.0,0.0,16.0,0.0,0.0,0.0,0.0,13.0,0.0,0.0,0.0,0.0,0.0,0.0,12.0,0.0,0.0,0.0,0.0,0.0,0.0,12.0,0.0
1613,ESEN STAR BRAND 'PELBAGAI PERISA',25 ml,BARANGAN BERBUNGKUS,ESEN DAN RAGI,0.0,0.0,0.0,0.0,0.0,0.0,186.0,0.0,0.0,0.0,0.0,181.0,8.0,0.0,0.0,0.0,0.0,0.0,186.0,0.0,0.0,0.0,0.0,0.0,0.0,184.0,0.0
1615,MENTEGA ANCHOR (SALTED),227g,BARANGAN BERBUNGKUS,MENTEGA,0.0,0.0,0.0,0.0,0.0,0.0,19.0,0.0,0.0,0.0,0.0,17.0,1.0,0.0,0.0,0.0,0.0,0.0,17.0,0.0,0.0,0.0,0.0,0.0,0.0,17.0,0.0
1616,MAURIPAN YIS SEGERA,11g,BARANGAN BERBUNGKUS,ESEN DAN RAGI,0.0,0.0,0.0,0.0,0.0,0.0,120.0,0.0,0.0,0.0,0.0,116.0,6.0,0.0,0.0,0.0,0.0,0.0,122.0,0.0,0.0,0.0,0.0,0.0,0.0,119.0,0.0
1618,SUSU ISIAN PEKAT MANIS CAP F & N,500 g,BARANGAN BERBUNGKUS,KRIMER DAN SUSU TEPUNG,0.0,0.0,0.0,0.0,0.0,0.0,2.0,0.0,0.0,0.0,0.0,2.0,0.0,0.0,0.0,0.0,0.0,0.0,2.0,0.0,0.0,0.0,0.0,0.0,0.0,2.0,0.0
1619,SUSU TEPUNG SEGERA DUTCHLADY (BIASA ),600 g,BARANGAN BERBUNGKUS,KRIMER DAN SUSU TEPUNG,0.0,0.0,0.0,0.0,0.0,0.0,29.0,0.0,0.0,0.0,0.0,27.0,1.0,0.0,0.0,0.0,0.0,0.0,29.0,0.0,0.0,0.0,0.0,0.0,0.0,27.0,0.0
1623,S-26 SMA RUMUSAN BAYI LANGKAH 1 - (KOTAK),600 g,SUSU DAN BARANGAN BAYI,SUSU BAYI,0.0,0.0,0.0,0.0,0.0,0.0,34.0,0.0,0.0,0.0,0.0,32.0,0.0,0.0,0.0,0.0,0.0,0.0,31.0,0.0,0.0,0.0,0.0,0.0,0.0,33.0,0.0
1624,S-26 GOLD SMA RUMUSAN BAYI LANGKAH 1 - (KOTAK),600 g,SUSU DAN BARANGAN BAYI,SUSU BAYI,0.0,0.0,0.0,0.0,0.0,0.0,30.0,0.0,0.0,0.0,0.0,29.0,0.0,0.0,0.0,0.0,0.0,0.0,29.0,0.0,0.0,0.0,0.0,0.0,0.0,30.0,0.0
1628,NESTLE CERELAC GANDUM DAN MADU - KOTAK,225g,SUSU DAN BARANGAN BAYI,MAKANAN BAYI,0.0,0.0,0.0,0.0,0.0,0.0,80.0,0.0,0.0,0.0,0.0,84.0,0.0,0.0,0.0,0.0,0.0,0.0,85.0,0.0,0.0,0.0,0.0,0.0,0.0,87.0,0.0
1629,NESTLE CERELAC BERAS MERAH & SUSU - TIN,350 g,SUSU DAN BARANGAN BAYI,MAKANAN BAYI,0.0,0.0,0.0,0.0,0.0,0.0,87.0,0.0,0.0,0.0,0.0,89.0,1.0,0.0,0.0,0.0,0.0,0.0,89.0,0.0,0.0,0.0,0.0,0.0,0.0,87.0,0.0
1630,BERUS GIGI COLGATE (TWISTER - SOFT),1 batang,PRODUK KEBERSIHAN,PENJAGAAN DIRI,0.0,0.0,0.0,0.0,0.0,0.0,0.0,0.0,0.0,0.0,0.0,0.0,0.0,0.0,0.0,0.0,0.0,0.0,0.0,0.0,0.0,0.0,0.0,0.0,0.0,42.0,0.0
1635,NESTLE COFFEE-MATE,450 g,MINUMAN,BAHAN-BAHAN MINUMAN,0.0,0.0,0.0,0.0,0.0,0.0,0.0,0.0,0.0,0.0,0.0,0.0,0.0,0.0,0.0,0.0,0.0,0.0,0.0,0.0,0.0,0.0,0.0,0.0,0.0,70.0,0.0
1636,MILO (PAKET),400 g,MINUMAN,BAHAN-BAHAN MINUMAN,0.0,0.0,0.0,0.0,0.0,0.0,0.0,0.0,0.0,0.0,0.0,0.0,0.0,0.0,0.0,0.0,0.0,0.0,0.0,0.0,0.0,0.0,0.0,0.0,0.0,194.0,0.0
1637,MILO (PAKET),1kg,MINUMAN,BAHAN-BAHAN MINUMAN,0.0,0.0,0.0,0.0,0.0,0.0,0.0,0.0,0.0,0.0,0.0,0.0,0.0,0.0,0.0,0.0,0.0,0.0,0.0,0.0,0.0,0.0,0.0,0.0,0.0,205.0,0.0
1638,MILO 3 IN 1 (PAKET) - ORIGINAL,30x33g,MINUMAN,BAHAN-BAHAN MINUMAN,0.0,0.0,0.0,0.0,0.0,0.0,0.0,0.0,0.0,0.0,0.0,0.0,0.0,0.0,0.0,0.0,0.0,0.0,0.0,0.0,0.0,0.0,0.0,0.0,0.0,28.0,0.0
1645,SERBUK KOPI CAP KAPAL API (KASAR) (BERBUNGKUS),180 g,MINUMAN,BAHAN-BAHAN MINUMAN,0.0,0.0,0.0,0.0,0.0,0.0,0.0,0.0,0.0,0.0,0.0,0.0,0.0,0.0,0.0,0.0,0.0,0.0,0.0,0.0,0.0,0.0,0.0,0.0,0.0,50.0,0.0
1646,SERBUK KOPI HANG TUAH ROBUSTA,200 g,MINUMAN,BAHAN-BAHAN MINUMAN,0.0,0.0,0.0,0.0,0.0,0.0,0.0,0.0,0.0,0.0,0.0,0.0,0.0,0.0,0.0,0.0,0.0,0.0,0.0,0.0,0.0,0.0,0.0,0.0,0.0,9.0,0.0
1647,TEH LIPTON (SERBUK),400 g,MINUMAN,BAHAN-BAHAN MINUMAN,0.0,0.0,0.0,0.0,0.0,0.0,0.0,0.0,0.0,0.0,0.0,0.0,0.0,0.0,0.0,0.0,0.0,0.0,0.0,0.0,0.0,0.0,0.0,0.0,0.0,56.0,0.0
1650,TEH LIPTON (UNCANG),100 beg,MINUMAN,BAHAN-BAHAN MINUMAN,0.0,0.0,0.0,0.0,0.0,0.0,0.0,0.0,0.0,0.0,0.0,0.0,0.0,0.0,0.0,0.0,0.0,0.0,0.0,0.0,0.0,0.0,0.0,0.0,0.0,97.0,0.0
1651,YEO'S SOYA (KOTAK),250 ml,MINUMAN,TERSEDIA MINUM,0.0,0.0,0.0,0.0,0.0,0.0,0.0,0.0,0.0,0.0,0.0,0.0,0.0,0.0,0.0,0.0,0.0,0.0,0.0,0.0,0.0,0.0,0.0,0.0,0.0,69.0,0.0
1804,KEPAK AYAM (CHICKEN WING) (1KG),1kg,BARANGAN SEGAR,AYAM,0.0,0.0,0.0,0.0,0.0,0.0,31.0,0.0,0.0,0.0,0.0,32.0,0.0,0.0,0.0,0.0,0.0,0.0,36.0,0.0,0.0,0.0,0.0,0.0,0.0,34.0,0.0
1818,KACANG BOTOL,1kg,BARANGAN SEGAR,SAYUR-SAYURAN,0.0,0.0,0.0,0.0,0.0,0.0,15.0,0.0,0.0,0.0,0.0,15.0,1.0,0.0,0.0,0.0,0.0,0.0,15.0,0.0,0.0,0.0,0.0,0.0,0.0,14.0,0.0
1819,LENGKUAS,1kg,BARANGAN SEGAR,SAYUR-SAYURAN,1.0,1.0,1.0,1.0,1.0,1.0,68.0,1.0,1.0,1.0,1.0,68.0,2.0,1.0,1.0,1.0,1.0,1.0,70.0,1.0,1.0,1.0,1.0,1.0,1.0,67.0,1.0
1820,TELUR MASIN,1 biji,BARANGAN SEGAR,TELUR,0.0,0.0,0.0,0.0,0.0,0.0,87.0,0.0,0.0,0.0,0.0,88.0,2.0,0.0,0.0,0.0,0.0,0.0,90.0,0.0,0.0,0.0,0.0,0.0,0.0,90.0,0.0
1821,TELUR MASIN,4 Biji,BARANGAN SEGAR,TELUR,1.0,0.0,0.0,0.0,0.0,0.0,42.0,0.0,0.0,0.0,0.0,43.0,1.0,0.0,0.0,0.0,0.0,0.0,42.0,0.0,0.0,0.0,0.0,0.0,1.0,45.0,1.0
1822,BERAS SUPER SPECIAL TEMPATAN SABAH RICE VAGAS TOKOU,10 kg,BARANGAN BERBUNGKUS,BERAS,0.0,0.0,0.0,0.0,0.0,0.0,4.0,0.0,0.0,0.0,0.0,3.0,0.0,0.0,0.0,0.0,0.0,0.0,4.0,0.0,0.0,0.0,0.0,0.0,0.0,4.0,0.0
1823,BERAS TQR SABAH CAP TKC 5%,10 kg,BARANGAN BERBUNGKUS,BERAS,0.0,0.0,0.0,0.0,0.0,0.0,6.0,0.0,0.0,0.0,0.0,6.0,0.0,0.0,0.0,0.0,0.0,0.0,6.0,0.0,0.0,0.0,0.0,0.0,0.0,6.0,0.0
1824,BERAS SUPER HUMA CAP KELISA EMAS (SABAH),10 kg,BARANGAN BERBUNGKUS,BERAS,0.0,0.0,0.0,0.0,0.0,0.0,5.0,0.0,0.0,0.0,0.0,6.0,0.0,0.0,0.0,0.0,0.0,0.0,6.0,0.0,0.0,0.0,0.0,0.0,0.0,4.0,0.0
1825,BERAS SUPER CAP ANGGUR SAZARICE 5% (IMPORT THAILAND),10 kg,BARANGAN BERBUNGKUS,BERAS,0.0,0.0,0.0,0.0,0.0,0.0,21.0,0.0,0.0,0.0,0.0,21.0,0.0,0.0,0.0,0.0,0.0,0.0,22.0,0.0,0.0,0.0,0.0,0.0,0.0,20.0,0.0
1826,BERAS SUPER CAP RODA SAZARICE 5% (IMPORT THAILAND),10 kg,BARANGAN BERBUNGKUS,BERAS,0.0,0.0,0.0,0.0,0.0,0.0,22.0,0.0,0.0,0.0,0.0,21.0,0.0,0.0,0.0,0.0,0.0,0.0,21.0,0.0,0.0,0.0,0.0,0.0,0.0,20.0,0.0
1827,"TEPUNG GANDUM NGP (BERBUNGKUS, CAP MUHIBAH)",1kg,BARANGAN BERBUNGKUS,TEPUNG,0.0,0.0,0.0,0.0,0.0,0.0,10.0,0.0,0.0,0.0,0.0,11.0,0.0,0.0,0.0,0.0,0.0,0.0,11.0,0.0,0.0,0.0,0.0,0.0,0.0,11.0,0.0
1828,KICAP SOYA PEKAT MANIS CAP AYAM,330 ml,BARANGAN BERBUNGKUS,KICAP DAN SOS,0.0,0.0,0.0,0.0,0.0,0.0,16.0,0.0,0.0,0.0,0.0,17.0,0.0,0.0,0.0,0.0,0.0,0.0,18.0,0.0,0.0,0.0,0.0,0.0,0.0,18.0,0.0
1829,BUTTERLITE (LEPA SUSU ISTIMEWA),250 g,BARANGAN BERBUNGKUS,SAPUAN (SPREADS),0.0,0.0,0.0,0.0,0.0,0.0,4.0,0.0,0.0,0.0,0.0,4.0,0.0,0.0,0.0,0.0,0.0,0.0,5.0,0.0,0.0,0.0,0.0,0.0,0.0,4.0,0.0
1833,BERAS PREMIUM CAP UNCLE TAN,10 kg,BARANGAN BERBUNGKUS,BERAS,0.0,0.0,0.0,0.0,0.0,0.0,10.0,0.0,0.0,0.0,0.0,10.0,0.0,0.0,0.0,0.0,0.0,0.0,11.0,0.0,0.0,0.0,0.0,0.0,0.0,11.0,0.0
1837,KICAP TONG NAM (DARK SOY SAUCE),330 ml,BARANGAN BERBUNGKUS,KICAP DAN SOS,0.0,0.0,0.0,0.0,0.0,0.0,14.0,0.0,0.0,0.0,0.0,13.0,0.0,0.0,0.0,0.0,0.0,0.0,14.0,0.0,0.0,0.0,0.0,0.0,0.0,14.0,0.0
1838,SERBUK KARI IKAN ALAGAPPAS,200 g,BARANGAN BERBUNGKUS,REMPAH RATUS (BERBUNGKUS),0.0,0.0,0.0,0.0,0.0,0.0,5.0,0.0,0.0,0.0,0.0,5.0,0.0,0.0,0.0,0.0,0.0,0.0,5.0,0.0,0.0,0.0,0.0,0.0,0.0,5.0,0.0
1839,SERBUK KARI DAGING ALAGAPPAS,200 g,BARANGAN BERBUNGKUS,REMPAH RATUS (BERBUNGKUS),0.0,0.0,0.0,0.0,0.0,0.0,5.0,0.0,0.0,0.0,0.0,5.0,0.0,0.0,0.0,0.0,0.0,0.0,5.0,0.0,0.0,0.0,0.0,0.0,0.0,5.0,0.0
1849,TEPUNG NAIK SENDIRI CAP 'BLUE KEY',1kg,BARANGAN BERBUNGKUS,TEPUNG,0.0,0.0,0.0,0.0,0.0,0.0,74.0,0.0,0.0,0.0,0.0,72.0,4.0,0.0,0.0,0.0,0.0,0.0,79.0,0.0,0.0,0.0,0.0,0.0,0.0,81.0,0.0
1851,TENOM COFFEE WANG EMAS (SERBUK),180 g,MINUMAN,BAHAN-BAHAN MINUMAN,0.0,0.0,0.0,0.0,0.0,0.0,0.0,0.0,0.0,0.0,0.0,0.0,0.0,0.0,0.0,0.0,0.0,0.0,0.0,0.0,0.0,0.0,0.0,0.0,0.0,3.0,0.0
1852,DESA FRESH MILK (KOTAK),1 liter,MINUMAN,TERSEDIA MINUM,0.0,0.0,0.0,0.0,0.0,0.0,0.0,0.0,0.0,0.0,0.0,0.0,0.0,0.0,0.0,0.0,0.0,0.0,0.0,0.0,0.0,0.0,0.0,0.0,0.0,1.0,0.0
1854,KORDIAL F&N SUN VALLEY (GRENADINE),2 liter,MINUMAN,BAHAN-BAHAN MINUMAN,0.0,0.0,0.0,0.0,0.0,0.0,0.0,0.0,0.0,0.0,0.0,0.0,0.0,0.0,0.0,0.0,0.0,0.0,0.0,0.0,0.0,0.0,0.0,0.0,0.0,37.0,0.0
1870,"TEPUNG GANDUM NGP (BERBUNGKUS, CAP  FAIZA)",1kg,BARANGAN BERBUNGKUS,TEPUNG,0.0,0.0,0.0,0.0,0.0,0.0,33.0,0.0,0.0,0.0,0.0,32.0,1.0,0.0,0.0,0.0,0.0,0.0,31.0,0.0,0.0,0.0,0.0,0.0,0.0,33.0,0.0
1871,KRIMER SEJAT CAIR SAJI,390g,BARANGAN BERBUNGKUS,KRIMER DAN SUSU TEPUNG,0.0,0.0,0.0,0.0,0.0,0.0,84.0,0.0,0.0,0.0,0.0,81.0,0.0,0.0,0.0,0.0,0.0,0.0,82.0,0.0,0.0,0.0,0.0,0.0,0.0,82.0,0.0
1872,MAYONIS SEBENAR LADY'S CHOICE,220ml,BARANGAN BERBUNGKUS,SAPUAN (SPREADS),0.0,0.0,0.0,0.0,0.0,0.0,95.0,0.0,0.0,0.0,0.0,96.0,3.0,0.0,0.0,0.0,0.0,0.0,92.0,0.0,0.0,0.0,0.0,0.0,0.0,95.0,0.0
1873,KRIMER MANIS CAP TEAPOT,500 g,BARANGAN BERBUNGKUS,KRIMER DAN SUSU TEPUNG,0.0,0.0,0.0,0.0,0.0,0.0,12.0,0.0,0.0,0.0,0.0,12.0,0.0,0.0,0.0,0.0,0.0,0.0,13.0,0.0,0.0,0.0,0.0,0.0,0.0,12.0,0.0
1876,PELEMBUT PAKAIAN - DOWNY (PREMIUM PARFUM PASSION),800ml,PRODUK KEBERSIHAN,PENJAGAAN RUMAH,0.0,0.0,0.0,0.0,0.0,0.0,0.0,0.0,0.0,0.0,0.0,0.0,0.0,0.0,0.0,0.0,0.0,0.0,0.0,0.0,0.0,0.0,0.0,0.0,0.0,82.0,0.0
1879,SEVEN UP LEMON & LIME (TIN),320ml,MINUMAN,TERSEDIA MINUM,0.0,0.0,0.0,0.0,0.0,0.0,0.0,0.0,0.0,0.0,0.0,0.0,0.0,0.0,0.0,0.0,0.0,0.0,0.0,0.0,0.0,0.0,0.0,0.0,0.0,35.0,0.0
1881,SERBUK CABAI ALAGAPPAS,230g,BARANGAN BERBUNGKUS,REMPAH RATUS (BERBUNGKUS),0.0,0.0,0.0,0.0,0.0,0.0,14.0,0.0,0.0,0.0,0.0,13.0,1.0,0.0,0.0,0.0,0.0,0.0,14.0,0.0,0.0,0.0,0.0,0.0,0.0,15.0,0.0
1882,TUNA CAP AYAM (TUNA MAYONNAISE),160 g,BARANGAN BERBUNGKUS,IKAN DALAM TIN,0.0,0.0,0.0,0.0,0.0,0.0,110.0,0.0,0.0,0.0,0.0,102.0,4.0,0.0,0.0,0.0,0.0,0.0,102.0,0.0,0.0,0.0,0.0,0.0,0.0,106.0,0.0
1899,CILI KERING KERINTING (BERTANGKAI/TIDAK BERTANGKAI),1kg,BARANGAN KERING,CILI KERING,0.0,0.0,0.0,0.0,0.0,0.0,56.0,0.0,0.0,0.0,0.0,52.0,4.0,0.0,0.0,0.0,0.0,0.0,60.0,0.0,0.0,0.0,0.0,0.0,0.0,62.0,0.0
1900,CILI KERING LEPER (BERTANGKAI/TIDAK BERTANGKAI),1kg,BARANGAN KERING,CILI KERING,1.0,1.0,1.0,1.0,1.0,1.0,40.0,1.0,1.0,1.0,1.0,41.0,2.0,1.0,1.0,1.0,1.0,1.0,47.0,1.0,1.0,1.0,1.0,1.0,1.0,45.0,1.0
1904,DUMEX DUGRO 3 (1-3 TAHUN) PERISA ASLI (850G),850g,SUSU DAN BARANGAN BAYI,SUSU BAYI,0.0,0.0,0.0,0.0,0.0,0.0,111.0,0.0,0.0,0.0,0.0,113.0,0.0,0.0,0.0,0.0,0.0,0.0,114.0,0.0,0.0,0.0,0.0,0.0,0.0,111.0,0.0
1907,DAGING KAMBING BEBIRI IMPORT BERTULANG (LAMB) (AUSTRALIA - KOTAK) (1KG),1kg,BARANGAN SEGAR,DAGING,0.0,0.0,0.0,0.0,0.0,0.0,3.0,0.0,0.0,0.0,0.0,3.0,0.0,0.0,0.0,0.0,0.0,0.0,2.0,0.0,0.0,0.0,0.0,0.0,0.0,2.0,0.0
1914,DAGING KERBAU IMPORT (INDIA) (BLOCK),1kg,BARANGAN SEGAR,DAGING,0.0,0.0,0.0,0.0,0.0,0.0,6.0,0.0,0.0,0.0,0.0,5.0,1.0,0.0,0.0,0.0,0.0,0.0,4.0,0.0,0.0,0.0,0.0,0.0,0.0,5.0,0.0
1915,IKAN JENAHAK (KEPINGAN),1kg,BARANGAN SEGAR,BAHAN LAUT,0.0,0.0,0.0,0.0,0.0,0.0,2.0,0.0,0.0,0.0,0.0,1.0,0.0,0.0,0.0,0.0,0.0,0.0,2.0,0.0,0.0,0.0,0.0,0.0,0.0,0.0,0.0
1916,IKAN DEMUDUK/CUPAK/CERMIN (b	$ 3 EKOR SEKILOGRAM),1kg,BARANGAN SEGAR,BAHAN LAUT,0.0,0.0,0.0,0.0,0.0,0.0,2.0,0.0,0.0,0.0,0.0,1.0,1.0,0.0,0.0,0.0,0.0,0.0,4.0,0.0,0.0,0.0,0.0,0.0,0.0,3.0,0.0
1920,KERANG (SAIZ SEDERHANA),1kg,BARANGAN SEGAR,BAHAN LAUT,0.0,0.0,0.0,0.0,0.0,0.0,8.0,0.0,0.0,0.0,0.0,6.0,0.0,0.0,0.0,0.0,0.0,0.0,6.0,0.0,0.0,0.0,0.0,0.0,0.0,4.0,0.0
1921,IKAN TILAPIA MERAH (ANTARA 2 HINGGA 5 EKOR SEKILOGRAM),1kg,BARANGAN SEGAR,IKAN DARAT,0.0,0.0,0.0,0.0,0.0,0.0,20.0,0.0,0.0,0.0,0.0,19.0,1.0,0.0,0.0,0.0,0.0,0.0,20.0,0.0,0.0,0.0,0.0,0.0,0.0,24.0,0.0
1922,SADERI,1kg,BARANGAN SEGAR,SAYUR-SAYURAN,1.0,1.0,1.0,1.0,1.0,1.0,29.0,1.0,1.0,1.0,1.0,30.0,1.0,0.0,1.0,1.0,1.0,1.0,33.0,1.0,1.0,1.0,1.0,1.0,1.0,34.0,0.0
1923,TERUNG BULAT,1kg,BARANGAN SEGAR,SAYUR-SAYURAN,1.0,1.0,1.0,1.0,1.0,1.0,26.0,1.0,1.0,1.0,1.0,26.0,3.0,1.0,1.0,1.0,1.0,1.0,28.0,1.0,1.0,1.0,1.0,1.0,1.0,28.0,1.0
1924,SERBUK KUNYIT ALAGAPPAS,230g,BARANGAN BERBUNGKUS,REMPAH RATUS (BERBUNGKUS),0.0,0.0,0.0,0.0,0.0,0.0,7.0,0.0,0.0,0.0,0.0,7.0,0.0,0.0,0.0,0.0,0.0,0.0,8.0,0.0,0.0,0.0,0.0,0.0,0.0,7.0,0.0
1925,CILI API/PADI MERAH,1kg,BARANGAN SEGAR,SAYUR-SAYURAN,0.0,0.0,0.0,0.0,0.0,0.0,1.0,0.0,0.0,0.0,0.0,1.0,0.0,0.0,0.0,0.0,0.0,0.0,1.0,0.0,0.0,0.0,0.0,0.0,0.0,1.0,0.0
1926,CILI AKAR HIJAU,1kg,BARANGAN SEGAR,SAYUR-SAYURAN,1.0,1.0,1.0,1.0,1.0,1.0,55.0,1.0,1.0,1.0,1.0,55.0,2.0,1.0,1.0,1.0,1.0,1.0,57.0,1.0,1.0,1.0,1.0,1.0,1.0,51.0,1.0
1927,CILI AKAR MERAH,1kg,BARANGAN SEGAR,SAYUR-SAYURAN,1.0,1.0,1.0,1.0,1.0,1.0,36.0,1.0,1.0,1.0,1.0,36.0,2.0,1.0,1.0,1.0,1.0,1.0,35.0,1.0,1.0,1.0,1.0,1.0,1.0,35.0,1.0
1928,LIMAU KASTURI,1kg,BARANGAN SEGAR,SAYUR-SAYURAN,1.0,1.0,1.0,1.0,1.0,1.0,57.0,1.0,1.0,0.0,1.0,54.0,2.0,1.0,1.0,1.0,1.0,1.0,53.0,1.0,1.0,1.0,1.0,1.0,1.0,55.0,1.0
1930,TELUR AYAM KAMPUNG,10 biji,BARANGAN SEGAR,TELUR,0.0,0.0,0.0,0.0,0.0,0.0,7.0,0.0,0.0,0.0,0.0,10.0,2.0,0.0,0.0,0.0,0.0,0.0,12.0,0.0,0.0,0.0,0.0,0.0,0.0,11.0,0.0
1931,BAWANG BESAR IMPORT (PAKISTAN),1kg,BARANGAN KERING,BAWANG,0.0,0.0,0.0,0.0,0.0,0.0,4.0,0.0,0.0,0.0,0.0,2.0,2.0,0.0,0.0,0.0,0.0,0.0,4.0,0.0,0.0,0.0,0.0,0.0,0.0,4.0,0.0
1933,BAWANG KECIL MERAH IMPORT (HOLLAND),1kg,BARANGAN KERING,BAWANG,0.0,0.0,0.0,0.0,0.0,0.0,0.0,0.0,0.0,0.0,0.0,1.0,0.0,0.0,0.0,0.0,0.0,0.0,1.0,0.0,0.0,0.0,0.0,0.0,0.0,0.0,0.0
1934,MINYAK MASAK SEBATIAN CAP ADELA GOLD,1kg,BARANGAN BERBUNGKUS,MINYAK DAN LEMAK,0.0,0.0,0.0,0.0,0.0,0.0,1.0,0.0,0.0,0.0,0.0,1.0,0.0,0.0,0.0,0.0,0.0,0.0,1.0,0.0,0.0,0.0,0.0,0.0,0.0,1.0,0.0
1936,MINYAK MASAK SEBATIAN CAP ADELA GOLD,5 kg,BARANGAN BERBUNGKUS,MINYAK DAN LEMAK,0.0,0.0,0.0,0.0,0.0,0.0,1.0,0.0,0.0,0.0,0.0,1.0,0.0,0.0,0.0,0.0,0.0,0.0,1.0,0.0,0.0,0.0,0.0,0.0,0.0,1.0,0.0
1937,MINYAK MASAK TULEN CAP SAJI,1kg,BARANGAN BERBUNGKUS,MINYAK DAN LEMAK,1.0,1.0,1.0,1.0,1.0,1.0,21.0,1.0,1.0,1.0,1.0,23.0,2.0,1.0,1.0,1.0,1.0,1.0,19.0,0.0,0.0,0.0,0.0,0.0,0.0,24.0,0.0
1938,MINYAK MASAK TULEN CAP SAJI,2 kg,BARANGAN BERBUNGKUS,MINYAK DAN LEMAK,0.0,0.0,0.0,0.0,0.0,0.0,78.0,0.0,0.0,0.0,0.0,75.0,3.0,1.0,1.0,1.0,1.0,1.0,74.0,1.0,1.0,1.0,1.0,1.0,1.0,70.0,1.0
1939,MINYAK MASAK TULEN CAP SAJI,5 kg,BARANGAN BERBUNGKUS,MINYAK DAN LEMAK,1.0,1.0,1.0,1.0,1.0,1.0,86.0,1.0,1.0,1.0,1.0,82.0,1.0,1.0,1.0,1.0,1.0,0.0,83.0,0.0,0.0,1.0,0.0,0.0,0.0,78.0,0.0
1940,MINYAK MASAK TULEN CAP ALIF,1kg,BARANGAN BERBUNGKUS,MINYAK DAN LEMAK,0.0,0.0,0.0,0.0,0.0,0.0,4.0,0.0,0.0,0.0,0.0,3.0,0.0,0.0,0.0,0.0,0.0,0.0,4.0,0.0,0.0,0.0,0.0,0.0,0.0,4.0,0.0
1941,MINYAK MASAK TULEN CAP ALIF,2 kg,BARANGAN BERBUNGKUS,MINYAK DAN LEMAK,1.0,1.0,1.0,1.0,1.0,1.0,18.0,1.0,1.0,1.0,1.0,17.0,1.0,0.0,1.0,1.0,1.0,1.0,18.0,1.0,1.0,1.0,1.0,1.0,1.0,20.0,1.0
1942,MINYAK MASAK TULEN CAP ALIF,5 kg,BARANGAN BERBUNGKUS,MINYAK DAN LEMAK,1.0,1.0,1.0,1.0,1.0,1.0,21.0,1.0,1.0,1.0,1.0,20.0,1.0,1.0,1.0,1.0,1.0,1.0,21.0,1.0,1.0,1.0,1.0,1.0,1.0,23.0,1.0
1943,KACANG MERAH (IMPORT),1kg,BARANGAN KERING,KACANG,0.0,0.0,0.0,0.0,0.0,0.0,48.0,0.0,0.0,0.0,0.0,45.0,3.0,0.0,0.0,0.0,0.0,0.0,46.0,0.0,0.0,0.0,0.0,0.0,0.0,49.0,0.0
1944,KACANG SOYA (IMPORT),1kg,BARANGAN KERING,KACANG,1.0,1.0,1.0,1.0,1.0,1.0,33.0,1.0,1.0,1.0,1.0,31.0,3.0,1.0,1.0,1.0,1.0,1.0,31.0,1.0,1.0,1.0,1.0,1.0,1.0,33.0,1.0
1945,TAUHU (JENIS KERAS),sekeping,BARANGAN SEGAR,TAUHU DAN TEMPE,0.0,0.0,0.0,0.0,0.0,1.0,33.0,1.0,1.0,1.0,1.0,32.0,2.0,1.0,1.0,1.0,1.0,1.0,35.0,1.0,1.0,1.0,1.0,1.0,1.0,33.0,1.0
1946,TEMPE (BUNGKUSAN PLASTIK),sekeping,BARANGAN SEGAR,TAUHU DAN TEMPE,0.0,0.0,0.0,0.0,0.0,1.0,42.0,1.0,1.0,1.0,1.0,42.0,2.0,1.0,1.0,1.0,1.0,1.0,44.0,1.0,1.0,1.0,1.0,1.0,1.0,43.0,1.0
1947,SERBUK PENAIK ROYAL (TIN),113g,BARANGAN BERBUNGKUS,ESEN DAN RAGI,0.0,0.0,0.0,0.0,0.0,0.0,39.0,0.0,0.0,0.0,0.0,40.0,2.0,0.0,0.0,0.0,0.0,0.0,42.0,0.0,0.0,0.0,0.0,0.0,0.0,42.0,0.0
1948,RAGI BULAT/RAGI TAPAI,1 biji,BARANGAN BERBUNGKUS,ESEN DAN RAGI,0.0,0.0,0.0,0.0,0.0,0.0,4.0,0.0,0.0,0.0,0.0,3.0,1.0,0.0,0.0,0.0,0.0,0.0,3.0,0.0,0.0,0.0,0.0,0.0,0.0,3.0,0.0
1949,ROTI WHOLEMEAL (PELBAGAI JENAMA),400 g,BARANGAN BERBUNGKUS,ROTI,0.0,0.0,0.0,0.0,0.0,0.0,1.0,0.0,0.0,0.0,0.0,1.0,0.0,0.0,0.0,0.0,0.0,0.0,0.0,0.0,0.0,0.0,0.0,0.0,0.0,0.0,0.0
1950,BUNGA RAYA YIS SEGERA,11g,BARANGAN BERBUNGKUS,ESEN DAN RAGI,0.0,0.0,0.0,0.0,0.0,0.0,4.0,0.0,0.0,0.0,0.0,4.0,0.0,0.0,0.0,0.0,0.0,0.0,4.0,0.0,0.0,0.0,0.0,0.0,0.0,3.0,0.0
1951,BERAS SUPER CAP 3A BOY (IMPORT),10 kg,BARANGAN BERBUNGKUS,BERAS,0.0,0.0,0.0,0.0,0.0,0.0,22.0,0.0,0.0,0.0,0.0,22.0,0.0,0.0,0.0,0.0,0.0,0.0,22.0,0.0,0.0,0.0,0.0,0.0,0.0,22.0,0.0
1952,KRIMER SEJAT CAP F&N,390g,BARANGAN BERBUNGKUS,KRIMER DAN SUSU TEPUNG,0.0,0.0,0.0,0.0,0.0,0.0,85.0,0.0,0.0,0.0,0.0,82.0,3.0,0.0,0.0,0.0,0.0,0.0,89.0,0.0,0.0,0.0,0.0,0.0,0.0,86.0,0.0
1953,KRIMER MANIS PEKAT CAP SAJI,500 g,BARANGAN BERBUNGKUS,KRIMER DAN SUSU TEPUNG,0.0,0.0,0.0,0.0,0.0,0.0,86.0,0.0,0.0,0.0,0.0,86.0,2.0,0.0,0.0,0.0,0.0,0.0,91.0,0.0,0.0,0.0,0.0,0.0,0.0,93.0,0.0
1954,SUSU TEPUNG SEGERA EVERYDAY,900 g,BARANGAN BERBUNGKUS,KRIMER DAN SUSU TEPUNG,0.0,0.0,0.0,0.0,0.0,0.0,32.0,0.0,0.0,0.0,0.0,32.0,0.0,0.0,0.0,0.0,0.0,0.0,29.0,0.0,0.0,0.0,0.0,0.0,0.0,32.0,0.0
1955,YOGURT MARIGOLD (LOW FAT) (STRAWBERRY),130g,MINUMAN,TERSEDIA MINUM,0.0,0.0,0.0,0.0,0.0,0.0,0.0,0.0,0.0,0.0,0.0,0.0,0.0,0.0,0.0,0.0,0.0,0.0,0.0,0.0,0.0,0.0,0.0,0.0,0.0,25.0,0.0
1956,NAN PRO LANGKAH 1 RUMUSAN BAYI (KOTAK),600 g,SUSU DAN BARANGAN BAYI,SUSU BAYI,0.0,0.0,0.0,0.0,0.0,0.0,2.0,0.0,0.0,0.0,0.0,2.0,0.0,0.0,0.0,0.0,0.0,0.0,2.0,0.0,0.0,0.0,0.0,0.0,0.0,2.0,0.0
1957,NAN PRO LANGKAH 2 RUMUSAN SUSULAN (KOTAK),600 g,SUSU DAN BARANGAN BAYI,SUSU BAYI,0.0,0.0,0.0,0.0,0.0,0.0,3.0,0.0,0.0,0.0,0.0,3.0,0.0,0.0,0.0,0.0,0.0,0.0,3.0,0.0,0.0,0.0,0.0,0.0,0.0,3.0,0.0
1958,NANKID OPTIPRO LANGKAH 3 RUMUSAN UNTUK KANAK-KANAK,600 g,SUSU DAN BARANGAN BAYI,SUSU BAYI,0.0,0.0,0.0,0.0,0.0,0.0,3.0,0.0,0.0,0.0,0.0,4.0,0.0,0.0,0.0,0.0,0.0,0.0,4.0,0.0,0.0,0.0,0.0,0.0,0.0,3.0,0.0
1959,SUSU SEGAR FARM FRESH,1 liter,MINUMAN,TERSEDIA MINUM,0.0,0.0,0.0,0.0,0.0,0.0,0.0,0.0,0.0,0.0,0.0,0.0,0.0,0.0,0.0,0.0,0.0,0.0,0.0,0.0,0.0,0.0,0.0,0.0,0.0,7.0,0.0
1960,SUSU SEGAR KURMA FARM FRESH,700 g,MINUMAN,TERSEDIA MINUM,0.0,0.0,0.0,0.0,0.0,0.0,0.0,0.0,0.0,0.0,0.0,0.0,0.0,0.0,0.0,0.0,0.0,0.0,0.0,0.0,0.0,0.0,0.0,0.0,0.0,5.0,0.0
1961,ANMUM ESSENTIAL LANGKAH 4 PERISA ASLI (TANPA GULA TAMBAHAN) - TIN,1.5kg,SUSU DAN BARANGAN BAYI,SUSU BAYI,0.0,0.0,0.0,0.0,0.0,0.0,1.0,0.0,0.0,0.0,0.0,1.0,0.0,0.0,0.0,0.0,0.0,0.0,0.0,0.0,0.0,0.0,0.0,0.0,0.0,0.0,0.0
1962,NESTUM (ORIGINAL),500 g,MINUMAN,BAHAN-BAHAN MINUMAN,0.0,0.0,0.0,0.0,0.0,0.0,0.0,0.0,0.0,0.0,0.0,0.0,0.0,0.0,0.0,0.0,0.0,0.0,0.0,0.0,0.0,0.0,0.0,0.0,0.0,98.0,0.0
1963,REFILL ANMUM ESSENTIAL LANGKAH 4 PERISA ASLI (TANPA GULA TAMBAHAN) - KOTAK,550 g,SUSU DAN BARANGAN BAYI,SUSU BAYI,0.0,0.0,0.0,0.0,0.0,0.0,32.0,0.0,0.0,0.0,0.0,28.0,0.0,0.0,0.0,0.0,0.0,0.0,29.0,0.0,0.0,0.0,0.0,0.0,0.0,30.0,0.0
1964,QUAKER OATS INSTANT OATMEALS,1kg,MINUMAN,BAHAN-BAHAN MINUMAN,0.0,0.0,0.0,0.0,0.0,0.0,0.0,0.0,0.0,0.0,0.0,0.0,0.0,0.0,0.0,0.0,0.0,0.0,0.0,0.0,0.0,0.0,0.0,0.0,0.0,4.0,0.0
1965,PEDIASURE (VANILA),600 g,SUSU DAN BARANGAN BAYI,SUSU BAYI,0.0,0.0,0.0,0.0,0.0,0.0,37.0,0.0,0.0,0.0,0.0,37.0,0.0,0.0,0.0,0.0,0.0,0.0,36.0,0.0,0.0,0.0,0.0,0.0,0.0,36.0,0.0
1966,MILNA BISKUT RUSK (ASLI),130g,SUSU DAN BARANGAN BAYI,MAKANAN BAYI,0.0,0.0,0.0,0.0,0.0,0.0,38.0,0.0,0.0,0.0,0.0,40.0,0.0,0.0,0.0,0.0,0.0,0.0,40.0,0.0,0.0,0.0,0.0,0.0,0.0,37.0,0.0
1967,PETPET GOLD+,M70,SUSU DAN BARANGAN BAYI,LAMPIN PAKAI BUANG,0.0,0.0,0.0,0.0,0.0,0.0,15.0,0.0,0.0,0.0,0.0,13.0,1.0,0.0,0.0,0.0,0.0,0.0,14.0,0.0,0.0,0.0,0.0,0.0,0.0,13.0,0.0
1968,DRYPERS WEE WEE DRY (M74),M74,SUSU DAN BARANGAN BAYI,LAMPIN PAKAI BUANG,0.0,0.0,0.0,0.0,0.0,0.0,7.0,0.0,0.0,0.0,0.0,6.0,0.0,0.0,0.0,0.0,0.0,0.0,5.0,0.0,0.0,0.0,0.0,0.0,0.0,6.0,0.0
1969,HUGGIES DRY DIAPERS (M72),M72,SUSU DAN BARANGAN BAYI,LAMPIN PAKAI BUANG,0.0,0.0,0.0,0.0,0.0,0.0,7.0,0.0,0.0,0.0,0.0,5.0,0.0,0.0,0.0,0.0,0.0,0.0,5.0,0.0,0.0,0.0,0.0,0.0,0.0,5.0,0.0
1970,DIAPEX EASY,M70,SUSU DAN BARANGAN BAYI,LAMPIN PAKAI BUANG,0.0,0.0,0.0,0.0,0.0,0.0,30.0,0.0,0.0,0.0,0.0,25.0,0.0,0.0,0.0,0.0,0.0,0.0,24.0,0.0,0.0,0.0,0.0,0.0,0.0,22.0,0.0
1971,FITTI,M60,SUSU DAN BARANGAN BAYI,LAMPIN PAKAI BUANG,0.0,0.0,0.0,0.0,0.0,0.0,4.0,0.0,0.0,0.0,0.0,4.0,1.0,0.0,0.0,0.0,0.0,0.0,4.0,0.0,0.0,0.0,0.0,0.0,0.0,2.0,0.0
1972,MAMYPOKO EXTRA DRY,M54,SUSU DAN BARANGAN BAYI,LAMPIN PAKAI BUANG,0.0,0.0,0.0,0.0,0.0,0.0,4.0,0.0,0.0,0.0,0.0,4.0,0.0,0.0,0.0,0.0,0.0,0.0,4.0,0.0,0.0,0.0,0.0,0.0,0.0,4.0,0.0
1974,DRYPERS DRYPANTZ,M60,SUSU DAN BARANGAN BAYI,LAMPIN PAKAI BUANG,0.0,0.0,0.0,0.0,0.0,0.0,5.0,0.0,0.0,0.0,0.0,6.0,0.0,0.0,0.0,0.0,0.0,0.0,4.0,0.0,0.0,0.0,0.0,0.0,0.0,4.0,0.0
1975,HUGGIES DRY PANTS,M60,SUSU DAN BARANGAN BAYI,LAMPIN PAKAI BUANG,0.0,0.0,0.0,0.0,0.0,0.0,15.0,0.0,0.0,0.0,0.0,14.0,0.0,0.0,0.0,0.0,0.0,0.0,16.0,0.0,0.0,0.0,0.0,0.0,0.0,16.0,0.0
1976,MAGGI MI SEGERA PERISA KARI,5 X 79g,BARANGAN BERBUNGKUS,MI SEGERA,0.0,0.0,0.0,0.0,0.0,0.0,222.0,0.0,0.0,0.0,0.0,217.0,8.0,0.0,0.0,0.0,0.0,0.0,215.0,0.0,0.0,0.0,0.0,0.0,0.0,215.0,0.0
1977,CINTAN MI SEGERA PERISA AYAM,5 X 75g,BARANGAN BERBUNGKUS,MI SEGERA,0.0,0.0,0.0,0.0,0.0,0.0,14.0,0.0,0.0,0.0,0.0,12.0,0.0,0.0,0.0,0.0,0.0,0.0,13.0,0.0,0.0,0.0,0.0,0.0,0.0,13.0,0.0
1978,MI SEDAP MI GORENG PERISA ASLI,5 X 90g,BARANGAN BERBUNGKUS,MI SEGERA,0.0,0.0,0.0,0.0,0.0,0.0,194.0,0.0,0.0,0.0,0.0,195.0,4.0,0.0,0.0,0.0,0.0,0.0,197.0,0.0,0.0,0.0,0.0,0.0,0.0,197.0,0.0
1979,SABUN MANDIAN LIFEBUOY (COOL FRESH),300ml,PRODUK KEBERSIHAN,PENJAGAAN DIRI,0.0,0.0,0.0,0.0,0.0,0.0,0.0,0.0,0.0,0.0,0.0,0.0,0.0,0.0,0.0,0.0,0.0,0.0,0.0,0.0,0.0,0.0,0.0,0.0,0.0,120.0,0.0
1980,SABUN MANDIAN DETTOL ANTIBACTERIAL (FRESH),500 ml,PRODUK KEBERSIHAN,PENJAGAAN DIRI,0.0,0.0,0.0,0.0,0.0,0.0,0.0,0.0,0.0,0.0,0.0,0.0,0.0,0.0,0.0,0.0,0.0,0.0,0.0,0.0,0.0,0.0,0.0,0.0,1.0,73.0,0.0
1981,SABUN MANDIAN LUX (MAGICAL SPELL),220 ml,PRODUK KEBERSIHAN,PENJAGAAN DIRI,0.0,0.0,0.0,0.0,0.0,0.0,0.0,0.0,0.0,0.0,0.0,0.0,0.0,0.0,0.0,0.0,0.0,0.0,0.0,0.0,0.0,0.0,0.0,0.0,0.0,3.0,0.0
1982,SYAMPU REJOICE (RICH SOFT SMOOTH),340ml,PRODUK KEBERSIHAN,PENJAGAAN DIRI,0.0,0.0,0.0,0.0,0.0,0.0,0.0,0.0,0.0,0.0,0.0,0.0,0.0,0.0,0.0,0.0,0.0,0.0,0.0,0.0,0.0,0.0,0.0,0.0,0.0,50.0,0.0
1983,SYAMPU PANTENE PRO-V (HAIR FALL CONTROL),340ml,PRODUK KEBERSIHAN,PENJAGAAN DIRI,0.0,0.0,0.0,0.0,0.0,0.0,0.0,0.0,0.0,0.0,0.0,0.0,0.0,0.0,0.0,0.0,0.0,0.0,0.0,0.0,0.0,0.0,0.0,0.0,0.0,41.0,0.0
1984,SYAMPU HEAD & SHOULDERS (SMOOTH & SILKY),330 ml,PRODUK KEBERSIHAN,PENJAGAAN DIRI,0.0,0.0,0.0,0.0,0.0,0.0,0.0,0.0,0.0,0.0,0.0,0.0,0.0,0.0,0.0,0.0,0.0,0.0,0.0,0.0,0.0,0.0,0.0,0.0,0.0,42.0,0.0
1985,TUALA WANITA KOTEX SOFT & SMOOTH (MAXI - NON WING),10 PAD,PRODUK KEBERSIHAN,PENJAGAAN DIRI,0.0,0.0,0.0,0.0,0.0,0.0,0.0,0.0,0.0,0.0,0.0,0.0,0.0,0.0,0.0,0.0,0.0,0.0,0.0,0.0,0.0,0.0,0.0,0.0,0.0,79.0,0.0
1986,TUALA WANITA LIBRESSE (MAXI - NON WING),10 PAD,PRODUK KEBERSIHAN,PENJAGAAN DIRI,0.0,0.0,0.0,0.0,0.0,0.0,0.0,0.0,0.0,0.0,0.0,0.0,0.0,0.0,0.0,0.0,0.0,0.0,0.0,0.0,0.0,0.0,0.0,0.0,0.0,100.0,0.0
1987,DEODORAN NIVEA MAN (BLACK & WHITE INVISIBLE - ORIGINAL),150 ml,PRODUK KEBERSIHAN,PENJAGAAN DIRI,0.0,0.0,0.0,0.0,0.0,0.0,0.0,0.0,0.0,0.0,0.0,0.0,0.0,0.0,0.0,0.0,0.0,0.0,0.0,0.0,0.0,0.0,0.0,0.0,0.0,14.0,0.0
1988,DEODORAN NIVEA (EXTRA BRIGHTENING),150 ml,PRODUK KEBERSIHAN,PENJAGAAN DIRI,0.0,0.0,0.0,0.0,0.0,0.0,0.0,0.0,0.0,0.0,0.0,0.0,0.0,0.0,0.0,0.0,0.0,0.0,0.0,0.0,0.0,0.0,0.0,0.0,0.0,11.0,0.0
1989,DEODORAN REXONA MEN (SPORT DEFENSE),50 ml,PRODUK KEBERSIHAN,PENJAGAAN DIRI,0.0,0.0,0.0,0.0,0.0,0.0,0.0,0.0,0.0,0.0,0.0,0.0,0.0,0.0,0.0,0.0,0.0,0.0,0.0,0.0,0.0,0.0,0.0,0.0,0.0,56.0,0.0
1990,DEODORAN REXONA (POWDER DRY BRIGHTENING),50 ml,PRODUK KEBERSIHAN,PENJAGAAN DIRI,0.0,0.0,0.0,0.0,0.0,0.0,0.0,0.0,0.0,0.0,0.0,0.0,0.0,0.0,0.0,0.0,0.0,0.0,0.0,0.0,0.0,0.0,0.0,0.0,0.0,35.0,0.0
1991,SABUN SERBUK BREEZE (POWER CLEAN),750 g,PRODUK KEBERSIHAN,PENJAGAAN RUMAH,0.0,0.0,0.0,0.0,0.0,0.0,0.0,0.0,0.0,0.0,0.0,0.0,0.0,0.0,0.0,0.0,0.0,0.0,0.0,0.0,0.0,0.0,0.0,0.0,0.0,78.0,0.0
1992,SABUN SERBUK ATTACK (AROMA FRESH + COLOUR),800 g,PRODUK KEBERSIHAN,PENJAGAAN RUMAH,0.0,0.0,0.0,0.0,0.0,0.0,0.0,0.0,0.0,0.0,0.0,0.0,0.0,0.0,0.0,0.0,0.0,0.0,0.0,0.0,0.0,0.0,0.0,0.0,0.0,50.0,0.0
1993,SABUN SERBUK TOP (SUPER COLOUR),750 g,PRODUK KEBERSIHAN,PENJAGAAN RUMAH,0.0,0.0,0.0,0.0,0.0,0.0,0.0,0.0,0.0,0.0,0.0,0.0,0.0,0.0,0.0,0.0,0.0,0.0,0.0,0.0,0.0,0.0,0.0,0.0,1.0,85.0,0.0
1995,DAIA EXCELLENT WASHING POWER (EUA DE PARFUM),750 g,PRODUK KEBERSIHAN,PENJAGAAN RUMAH,0.0,0.0,0.0,0.0,0.0,0.0,0.0,0.0,0.0,0.0,0.0,0.0,0.0,0.0,0.0,0.0,0.0,0.0,0.0,0.0,0.0,0.0,0.0,0.0,1.0,127.0,0.0
1996,PELEMBUT PAKAIAN - SOFTLAN (FLORAL FANTASY),1 liter,PRODUK KEBERSIHAN,PENJAGAAN RUMAH,0.0,0.0,0.0,0.0,0.0,0.0,0.0,0.0,0.0,0.0,0.0,0.0,0.0,0.0,0.0,0.0,0.0,0.0,0.0,0.0,0.0,0.0,0.0,0.0,0.0,28.0,0.0
1998,PENCUCI PELBAGAI GUNA DETTOL (LAVENDER),2.5 liter,PRODUK KEBERSIHAN,PENJAGAAN RUMAH,0.0,0.0,0.0,0.0,0.0,0.0,0.0,0.0,0.0,0.0,0.0,0.0,0.0,0.0,0.0,0.0,0.0,0.0,0.0,0.0,0.0,0.0,0.0,0.0,0.0,2.0,0.0
1999,PENCUCI PELBAGAI GUNA MR MUSCLE (LAVENDER),2 liter,PRODUK KEBERSIHAN,PENJAGAAN RUMAH,0.0,0.0,0.0,0.0,0.0,0.0,0.0,0.0,0.0,0.0,0.0,0.0,0.0,0.0,0.0,0.0,0.0,0.0,0.0,0.0,0.0,0.0,0.0,0.0,0.0,39.0,0.0
2000,PENCUCI PELBAGAI GUNA AJAX FABULOSO (LAVENDER),2 liter,PRODUK KEBERSIHAN,PENJAGAAN RUMAH,0.0,0.0,0.0,0.0,0.0,0.0,0.0,0.0,0.0,0.0,0.0,0.0,0.0,0.0,0.0,0.0,0.0,0.0,0.0,0.0,0.0,0.0,0.0,0.0,0.0,108.0,0.0
2001,DUMEX DUPRO 2 (RUMUSAN SUSULAN),850g,SUSU DAN BARANGAN BAYI,SUSU BAYI,0.0,0.0,0.0,0.0,0.0,0.0,106.0,0.0,0.0,0.0,0.0,107.0,0.0,0.0,0.0,0.0,0.0,0.0,107.0,0.0,0.0,0.0,0.0,0.0,0.0,103.0,0.0
2002,PELUNTUR CLOROX (ORIGINAL),1 liter,PRODUK KEBERSIHAN,PENJAGAAN RUMAH,0.0,0.0,0.0,0.0,0.0,0.0,0.0,0.0,0.0,0.0,0.0,0.0,0.0,0.0,0.0,0.0,0.0,0.0,0.0,0.0,0.0,0.0,0.0,0.0,0.0,54.0,0.0
2003,BIHUN KERING IMPORT (PELBAGAI JENAMA),400 g,BARANGAN BERBUNGKUS,BIHUN,0.0,0.0,0.0,0.0,0.0,0.0,10.0,0.0,0.0,0.0,0.0,11.0,0.0,0.0,0.0,0.0,0.0,0.0,10.0,0.0,0.0,0.0,0.0,0.0,0.0,8.0,0.0
2008,SUSU TEPUNG PENUH KRIM SEGERA NESPRAY,480 g,BARANGAN BERBUNGKUS,KRIMER DAN SUSU TEPUNG,0.0,0.0,0.0,0.0,0.0,0.0,76.0,0.0,0.0,0.0,0.0,75.0,0.0,0.0,0.0,0.0,0.0,0.0,72.0,0.0,0.0,0.0,0.0,0.0,0.0,68.0,0.0
2009,DUTCH LADY 123 (BIASA),850g,SUSU DAN BARANGAN BAYI,SUSU BAYI,0.0,0.0,0.0,0.0,0.0,0.0,131.0,0.0,0.0,0.0,0.0,132.0,1.0,0.0,0.0,0.0,0.0,0.0,130.0,0.0,0.0,0.0,0.0,0.0,0.0,123.0,0.0
2010,DUTCH LADY 456 (BIASA),850g,SUSU DAN BARANGAN BAYI,SUSU BAYI,0.0,0.0,0.0,0.0,0.0,0.0,115.0,0.0,0.0,0.0,0.0,114.0,1.0,0.0,0.0,0.0,0.0,0.0,114.0,0.0,0.0,0.0,0.0,0.0,0.0,110.0,0.0
2011,KIUB SUP TOM YAM (MAGGI),6 X 10g,BARANGAN BERBUNGKUS,REMPAH RATUS (BERBUNGKUS),0.0,0.0,0.0,0.0,0.0,0.0,50.0,0.0,0.0,0.0,0.0,48.0,0.0,0.0,0.0,0.0,0.0,0.0,53.0,0.0,0.0,0.0,0.0,0.0,0.0,53.0,0.0
2012,KICAP TAMIN (DARK SOY SAUCE),350ml,BARANGAN BERBUNGKUS,KICAP DAN SOS,0.0,0.0,0.0,0.0,0.0,0.0,13.0,0.0,0.0,0.0,0.0,13.0,1.0,0.0,0.0,0.0,0.0,0.0,12.0,0.0,0.0,0.0,0.0,0.0,0.0,12.0,0.0
2013,KRAFT DAIRYLEA SINGLES CHEESE 12 SLICES,250 g,BARANGAN BERBUNGKUS,SAPUAN (SPREADS),0.0,0.0,0.0,0.0,0.0,0.0,4.0,0.0,0.0,0.0,0.0,4.0,0.0,0.0,0.0,0.0,0.0,0.0,5.0,0.0,0.0,0.0,0.0,0.0,0.0,5.0,0.0
2014,ENFAGROW A+ MIND PRO LANGKAH 3 VANILA (KOTAK),500 g,SUSU DAN BARANGAN BAYI,SUSU BAYI,0.0,0.0,0.0,0.0,0.0,0.0,14.0,0.0,0.0,0.0,0.0,15.0,0.0,0.0,0.0,0.0,0.0,0.0,15.0,0.0,0.0,0.0,0.0,0.0,0.0,15.0,0.0
2015,PETPET PANTS GOLD+,M60,SUSU DAN BARANGAN BAYI,LAMPIN PAKAI BUANG,0.0,0.0,0.0,0.0,0.0,0.0,26.0,0.0,0.0,0.0,0.0,25.0,0.0,0.0,0.0,0.0,0.0,0.0,21.0,0.0,0.0,0.0,0.0,0.0,0.0,18.0,0.0
2016,SABUN SERBUK FAB (PERFECT),680g,PRODUK KEBERSIHAN,PENJAGAAN RUMAH,0.0,0.0,0.0,0.0,0.0,0.0,0.0,0.0,0.0,0.0,0.0,0.0,0.0,0.0,0.0,0.0,0.0,0.0,0.0,0.0,0.0,0.0,0.0,0.0,0.0,29.0,0.0
2017,DYNAMO POWER GEL (PERFECT CLEAN),2.6kg,PRODUK KEBERSIHAN,PENJAGAAN RUMAH,0.0,0.0,0.0,0.0,0.0,0.0,0.0,0.0,0.0,0.0,0.0,0.0,0.0,0.0,0.0,0.0,0.0,0.0,0.0,0.0,0.0,0.0,0.0,0.0,0.0,15.0,0.0
2018,SABUN PENCUCI SUNLIGHT (LEMON),900ml,PRODUK KEBERSIHAN,PENJAGAAN RUMAH,0.0,0.0,0.0,0.0,0.0,0.0,0.0,0.0,0.0,0.0,0.0,0.0,0.0,0.0,0.0,0.0,0.0,0.0,0.0,0.0,0.0,0.0,0.0,0.0,1.0,154.0,0.0
2019,NESCAFE 3 IN 1 ORIGINAL (AROMATIC & BALANCED),25 x 18g,MINUMAN,BAHAN-BAHAN MINUMAN,0.0,0.0,0.0,0.0,0.0,0.0,0.0,0.0,0.0,0.0,0.0,0.0,0.0,0.0,0.0,0.0,0.0,0.0,0.0,0.0,0.0,0.0,0.0,0.0,0.0,129.0,0.0
2020,YOGURT LACTEL (FAT FREE) (STRAWBERRY),130g,MINUMAN,TERSEDIA MINUM,0.0,0.0,0.0,0.0,0.0,0.0,0.0,0.0,0.0,0.0,0.0,0.0,0.0,0.0,0.0,0.0,0.0,0.0,0.0,0.0,0.0,0.0,0.0,0.0,0.0,11.0,0.0
